Serial number,Wave,Region,D4.Income,D2.Gender,D3.Age,D6.Occupation,D7.Educational level
1,2025,South,"15,000,001 - 30,000,000",Female,30 - 34,5. white collar (managerial level and above),Studying/graduated from university/college and vocational school
2,2025,South,"15,000,001 - 30,000,000",Female,25 - 29,6. white collar (junior level),Studying/graduated from university/college and vocational school
3,2025,Mekong,"4,500,001 - 7,500,000",Male,25 - 29,11. student/ pupil,Studying/graduated from university/college and vocational school
4,2025,South,"Above 45,000,001",Male,36 - 40,5. white collar (managerial level and above),Studying/graduated from university/college and vocational school
5,2025,South,"Above 45,000,001",Female,19 - 24,6. white collar (junior level),Studying/graduated from university/college and vocational school
6,2025,North,"15,000,001 - 30,000,000",Male,30 - 34,5. white collar (managerial level and above),Studying/graduated from university/college and vocational school
7,2025,South,"7,500,001 - 15,000,000",Female,36 - 40,5. white collar (managerial level and above),Studying/graduated from university/college and vocational school
8,2025,Central,"15,000,001 - 30,000,000",Male,19 - 24,6. white collar (junior level),Studying/graduated from university/college and vocational school
9,2025,Central,"30,000,001 - 45,000,000",Male,25 - 29,5. white collar (managerial level and above),Studying/graduated from university/college and vocational school
10,2025,Mekong,"15,000,001 - 30,000,000",Female,36 - 40,5. white collar (managerial level and above),Studying/graduated from university/college and vocational school
11,2025,Central,"15,000,001 - 30,000,000",Male,36 - 40,5. white collar (managerial level and above),Studying/graduated from university/college and vocational school
12,2025,Mekong,"7,500,001 - 15,000,000",Female,36 - 40,8. peddle/ freelancer,Not going to school
13,2025,South,"30,000,001 - 45,000,000",Male,25 - 29,5. white collar (managerial level and above),Studying/graduated from university/college and vocational school
14,2025,South,"7,500,001 - 15,000,000",Male,36 - 40,6. white collar (junior level),Studying/graduated from university/college and vocational school
15,2025,South,"30,000,001 - 45,000,000",Female,25 - 29,6. white collar (junior level),Studying/graduated from university/college and vocational school
16,2025,South,"15,000,001 - 30,000,000",Male,30 - 34,11. student/ pupil,Studying/graduated from university/college and vocational school
17,2025,North,"7,500,001 - 15,000,000",Female,30 - 34,6. white collar (junior level),Studying/graduated from university/college and vocational school
18,2025,South,"15,000,001 - 30,000,000",Male,25 - 29,5. white collar (managerial level and above),Studying/graduated from university/college and vocational school
19,2025,South,"30,000,001 - 45,000,000",Male,25 - 29,7. blue collar/ worker,Studying/graduated from university/college and vocational school
20,2025,South,"15,000,001 - 30,000,000",Male,19 - 24,6. white collar (junior level),Studying/graduated from university/college and vocational school
21,2025,South,"7,500,001 - 15,000,000",Male,36 - 40,8. peddle/ freelancer,Studying/graduated from high school
22,2025,South,"15,000,001 - 30,000,000",Male,30 - 34,3. public sector office worker,Studying/graduated from university/college and vocational school
23,2025,North,"15,000,001 - 30,000,000",Male,25 - 29,6. white collar (junior level),Studying/graduated from university/college and vocational school
24,2025,South,"15,000,001 - 30,000,000",Female,19 - 24,11. student/ pupil,Studying/graduated from university/college and vocational school
25,2025,North,"7,500,001 - 15,000,000",Female,36 - 40,6. white collar (junior level),Studying/graduated from university/college and vocational school
26,2025,South,"15,000,001 - 30,000,000",Male,36 - 40,8. peddle/ freelancer,Studying/graduated from high school
27,2025,North,"15,000,001 - 30,000,000",Male,30 - 34,6. white collar (junior level),Studying/graduated from university/college and vocational school
28,2025,North,"4,500,001 - 7,500,000",Male,14 - 18,11. student/ pupil,Studying/graduated from secondary school
29,2025,Central,"7,500,001 - 15,000,000",Female,14 - 18,11. student/ pupil,Studying/graduated from high school
30,2025,Central,"7,500,001 - 15,000,000",Male,36 - 40,8. peddle/ freelancer,Studying/graduated from high school
31,2025,North,"7,500,001 - 15,000,000",Female,14 - 18,11. student/ pupil,Studying/graduated from high school
32,2025,Mekong,"7,500,001 - 15,000,000",Female,30 - 34,8. peddle/ freelancer,Studying/graduated from high school
33,2025,South,"15,000,001 - 30,000,000",Male,30 - 34,8. peddle/ freelancer,Studying/graduated from high school
34,2025,South,"15,000,001 - 30,000,000",Male,30 - 34,7. blue collar/ worker,Studying/graduated from high school
35,2025,North,"Above 45,000,001",Female,19 - 24,6. white collar (junior level),Studying/graduated from university/college and vocational school
36,2025,North,"15,000,001 - 30,000,000",Female,25 - 29,6. white collar (junior level),Studying/graduated from university/college and vocational school
37,2025,South,"15,000,001 - 30,000,000",Female,25 - 29,6. white collar (junior level),Studying/graduated from university/college and vocational school
38,2025,Mekong,"7,500,001 - 15,000,000",Female,19 - 24,11. student/ pupil,Studying/graduated from university/college and vocational school
39,2025,Central,"7,500,001 - 15,000,000",Male,14 - 18,11. student/ pupil,Studying/graduated from secondary school
40,2025,North,"7,500,001 - 15,000,000",Male,36 - 40,6. white collar (junior level),Studying/graduated from high school
41,2025,Central,"7,500,001 - 15,000,000",Male,14 - 18,11. student/ pupil,Studying/graduated from secondary school
42,2025,Central,"7,500,001 - 15,000,000",Female,14 - 18,17. unskilled labor,Studying/graduated from high school
43,2025,Mekong,"15,000,001 - 30,000,000",Male,25 - 29,8. peddle/ freelancer,Studying/graduated from high school
44,2025,Central,"15,000,001 - 30,000,000",Female,14 - 18,11. student/ pupil,Studying/graduated from university/college and vocational school
45,2025,Central,"15,000,001 - 30,000,000",Male,25 - 29,7. blue collar/ worker,Studying/graduated from university/college and vocational school
46,2025,Mekong,"7,500,001 - 15,000,000",Female,19 - 24,17. unskilled labor,Studying/graduated from high school
47,2025,South,"15,000,001 - 30,000,000",Female,14 - 18,11. student/ pupil,Studying/graduated from high school
48,2025,South,"7,500,001 - 15,000,000",Female,36 - 40,8. peddle/ freelancer,Studying/graduated from high school
49,2025,South,"15,000,001 - 30,000,000",Male,36 - 40,13. technician,Studying/graduated from university/college and vocational school
50,2025,South,"7,500,001 - 15,000,000",Female,36 - 40,5. white collar (managerial level and above),Studying/graduated from university/college and vocational school
51,2025,South,"15,000,001 - 30,000,000",Male,30 - 34,5. white collar (managerial level and above),Studying/graduated from university/college and vocational school
52,2025,North,"7,500,001 - 15,000,000",Male,14 - 18,11. student/ pupil,Studying/graduated from high school
53,2025,Central,"7,500,001 - 15,000,000",Male,14 - 18,11. student/ pupil,Studying/graduated from high school
54,2025,North,"15,000,001 - 30,000,000",Male,25 - 29,6. white collar (junior level),Studying/graduated from university/college and vocational school
55,2025,Central,"15,000,001 - 30,000,000",Female,36 - 40,10. housewife,Studying/graduated from high school
56,2025,Central,"15,000,001 - 30,000,000",Male,36 - 40,7. blue collar/ worker,Studying/graduated from high school
57,2025,North,"15,000,001 - 30,000,000",Female,19 - 24,11. student/ pupil,Studying/graduated from high school
58,2025,Mekong,"7,500,001 - 15,000,000",Female,36 - 40,10. housewife,Studying/graduated from primary school
59,2025,Mekong,"7,500,001 - 15,000,000",Female,19 - 24,2. owner (small busisness),Studying/graduated from secondary school
60,2025,Mekong,"7,500,001 - 15,000,000",Female,25 - 29,10. housewife,Studying/graduated from secondary school
61,2025,Mekong,"15,000,001 - 30,000,000",Male,30 - 34,17. unskilled labor,Studying/graduated from high school
62,2025,Mekong,"7,500,001 - 15,000,000",Female,14 - 18,11. student/ pupil,Studying/graduated from secondary school
63,2025,Mekong,"15,000,001 - 30,000,000",Male,36 - 40,7. blue collar/ worker,Studying/graduated from secondary school
64,2025,Mekong,"7,500,001 - 15,000,000",Female,19 - 24,8. peddle/ freelancer,Studying/graduated from university/college and vocational school
65,2025,Mekong,"15,000,001 - 30,000,000",Male,25 - 29,8. peddle/ freelancer,Studying/graduated from university/college and vocational school
66,2025,South,"15,000,001 - 30,000,000",Male,19 - 24,6. white collar (junior level),Studying/graduated from university/college and vocational school
67,2025,Mekong,"15,000,001 - 30,000,000",Female,36 - 40,17. unskilled labor,Studying/graduated from high school
68,2025,Mekong,"7,500,001 - 15,000,000",Female,30 - 34,6. white collar (junior level),Studying/graduated from university/college and vocational school
69,2025,Mekong,"7,500,001 - 15,000,000",Male,36 - 40,8. peddle/ freelancer,Studying/graduated from high school
70,2025,South,"15,000,001 - 30,000,000",Female,19 - 24,8. peddle/ freelancer,Studying/graduated from high school
71,2025,North,"7,500,001 - 15,000,000",Female,14 - 18,11. student/ pupil,Studying/graduated from high school
72,2025,South,"15,000,001 - 30,000,000",Female,30 - 34,7. blue collar/ worker,Studying/graduated from university/college and vocational school
73,2025,Central,"7,500,001 - 15,000,000",Female,36 - 40,17. unskilled labor,Studying/graduated from high school
74,2025,South,"15,000,001 - 30,000,000",Female,30 - 34,10. housewife,Studying/graduated from high school
75,2025,North,"15,000,001 - 30,000,000",Male,19 - 24,8. peddle/ freelancer,Studying/graduated from high school
76,2025,Mekong,"15,000,001 - 30,000,000",Male,19 - 24,11. student/ pupil,Studying/graduated from university/college and vocational school
77,2025,South,"15,000,001 - 30,000,000",Female,19 - 24,8. peddle/ freelancer,Studying/graduated from high school
78,2025,Mekong,"7,500,001 - 15,000,000",Male,14 - 18,11. student/ pupil,Studying/graduated from university/college and vocational school
79,2025,North,"30,000,001 - 45,000,000",Female,19 - 24,11. student/ pupil,Studying/graduated from high school
80,2025,North,"7,500,001 - 15,000,000",Female,14 - 18,11. student/ pupil,Studying/graduated from high school
81,2025,North,"15,000,001 - 30,000,000",Male,14 - 18,11. student/ pupil,Studying/graduated from high school
82,2025,North,"15,000,001 - 30,000,000",Male,14 - 18,11. student/ pupil,Studying/graduated from high school
83,2025,North,"15,000,001 - 30,000,000",Male,36 - 40,8. peddle/ freelancer,Studying/graduated from high school
84,2025,South,"7,500,001 - 15,000,000",Male,25 - 29,8. peddle/ freelancer,Studying/graduated from high school
85,2025,Central,"15,000,001 - 30,000,000",Female,14 - 18,8. peddle/ freelancer,Studying/graduated from high school
86,2025,Central,"15,000,001 - 30,000,000",Male,14 - 18,11. student/ pupil,Studying/graduated from high school
87,2025,Central,"7,500,001 - 15,000,000",Female,36 - 40,14. agricultural/ farmer,Studying/graduated from secondary school
88,2025,South,"15,000,001 - 30,000,000",Female,19 - 24,11. student/ pupil,Studying/graduated from university/college and vocational school
89,2025,Central,"7,500,001 - 15,000,000",Female,14 - 18,11. student/ pupil,Studying/graduated from high school
90,2025,Central,"15,000,001 - 30,000,000",Male,25 - 29,6. white collar (junior level),Studying/graduated from high school
91,2025,Central,"7,500,001 - 15,000,000",Male,30 - 34,6. white collar (junior level),Studying/graduated from university/college and vocational school
92,2025,North,"7,500,001 - 15,000,000",Female,36 - 40,8. peddle/ freelancer,Studying/graduated from high school
93,2025,Mekong,"7,500,001 - 15,000,000",Female,30 - 34,8. peddle/ freelancer,Studying/graduated from high school
94,2025,Mekong,"7,500,001 - 15,000,000",Female,19 - 24,10. housewife,Studying/graduated from secondary school
95,2025,Central,"7,500,001 - 15,000,000",Male,30 - 34,8. peddle/ freelancer,Studying/graduated from high school
96,2025,North,"7,500,001 - 15,000,000",Female,36 - 40,8. peddle/ freelancer,Studying/graduated from high school
97,2025,North,"7,500,001 - 15,000,000",Male,25 - 29,8. peddle/ freelancer,Studying/graduated from university/college and vocational school
98,2025,Mekong,"7,500,001 - 15,000,000",Male,14 - 18,8. peddle/ freelancer,Studying/graduated from high school
99,2025,Mekong,"15,000,001 - 30,000,000",Male,36 - 40,8. peddle/ freelancer,Studying/graduated from secondary school
100,2025,Mekong,"15,000,001 - 30,000,000",Male,19 - 24,17. unskilled labor,Studying/graduated from secondary school
101,2025,North,"7,500,001 - 15,000,000",Female,19 - 24,17. unskilled labor,Studying/graduated from high school
102,2025,North,"7,500,001 - 15,000,000",Female,36 - 40,7. blue collar/ worker,Studying/graduated from university/college and vocational school
103,2025,North,"7,500,001 - 15,000,000",Female,19 - 24,8. peddle/ freelancer,Studying/graduated from high school
104,2025,Mekong,"7,500,001 - 15,000,000",Female,30 - 34,10. housewife,Studying/graduated from secondary school
105,2025,North,"15,000,001 - 30,000,000",Male,19 - 24,17. unskilled labor,Studying/graduated from high school
106,2025,Mekong,"7,500,001 - 15,000,000",Male,36 - 40,8. peddle/ freelancer,Studying/graduated from high school
107,2025,Central,"7,500,001 - 15,000,000",Female,30 - 34,7. blue collar/ worker,Studying/graduated from high school
108,2025,North,"15,000,001 - 30,000,000",Male,36 - 40,13. technician,Studying/graduated from university/college and vocational school
109,2025,Mekong,"7,500,001 - 15,000,000",Male,36 - 40,14. agricultural/ farmer,Studying/graduated from secondary school
110,2025,Mekong,"15,000,001 - 30,000,000",Female,19 - 24,6. white collar (junior level),Studying/graduated from university/college and vocational school
111,2025,North,"7,500,001 - 15,000,000",Female,30 - 34,17. unskilled labor,Studying/graduated from high school
112,2025,North,"7,500,001 - 15,000,000",Male,30 - 34,8. peddle/ freelancer,Studying/graduated from high school
113,2025,North,"7,500,001 - 15,000,000",Female,30 - 34,10. housewife,Studying/graduated from high school
114,2025,North,"7,500,001 - 15,000,000",Male,14 - 18,11. student/ pupil,Studying/graduated from secondary school
115,2025,North,"7,500,001 - 15,000,000",Male,30 - 34,8. peddle/ freelancer,Studying/graduated from university/college and vocational school
116,2025,North,"7,500,001 - 15,000,000",Male,30 - 34,8. peddle/ freelancer,Studying/graduated from university/college and vocational school
117,2025,North,"7,500,001 - 15,000,000",Female,19 - 24,8. peddle/ freelancer,Studying/graduated from high school
118,2025,North,"15,000,001 - 30,000,000",Male,19 - 24,8. peddle/ freelancer,Studying/graduated from secondary school
119,2025,North,"15,000,001 - 30,000,000",Male,19 - 24,11. student/ pupil,Studying/graduated from university/college and vocational school
120,2025,North,"7,500,001 - 15,000,000",Male,19 - 24,11. student/ pupil,Studying/graduated from university/college and vocational school
121,2025,North,"4,500,001 - 7,500,000",Female,30 - 34,8. peddle/ freelancer,Studying/graduated from high school
122,2025,North,"7,500,001 - 15,000,000",Male,19 - 24,8. peddle/ freelancer,Studying/graduated from secondary school
123,2025,North,"15,000,001 - 30,000,000",Female,36 - 40,10. housewife,Studying/graduated from high school
124,2025,North,"15,000,001 - 30,000,000",Female,30 - 34,8. peddle/ freelancer,Studying/graduated from high school
125,2025,Central,"7,500,001 - 15,000,000",Female,25 - 29,4. professional,Studying/graduated from university/college and vocational school
126,2025,North,"15,000,001 - 30,000,000",Male,30 - 34,8. peddle/ freelancer,Studying/graduated from university/college and vocational school
127,2025,North,"7,500,001 - 15,000,000",Male,19 - 24,8. peddle/ freelancer,Studying/graduated from high school
128,2025,North,"7,500,001 - 15,000,000",Male,14 - 18,11. student/ pupil,Studying/graduated from university/college and vocational school
129,2025,Mekong,"7,500,001 - 15,000,000",Female,30 - 34,10. housewife,Studying/graduated from secondary school
130,2025,North,"15,000,001 - 30,000,000",Male,19 - 24,8. peddle/ freelancer,Studying/graduated from high school
131,2025,North,"4,500,001 - 7,500,000",Male,19 - 24,8. peddle/ freelancer,Studying/graduated from secondary school
132,2025,North,"7,500,001 - 15,000,000",Male,36 - 40,8. peddle/ freelancer,Studying/graduated from high school
133,2025,Central,"7,500,001 - 15,000,000",Female,25 - 29,6. white collar (junior level),Studying/graduated from university/college and vocational school
134,2025,Mekong,"7,500,001 - 15,000,000",Female,19 - 24,8. peddle/ freelancer,Studying/graduated from high school
135,2025,Central,"15,000,001 - 30,000,000",Male,19 - 24,17. unskilled labor,Studying/graduated from high school
136,2025,Mekong,"7,500,001 - 15,000,000",Female,30 - 34,17. unskilled labor,Studying/graduated from high school
137,2025,Mekong,"7,500,001 - 15,000,000",Female,36 - 40,10. housewife,Studying/graduated from high school
138,2025,Central,"7,500,001 - 15,000,000",Female,30 - 34,10. housewife,Studying/graduated from high school
139,2025,North,"7,500,001 - 15,000,000",Female,36 - 40,17. unskilled labor,Studying/graduated from high school
140,2025,North,"7,500,001 - 15,000,000",Female,30 - 34,10. housewife,Studying/graduated from secondary school
141,2025,Central,"4,500,001 - 7,500,000",Female,30 - 34,10. housewife,Studying/graduated from high school
142,2025,North,"7,500,001 - 15,000,000",Female,25 - 29,13. technician,Studying/graduated from university/college and vocational school
143,2025,Mekong,"7,500,001 - 15,000,000",Male,30 - 34,7. blue collar/ worker,Studying/graduated from secondary school
144,2025,Mekong,"7,500,001 - 15,000,000",Female,36 - 40,10. housewife,Studying/graduated from secondary school
145,2025,North,"7,500,001 - 15,000,000",Male,19 - 24,17. unskilled labor,Studying/graduated from high school
146,2025,Mekong,"7,500,001 - 15,000,000",Female,36 - 40,17. unskilled labor,Studying/graduated from high school
147,2025,South,"Above 45,000,001",Male,36 - 40,1. owner (large business),Studying/graduated from university/college and vocational school
148,2025,North,"7,500,001 - 15,000,000",Female,25 - 29,8. peddle/ freelancer,Studying/graduated from high school
149,2025,North,"7,500,001 - 15,000,000",Female,36 - 40,6. white collar (junior level),Studying/graduated from high school
150,2025,South,"15,000,001 - 30,000,000",Male,14 - 18,11. student/ pupil,Studying/graduated from high school
151,2025,Mekong,"7,500,001 - 15,000,000",Male,19 - 24,17. unskilled labor,Studying/graduated from secondary school
152,2025,Mekong,"7,500,001 - 15,000,000",Female,30 - 34,8. peddle/ freelancer,Studying/graduated from high school
153,2025,North,"4,500,001 - 7,500,000",Male,25 - 29,17. unskilled labor,Studying/graduated from high school
154,2025,Mekong,"7,500,001 - 15,000,000",Male,19 - 24,14. agricultural/ farmer,Studying/graduated from high school
155,2025,North,"Above 45,000,001",Male,30 - 34,4. professional,Studying/graduated from university/college and vocational school
156,2025,Mekong,"4,500,001 - 7,500,000",Female,36 - 40,10. housewife,Studying/graduated from secondary school
157,2025,North,"7,500,001 - 15,000,000",Female,36 - 40,8. peddle/ freelancer,Studying/graduated from high school
158,2025,North,"7,500,001 - 15,000,000",Female,19 - 24,8. peddle/ freelancer,Studying/graduated from high school
159,2025,Central,"15,000,001 - 30,000,000",Female,25 - 29,7. blue collar/ worker,Studying/graduated from high school
160,2025,Mekong,"4,500,001 - 7,500,000",Female,30 - 34,10. housewife,Studying/graduated from secondary school
161,2025,Mekong,"15,000,001 - 30,000,000",Female,25 - 29,6. white collar (junior level),Studying/graduated from university/college and vocational school
162,2025,Central,"7,500,001 - 15,000,000",Female,25 - 29,6. white collar (junior level),Studying/graduated from university/college and vocational school
163,2025,South,"15,000,001 - 30,000,000",Female,30 - 34,6. white collar (junior level),Studying/graduated from university/college and vocational school
164,2025,Mekong,"15,000,001 - 30,000,000",Male,36 - 40,17. unskilled labor,Studying/graduated from university/college and vocational school
165,2025,South,"30,000,001 - 45,000,000",Female,30 - 34,17. unskilled labor,Studying/graduated from university/college and vocational school
166,2025,Central,"15,000,001 - 30,000,000",Female,19 - 24,6. white collar (junior level),Studying/graduated from university/college and vocational school
167,2025,Mekong,"7,500,001 - 15,000,000",Male,36 - 40,13. technician,Studying/graduated from university/college and vocational school
168,2025,Central,"30,000,001 - 45,000,000",Male,36 - 40,4. professional,Studying/graduated from university/college and vocational school
169,2025,South,"Above 45,000,001",Male,30 - 34,2. owner (small busisness),Studying/graduated from university/college and vocational school
170,2025,Mekong,"15,000,001 - 30,000,000",Male,19 - 24,7. blue collar/ worker,Studying/graduated from high school
171,2025,North,"30,000,001 - 45,000,000",Male,19 - 24,2. owner (small busisness),Studying/graduated from university/college and vocational school
172,2025,South,"7,500,001 - 15,000,000",Female,14 - 18,11. student/ pupil,Studying/graduated from high school
173,2025,Central,"7,500,001 - 15,000,000",Female,36 - 40,8. peddle/ freelancer,Studying/graduated from high school
174,2025,Mekong,"15,000,001 - 30,000,000",Male,25 - 29,6. white collar (junior level),Studying/graduated from university/college and vocational school
175,2025,Central,"15,000,001 - 30,000,000",Male,36 - 40,5. white collar (managerial level and above),Studying/graduated from university/college and vocational school
176,2025,Central,"7,500,001 - 15,000,000",Female,30 - 34,8. peddle/ freelancer,Studying/graduated from high school
177,2025,North,"7,500,001 - 15,000,000",Female,36 - 40,10. housewife,Studying/graduated from secondary school
178,2025,Central,"7,500,001 - 15,000,000",Female,30 - 34,17. unskilled labor,Studying/graduated from university/college and vocational school
179,2025,Central,"15,000,001 - 30,000,000",Female,19 - 24,2. owner (small busisness),Studying/graduated from high school
180,2025,Central,"7,500,001 - 15,000,000",Female,25 - 29,10. housewife,Studying/graduated from university/college and vocational school
181,2025,North,"7,500,001 - 15,000,000",Male,19 - 24,8. peddle/ freelancer,Studying/graduated from university/college and vocational school
182,2025,South,"15,000,001 - 30,000,000",Female,19 - 24,11. student/ pupil,Studying/graduated from university/college and vocational school
183,2025,Mekong,"7,500,001 - 15,000,000",Male,36 - 40,17. unskilled labor,Studying/graduated from high school
184,2025,Central,"7,500,001 - 15,000,000",Male,30 - 34,8. peddle/ freelancer,Studying/graduated from high school
185,2025,North,"7,500,001 - 15,000,000",Female,25 - 29,17. unskilled labor,Studying/graduated from high school
186,2025,Mekong,"15,000,001 - 30,000,000",Male,19 - 24,11. student/ pupil,Studying/graduated from university/college and vocational school
187,2025,South,"15,000,001 - 30,000,000",Female,36 - 40,10. housewife,Studying/graduated from high school
188,2025,Mekong,"7,500,001 - 15,000,000",Male,14 - 18,8. peddle/ freelancer,Studying/graduated from high school
189,2025,North,"15,000,001 - 30,000,000",Female,30 - 34,2. owner (small busisness),Studying/graduated from high school
190,2025,Central,"15,000,001 - 30,000,000",Female,25 - 29,17. unskilled labor,Studying/graduated from university/college and vocational school
191,2025,Mekong,"7,500,001 - 15,000,000",Male,19 - 24,7. blue collar/ worker,Studying/graduated from high school
192,2025,Central,"15,000,001 - 30,000,000",Male,30 - 34,8. peddle/ freelancer,Studying/graduated from university/college and vocational school
193,2025,North,"15,000,001 - 30,000,000",Female,30 - 34,2. owner (small busisness),Studying/graduated from university/college and vocational school
194,2025,Mekong,"15,000,001 - 30,000,000",Female,25 - 29,8. peddle/ freelancer,Studying/graduated from high school
195,2025,Central,"7,500,001 - 15,000,000",Female,14 - 18,11. student/ pupil,Studying/graduated from high school
196,2025,North,"15,000,001 - 30,000,000",Female,25 - 29,6. white collar (junior level),Studying/graduated from university/college and vocational school
197,2025,Central,"7,500,001 - 15,000,000",Female,25 - 29,5. white collar (managerial level and above),Studying/graduated from university/college and vocational school
198,2025,South,"7,500,001 - 15,000,000",Female,19 - 24,8. peddle/ freelancer,Studying/graduated from university/college and vocational school
199,2025,Mekong,"4,500,001 - 7,500,000",Male,36 - 40,14. agricultural/ farmer,Studying/graduated from secondary school
200,2025,South,"15,000,001 - 30,000,000",Male,30 - 34,4. professional,Studying/graduated from university/college and vocational school
201,2025,Mekong,"15,000,001 - 30,000,000",Female,36 - 40,14. agricultural/ farmer,Studying/graduated from high school
202,2025,Central,"7,500,001 - 15,000,000",Female,14 - 18,11. student/ pupil,Studying/graduated from high school
203,2025,Central,"15,000,001 - 30,000,000",Male,19 - 24,17. unskilled labor,Studying/graduated from high school
204,2025,Mekong,"7,500,001 - 15,000,000",Female,36 - 40,8. peddle/ freelancer,Studying/graduated from secondary school
205,2025,South,"7,500,001 - 15,000,000",Male,14 - 18,11. student/ pupil,Studying/graduated from high school
206,2025,Mekong,"7,500,001 - 15,000,000",Male,19 - 24,8. peddle/ freelancer,Studying/graduated from high school
207,2025,Central,"15,000,001 - 30,000,000",Female,25 - 29,6. white collar (junior level),Studying/graduated from university/college and vocational school
208,2025,Mekong,"7,500,001 - 15,000,000",Female,30 - 34,17. unskilled labor,Studying/graduated from high school
209,2025,Central,"7,500,001 - 15,000,000",Female,36 - 40,10. housewife,Studying/graduated from high school
210,2025,Mekong,"15,000,001 - 30,000,000",Male,25 - 29,8. peddle/ freelancer,Studying/graduated from university/college and vocational school
211,2025,North,"15,000,001 - 30,000,000",Female,19 - 24,11. student/ pupil,Studying/graduated from university/college and vocational school
212,2025,Central,"3,000,001 - 4,500,000",Female,19 - 24,7. blue collar/ worker,Studying/graduated from high school
213,2025,Mekong,"7,500,001 - 15,000,000",Female,19 - 24,14. agricultural/ farmer,Studying/graduated from high school
214,2025,Mekong,"15,000,001 - 30,000,000",Female,14 - 18,11. student/ pupil,Studying/graduated from high school
215,2025,Central,"7,500,001 - 15,000,000",Male,14 - 18,11. student/ pupil,Studying/graduated from high school
216,2025,Mekong,"7,500,001 - 15,000,000",Male,25 - 29,8. peddle/ freelancer,Studying/graduated from high school
217,2025,Central,"4,500,001 - 7,500,000",Female,25 - 29,7. blue collar/ worker,Studying/graduated from high school
218,2025,Mekong,"3,000,001 - 4,500,000",Female,19 - 24,7. blue collar/ worker,Studying/graduated from high school
219,2025,South,"30,000,001 - 45,000,000",Male,19 - 24,11. student/ pupil,Studying/graduated from university/college and vocational school
220,2025,North,"4,500,001 - 7,500,000",Female,19 - 24,8. peddle/ freelancer,Studying/graduated from secondary school
221,2025,North,"7,500,001 - 15,000,000",Female,30 - 34,17. unskilled labor,Studying/graduated from high school
222,2025,Mekong,"7,500,001 - 15,000,000",Female,30 - 34,7. blue collar/ worker,Studying/graduated from university/college and vocational school
223,2025,Central,"7,500,001 - 15,000,000",Female,25 - 29,17. unskilled labor,Studying/graduated from university/college and vocational school
224,2025,Mekong,"7,500,001 - 15,000,000",Female,30 - 34,7. blue collar/ worker,Studying/graduated from high school
225,2025,North,"7,500,001 - 15,000,000",Male,14 - 18,9. unemployed,Studying/graduated from high school
226,2025,Central,"7,500,001 - 15,000,000",Female,14 - 18,11. student/ pupil,Studying/graduated from high school
227,2025,North,"4,500,001 - 7,500,000",Female,36 - 40,17. unskilled labor,Studying/graduated from secondary school
228,2025,South,"15,000,001 - 30,000,000",Female,19 - 24,11. student/ pupil,Studying/graduated from university/college and vocational school
229,2025,Mekong,"15,000,001 - 30,000,000",Male,14 - 18,11. student/ pupil,Studying/graduated from university/college and vocational school
230,2025,Mekong,"7,500,001 - 15,000,000",Male,19 - 24,8. peddle/ freelancer,Studying/graduated from university/college and vocational school
231,2025,Mekong,"7,500,001 - 15,000,000",Male,14 - 18,11. student/ pupil,Studying/graduated from high school
232,2025,Central,"7,500,001 - 15,000,000",Female,30 - 34,2. owner (small busisness),Studying/graduated from high school
233,2025,Mekong,"15,000,001 - 30,000,000",Female,19 - 24,17. unskilled labor,Studying/graduated from high school
234,2025,North,"7,500,001 - 15,000,000",Female,30 - 34,17. unskilled labor,Studying/graduated from high school
235,2025,Central,"7,500,001 - 15,000,000",Female,25 - 29,17. unskilled labor,Studying/graduated from high school
236,2025,Mekong,"7,500,001 - 15,000,000",Female,30 - 34,7. blue collar/ worker,Studying/graduated from high school
237,2025,Central,"4,500,001 - 7,500,000",Male,25 - 29,13. technician,Studying/graduated from university/college and vocational school
238,2025,North,"7,500,001 - 15,000,000",Male,14 - 18,11. student/ pupil,Studying/graduated from high school
239,2025,Mekong,"15,000,001 - 30,000,000",Female,14 - 18,7. blue collar/ worker,Studying/graduated from high school
240,2025,Mekong,"15,000,001 - 30,000,000",Female,25 - 29,8. peddle/ freelancer,Studying/graduated from high school
241,2025,Mekong,"7,500,001 - 15,000,000",Female,14 - 18,11. student/ pupil,Studying/graduated from university/college and vocational school
242,2025,South,"7,500,001 - 15,000,000",Female,25 - 29,16. salesperson,Studying/graduated from university/college and vocational school
243,2025,Central,"4,500,001 - 7,500,000",Female,25 - 29,10. housewife,Studying/graduated from university/college and vocational school
244,2025,Central,"7,500,001 - 15,000,000",Male,25 - 29,7. blue collar/ worker,Studying/graduated from high school
245,2025,Central,"7,500,001 - 15,000,000",Female,25 - 29,17. unskilled labor,Studying/graduated from high school
246,2025,Central,"7,500,001 - 15,000,000",Male,25 - 29,13. technician,Studying/graduated from university/college and vocational school
247,2025,North,"7,500,001 - 15,000,000",Female,30 - 34,10. housewife,Studying/graduated from secondary school
248,2025,North,"7,500,001 - 15,000,000",Male,30 - 34,17. unskilled labor,Studying/graduated from high school
249,2025,Central,"7,500,001 - 15,000,000",Female,19 - 24,10. housewife,Studying/graduated from high school
250,2025,Central,"7,500,001 - 15,000,000",Male,14 - 18,11. student/ pupil,Studying/graduated from high school
251,2025,Mekong,"7,500,001 - 15,000,000",Male,25 - 29,8. peddle/ freelancer,Studying/graduated from high school
252,2025,Mekong,"15,000,001 - 30,000,000",Female,25 - 29,10. housewife,Studying/graduated from high school
253,2025,Mekong,"7,500,001 - 15,000,000",Male,19 - 24,8. peddle/ freelancer,Studying/graduated from high school
254,2025,North,"15,000,001 - 30,000,000",Male,19 - 24,9. unemployed,Studying/graduated from high school
255,2025,Mekong,"7,500,001 - 15,000,000",Male,19 - 24,11. student/ pupil,Studying/graduated from university/college and vocational school
256,2025,Mekong,"7,500,001 - 15,000,000",Female,30 - 34,7. blue collar/ worker,Studying/graduated from high school
257,2025,South,"15,000,001 - 30,000,000",Male,14 - 18,11. student/ pupil,Studying/graduated from university/college and vocational school
258,2025,Mekong,"15,000,001 - 30,000,000",Female,30 - 34,10. housewife,Studying/graduated from high school
259,2025,Mekong,"15,000,001 - 30,000,000",Male,30 - 34,8. peddle/ freelancer,Studying/graduated from high school
260,2025,Central,"15,000,001 - 30,000,000",Male,30 - 34,6. white collar (junior level),Studying/graduated from university/college and vocational school
261,2025,North,"7,500,001 - 15,000,000",Female,19 - 24,10. housewife,Studying/graduated from secondary school
262,2025,Central,"15,000,001 - 30,000,000",Female,14 - 18,11. student/ pupil,Studying/graduated from secondary school
263,2025,North,"7,500,001 - 15,000,000",Male,14 - 18,11. student/ pupil,Studying/graduated from university/college and vocational school
264,2025,Central,"15,000,001 - 30,000,000",Male,36 - 40,4. professional,Studying/graduated from university/college and vocational school
265,2025,Mekong,"15,000,001 - 30,000,000",Female,30 - 34,6. white collar (junior level),Studying/graduated from university/college and vocational school
266,2025,South,"15,000,001 - 30,000,000",Female,19 - 24,6. white collar (junior level),Studying/graduated from university/college and vocational school
267,2025,Central,"15,000,001 - 30,000,000",Female,25 - 29,4. professional,Studying/graduated from university/college and vocational school
268,2025,Central,"7,500,001 - 15,000,000",Female,36 - 40,5. white collar (managerial level and above),Studying/graduated from university/college and vocational school
269,2025,Central,"7,500,001 - 15,000,000",Female,30 - 34,17. unskilled labor,Studying/graduated from high school
270,2025,Mekong,"15,000,001 - 30,000,000",Female,25 - 29,7. blue collar/ worker,Studying/graduated from university/college and vocational school
271,2025,Central,"15,000,001 - 30,000,000",Male,36 - 40,8. peddle/ freelancer,Studying/graduated from high school
272,2025,Central,"7,500,001 - 15,000,000",Female,25 - 29,8. peddle/ freelancer,Studying/graduated from university/college and vocational school
273,2025,North,"4,500,001 - 7,500,000",Female,30 - 34,7. blue collar/ worker,Studying/graduated from secondary school
274,2025,Central,"15,000,001 - 30,000,000",Male,36 - 40,4. professional,Studying/graduated from university/college and vocational school
275,2025,Central,"7,500,001 - 15,000,000",Female,25 - 29,7. blue collar/ worker,Studying/graduated from high school
276,2025,Mekong,"7,500,001 - 15,000,000",Female,19 - 24,7. blue collar/ worker,Studying/graduated from university/college and vocational school
277,2025,Mekong,"7,500,001 - 15,000,000",Female,30 - 34,8. peddle/ freelancer,Studying/graduated from secondary school
278,2025,Central,"7,500,001 - 15,000,000",Male,30 - 34,4. professional,Studying/graduated from university/college and vocational school
279,2025,Mekong,"Above 45,000,001",Male,30 - 34,5. white collar (managerial level and above),Studying/graduated from university/college and vocational school
280,2025,Central,"15,000,001 - 30,000,000",Female,36 - 40,4. professional,Studying/graduated from university/college and vocational school
281,2025,Central,"7,500,001 - 15,000,000",Male,30 - 34,8. peddle/ freelancer,Studying/graduated from university/college and vocational school
282,2025,Central,"7,500,001 - 15,000,000",Female,25 - 29,2. owner (small busisness),Studying/graduated from high school
283,2025,Central,"7,500,001 - 15,000,000",Male,36 - 40,8. peddle/ freelancer,Studying/graduated from high school
284,2025,Central,"7,500,001 - 15,000,000",Female,25 - 29,17. unskilled labor,Studying/graduated from high school
285,2025,Central,"7,500,001 - 15,000,000",Male,25 - 29,8. peddle/ freelancer,Studying/graduated from university/college and vocational school
286,2025,Mekong,"15,000,001 - 30,000,000",Female,19 - 24,6. white collar (junior level),Studying/graduated from university/college and vocational school
287,2025,Central,"15,000,001 - 30,000,000",Male,19 - 24,4. professional,Studying/graduated from university/college and vocational school
288,2025,North,"7,500,001 - 15,000,000",Female,30 - 34,7. blue collar/ worker,Studying/graduated from high school
289,2025,North,"7,500,001 - 15,000,000",Female,30 - 34,7. blue collar/ worker,Studying/graduated from high school
290,2025,Mekong,"Above 45,000,001",Female,25 - 29,6. white collar (junior level),Studying/graduated from university/college and vocational school
291,2025,Mekong,"7,500,001 - 15,000,000",Female,30 - 34,14. agricultural/ farmer,Studying/graduated from secondary school
292,2025,Mekong,"7,500,001 - 15,000,000",Female,19 - 24,8. peddle/ freelancer,Studying/graduated from secondary school
293,2025,Mekong,"7,500,001 - 15,000,000",Male,25 - 29,14. agricultural/ farmer,Studying/graduated from secondary school
294,2025,Mekong,"7,500,001 - 15,000,000",Female,25 - 29,10. housewife,Studying/graduated from secondary school
295,2025,Mekong,"15,000,001 - 30,000,000",Female,36 - 40,10. housewife,Studying/graduated from high school
296,2025,Mekong,"7,500,001 - 15,000,000",Female,14 - 18,11. student/ pupil,Studying/graduated from secondary school
297,2025,Mekong,"4,500,001 - 7,500,000",Male,14 - 18,11. student/ pupil,Studying/graduated from high school
298,2025,Mekong,"15,000,001 - 30,000,000",Female,36 - 40,10. housewife,Studying/graduated from primary school
299,2025,Mekong,"15,000,001 - 30,000,000",Female,19 - 24,11. student/ pupil,Studying/graduated from university/college and vocational school
300,2025,Mekong,"7,500,001 - 15,000,000",Female,25 - 29,10. housewife,Studying/graduated from high school
301,2025,Mekong,"7,500,001 - 15,000,000",Female,14 - 18,17. unskilled labor,Studying/graduated from high school
302,2025,Mekong,"7,500,001 - 15,000,000",Female,25 - 29,17. unskilled labor,Studying/graduated from high school
303,2025,Mekong,"7,500,001 - 15,000,000",Female,14 - 18,11. student/ pupil,Studying/graduated from high school
304,2025,Mekong,"7,500,001 - 15,000,000",Male,19 - 24,7. blue collar/ worker,Studying/graduated from high school
305,2025,Mekong,"15,000,001 - 30,000,000",Female,19 - 24,4. professional,Studying/graduated from university/college and vocational school
306,2025,Mekong,"4,500,001 - 7,500,000",Male,30 - 34,14. agricultural/ farmer,Studying/graduated from secondary school
307,2025,Mekong,"7,500,001 - 15,000,000",Female,14 - 18,11. student/ pupil,Studying/graduated from high school
308,2025,Mekong,"15,000,001 - 30,000,000",Male,19 - 24,8. peddle/ freelancer,Studying/graduated from secondary school
309,2025,North,"7,500,001 - 15,000,000",Female,36 - 40,8. peddle/ freelancer,Studying/graduated from high school
310,2025,North,"7,500,001 - 15,000,000",Male,14 - 18,11. student/ pupil,Studying/graduated from secondary school
311,2025,Central,"7,500,001 - 15,000,000",Male,14 - 18,11. student/ pupil,Studying/graduated from high school
312,2025,North,"7,500,001 - 15,000,000",Male,14 - 18,11. student/ pupil,Studying/graduated from university/college and vocational school
313,2025,North,"Above 45,000,001",Female,25 - 29,5. white collar (managerial level and above),Studying/graduated from university/college and vocational school
314,2025,Mekong,"15,000,001 - 30,000,000",Female,30 - 34,6. white collar (junior level),Studying/graduated from high school
315,2025,Central,"7,500,001 - 15,000,000",Female,30 - 34,8. peddle/ freelancer,Studying/graduated from high school
316,2025,Mekong,"15,000,001 - 30,000,000",Female,30 - 34,5. white collar (managerial level and above),Studying/graduated from university/college and vocational school
317,2025,Mekong,"15,000,001 - 30,000,000",Female,30 - 34,5. white collar (managerial level and above),Studying/graduated from university/college and vocational school
318,2025,Mekong,"15,000,001 - 30,000,000",Female,30 - 34,5. white collar (managerial level and above),Studying/graduated from university/college and vocational school
319,2025,Mekong,"15,000,001 - 30,000,000",Female,30 - 34,5. white collar (managerial level and above),Studying/graduated from university/college and vocational school
320,2025,Mekong,"7,500,001 - 15,000,000",Female,30 - 34,6. white collar (junior level),Studying/graduated from university/college and vocational school
321,2025,Mekong,"15,000,001 - 30,000,000",Female,30 - 34,6. white collar (junior level),Studying/graduated from university/college and vocational school
322,2025,Mekong,"30,000,001 - 45,000,000",Male,30 - 34,6. white collar (junior level),Studying/graduated from university/college and vocational school
323,2025,Mekong,"15,000,001 - 30,000,000",Female,30 - 34,5. white collar (managerial level and above),Studying/graduated from university/college and vocational school
324,2025,Mekong,"15,000,001 - 30,000,000",Female,30 - 34,6. white collar (junior level),Studying/graduated from university/college and vocational school
325,2025,Mekong,"15,000,001 - 30,000,000",Female,25 - 29,6. white collar (junior level),Studying/graduated from university/college and vocational school
326,2025,North,"15,000,001 - 30,000,000",Male,25 - 29,8. peddle/ freelancer,Studying/graduated from university/college and vocational school
327,2025,North,"7,500,001 - 15,000,000",Male,19 - 24,8. peddle/ freelancer,Studying/graduated from university/college and vocational school
328,2025,Central,"15,000,001 - 30,000,000",Female,30 - 34,5. white collar (managerial level and above),Studying/graduated from university/college and vocational school
329,2025,Central,"15,000,001 - 30,000,000",Female,30 - 34,6. white collar (junior level),Studying/graduated from university/college and vocational school
330,2025,North,"4,500,001 - 7,500,000",Male,19 - 24,8. peddle/ freelancer,Studying/graduated from university/college and vocational school
331,2025,Mekong,"7,500,001 - 15,000,000",Female,30 - 34,6. white collar (junior level),Studying/graduated from university/college and vocational school
332,2025,Central,"7,500,001 - 15,000,000",Female,14 - 18,11. student/ pupil,Studying/graduated from high school
333,2025,Central,"15,000,001 - 30,000,000",Female,30 - 34,6. white collar (junior level),Studying/graduated from university/college and vocational school
334,2025,Central,"7,500,001 - 15,000,000",Female,30 - 34,5. white collar (managerial level and above),Studying/graduated from university/college and vocational school
335,2025,Central,"15,000,001 - 30,000,000",Female,30 - 34,5. white collar (managerial level and above),Studying/graduated from university/college and vocational school
336,2025,Mekong,"15,000,001 - 30,000,000",Male,25 - 29,3. public sector office worker,Studying/graduated from university/college and vocational school
337,2025,North,"15,000,001 - 30,000,000",Male,19 - 24,6. white collar (junior level),Studying/graduated from university/college and vocational school
338,2025,Central,"15,000,001 - 30,000,000",Female,30 - 34,5. white collar (managerial level and above),Studying/graduated from university/college and vocational school
339,2025,Central,"15,000,001 - 30,000,000",Female,30 - 34,6. white collar (junior level),Studying/graduated from university/college and vocational school
340,2025,Central,"4,500,001 - 7,500,000",Female,30 - 34,17. unskilled labor,Studying/graduated from high school
341,2025,Central,"15,000,001 - 30,000,000",Female,25 - 29,17. unskilled labor,Studying/graduated from university/college and vocational school
342,2025,Central,"4,500,001 - 7,500,000",Male,14 - 18,11. student/ pupil,Studying/graduated from high school
343,2025,North,"15,000,001 - 30,000,000",Female,14 - 18,8. peddle/ freelancer,Studying/graduated from high school
344,2025,Mekong,"7,500,001 - 15,000,000",Female,19 - 24,10. housewife,Studying/graduated from high school
345,2025,Mekong,"7,500,001 - 15,000,000",Female,19 - 24,17. unskilled labor,Studying/graduated from secondary school
346,2025,Central,"4,500,001 - 7,500,000",Male,19 - 24,17. unskilled labor,Studying/graduated from high school
347,2025,Central,"15,000,001 - 30,000,000",Female,19 - 24,11. student/ pupil,Studying/graduated from university/college and vocational school
348,2025,Central,"15,000,001 - 30,000,000",Female,30 - 34,6. white collar (junior level),Studying/graduated from university/college and vocational school
349,2025,North,"7,500,001 - 15,000,000",Female,19 - 24,8. peddle/ freelancer,Studying/graduated from secondary school
350,2025,Mekong,"7,500,001 - 15,000,000",Male,25 - 29,6. white collar (junior level),Studying/graduated from university/college and vocational school
351,2025,Mekong,"7,500,001 - 15,000,000",Male,30 - 34,4. professional,Studying/graduated from university/college and vocational school
352,2025,Central,"7,500,001 - 15,000,000",Female,14 - 18,11. student/ pupil,Studying/graduated from university/college and vocational school
353,2025,Mekong,"7,500,001 - 15,000,000",Female,30 - 34,7. blue collar/ worker,Studying/graduated from secondary school
354,2025,North,"7,500,001 - 15,000,000",Male,30 - 34,13. technician,Studying/graduated from university/college and vocational school
355,2025,North,"15,000,001 - 30,000,000",Male,19 - 24,8. peddle/ freelancer,Studying/graduated from secondary school
356,2025,North,"7,500,001 - 15,000,000",Male,19 - 24,11. student/ pupil,Studying/graduated from university/college and vocational school
357,2025,Mekong,"7,500,001 - 15,000,000",Female,14 - 18,11. student/ pupil,Studying/graduated from high school
358,2025,North,"30,000,001 - 45,000,000",Male,30 - 34,5. white collar (managerial level and above),Studying/graduated from university/college and vocational school
359,2025,Central,"7,500,001 - 15,000,000",Male,14 - 18,13. technician,Studying/graduated from secondary school
360,2025,Central,"7,500,001 - 15,000,000",Male,30 - 34,4. professional,Studying/graduated from university/college and vocational school
361,2025,Central,"15,000,001 - 30,000,000",Female,36 - 40,4. professional,Studying/graduated from university/college and vocational school
362,2025,Mekong,"15,000,001 - 30,000,000",Female,14 - 18,11. student/ pupil,Studying/graduated from high school
363,2025,Central,"4,500,001 - 7,500,000",Female,19 - 24,6. white collar (junior level),Studying/graduated from university/college and vocational school
364,2025,Mekong,"7,500,001 - 15,000,000",Male,30 - 34,8. peddle/ freelancer,Studying/graduated from secondary school
365,2025,North,"Above 45,000,001",Female,25 - 29,5. white collar (managerial level and above),Studying/graduated from university/college and vocational school
366,2025,North,"7,500,001 - 15,000,000",Female,19 - 24,7. blue collar/ worker,Studying/graduated from high school
367,2025,North,"7,500,001 - 15,000,000",Male,36 - 40,8. peddle/ freelancer,Studying/graduated from high school
368,2025,Central,"15,000,001 - 30,000,000",Male,36 - 40,13. technician,Studying/graduated from university/college and vocational school
369,2025,Central,"7,500,001 - 15,000,000",Male,19 - 24,11. student/ pupil,Studying/graduated from university/college and vocational school
370,2025,Central,"15,000,001 - 30,000,000",Male,19 - 24,13. technician,Studying/graduated from university/college and vocational school
371,2025,Central,"15,000,001 - 30,000,000",Male,36 - 40,13. technician,Studying/graduated from high school
372,2025,Central,"7,500,001 - 15,000,000",Female,25 - 29,17. unskilled labor,Studying/graduated from high school
373,2025,Central,"3,000,001 - 4,500,000",Female,30 - 34,8. peddle/ freelancer,Studying/graduated from high school
374,2025,Central,"7,500,001 - 15,000,000",Female,25 - 29,10. housewife,Studying/graduated from high school
375,2025,Central,"15,000,001 - 30,000,000",Female,14 - 18,11. student/ pupil,Studying/graduated from high school
376,2025,Central,"7,500,001 - 15,000,000",Male,25 - 29,8. peddle/ freelancer,Studying/graduated from high school
377,2025,Central,"7,500,001 - 15,000,000",Male,14 - 18,11. student/ pupil,Studying/graduated from secondary school
378,2025,Central,"7,500,001 - 15,000,000",Female,19 - 24,8. peddle/ freelancer,Studying/graduated from high school
379,2025,North,"15,000,001 - 30,000,000",Female,36 - 40,10. housewife,Studying/graduated from high school
380,2025,Central,"7,500,001 - 15,000,000",Male,36 - 40,17. unskilled labor,Studying/graduated from high school
381,2025,North,"7,500,001 - 15,000,000",Female,36 - 40,9. unemployed,Studying/graduated from high school
382,2025,North,"15,000,001 - 30,000,000",Female,25 - 29,6. white collar (junior level),Studying/graduated from university/college and vocational school
383,2025,Central,"7,500,001 - 15,000,000",Female,36 - 40,2. owner (small busisness),Studying/graduated from high school
384,2025,Mekong,"4,500,001 - 7,500,000",Female,19 - 24,10. housewife,Studying/graduated from secondary school
385,2025,Mekong,"7,500,001 - 15,000,000",Female,19 - 24,17. unskilled labor,Studying/graduated from high school
386,2025,North,"15,000,001 - 30,000,000",Female,36 - 40,10. housewife,Studying/graduated from high school
387,2025,North,"15,000,001 - 30,000,000",Female,36 - 40,10. housewife,Studying/graduated from high school
388,2025,South,"15,000,001 - 30,000,000",Female,30 - 34,5. white collar (managerial level and above),Studying/graduated from university/college and vocational school
389,2025,North,"4,500,001 - 7,500,000",Male,19 - 24,6. white collar (junior level),Studying/graduated from university/college and vocational school
390,2025,North,"30,000,001 - 45,000,000",Female,19 - 24,11. student/ pupil,Studying/graduated from university/college and vocational school
391,2025,North,"15,000,001 - 30,000,000",Female,36 - 40,9. unemployed,Studying/graduated from high school
392,2025,North,"7,500,001 - 15,000,000",Male,19 - 24,9. unemployed,Studying/graduated from high school
393,2025,North,"15,000,001 - 30,000,000",Female,19 - 24,11. student/ pupil,Studying/graduated from high school
394,2025,North,"15,000,001 - 30,000,000",Male,25 - 29,9. unemployed,Studying/graduated from high school
395,2025,North,"15,000,001 - 30,000,000",Male,25 - 29,9. unemployed,Studying/graduated from high school
396,2025,North,"15,000,001 - 30,000,000",Female,19 - 24,4. professional,Studying/graduated from high school
397,2025,South,"Above 45,000,001",Female,30 - 34,5. white collar (managerial level and above),Studying/graduated from university/college and vocational school
398,2025,Mekong,"7,500,001 - 15,000,000",Female,30 - 34,7. blue collar/ worker,Studying/graduated from high school
399,2025,Mekong,"15,000,001 - 30,000,000",Female,36 - 40,5. white collar (managerial level and above),Studying/graduated from university/college and vocational school
400,2025,Mekong,"15,000,001 - 30,000,000",Female,36 - 40,5. white collar (managerial level and above),Studying/graduated from university/college and vocational school
401,2025,North,"15,000,001 - 30,000,000",Male,30 - 34,5. white collar (managerial level and above),Studying/graduated from university/college and vocational school
402,2025,Central,"7,500,001 - 15,000,000",Female,36 - 40,6. white collar (junior level),Studying/graduated from university/college and vocational school
403,2025,Central,"7,500,001 - 15,000,000",Female,36 - 40,8. peddle/ freelancer,Studying/graduated from high school
404,2025,North,"15,000,001 - 30,000,000",Male,19 - 24,9. unemployed,Studying/graduated from high school
405,2025,North,"7,500,001 - 15,000,000",Male,30 - 34,13. technician,Studying/graduated from high school
406,2025,Mekong,"7,500,001 - 15,000,000",Female,36 - 40,7. blue collar/ worker,Studying/graduated from high school
407,2025,Central,"15,000,001 - 30,000,000",Female,19 - 24,11. student/ pupil,Studying/graduated from university/college and vocational school
408,2025,Mekong,"7,500,001 - 15,000,000",Female,30 - 34,8. peddle/ freelancer,Studying/graduated from university/college and vocational school
409,2025,Central,"7,500,001 - 15,000,000",Female,14 - 18,11. student/ pupil,Studying/graduated from secondary school
410,2025,Mekong,"15,000,001 - 30,000,000",Female,19 - 24,10. housewife,Studying/graduated from high school
411,2025,North,"7,500,001 - 15,000,000",Female,30 - 34,10. housewife,Studying/graduated from high school
412,2025,South,"15,000,001 - 30,000,000",Male,19 - 24,6. white collar (junior level),Studying/graduated from university/college and vocational school
413,2025,Mekong,"7,500,001 - 15,000,000",Female,14 - 18,11. student/ pupil,Studying/graduated from high school
414,2025,Mekong,"7,500,001 - 15,000,000",Male,30 - 34,14. agricultural/ farmer,Studying/graduated from secondary school
415,2025,Mekong,"15,000,001 - 30,000,000",Female,25 - 29,6. white collar (junior level),Studying/graduated from university/college and vocational school
416,2025,Central,"15,000,001 - 30,000,000",Female,14 - 18,11. student/ pupil,Studying/graduated from secondary school
417,2025,North,"7,500,001 - 15,000,000",Female,14 - 18,11. student/ pupil,Studying/graduated from high school
418,2025,Mekong,"7,500,001 - 15,000,000",Male,36 - 40,7. blue collar/ worker,Studying/graduated from high school
419,2025,South,"15,000,001 - 30,000,000",Female,30 - 34,7. blue collar/ worker,Studying/graduated from high school
420,2025,Mekong,"4,500,001 - 7,500,000",Male,19 - 24,17. unskilled labor,Studying/graduated from high school
421,2025,Central,"7,500,001 - 15,000,000",Male,30 - 34,8. peddle/ freelancer,Studying/graduated from high school
422,2025,Mekong,"7,500,001 - 15,000,000",Male,36 - 40,17. unskilled labor,Studying/graduated from high school
423,2025,Mekong,"15,000,001 - 30,000,000",Female,19 - 24,11. student/ pupil,Studying/graduated from university/college and vocational school
424,2025,Mekong,"7,500,001 - 15,000,000",Female,14 - 18,11. student/ pupil,Studying/graduated from high school
425,2025,South,"15,000,001 - 30,000,000",Female,36 - 40,8. peddle/ freelancer,Studying/graduated from high school
426,2025,Central,"7,500,001 - 15,000,000",Male,25 - 29,8. peddle/ freelancer,Studying/graduated from high school
427,2025,Mekong,"7,500,001 - 15,000,000",Female,30 - 34,8. peddle/ freelancer,Studying/graduated from university/college and vocational school
428,2025,Central,"4,500,001 - 7,500,000",Male,14 - 18,11. student/ pupil,Studying/graduated from high school
429,2025,Mekong,"15,000,001 - 30,000,000",Female,14 - 18,11. student/ pupil,Studying/graduated from high school
430,2025,Central,"7,500,001 - 15,000,000",Male,19 - 24,9. unemployed,Studying/graduated from university/college and vocational school
431,2025,Central,"4,500,001 - 7,500,000",Female,30 - 34,7. blue collar/ worker,Studying/graduated from high school
432,2025,Mekong,"15,000,001 - 30,000,000",Female,25 - 29,7. blue collar/ worker,Studying/graduated from high school
433,2025,Central,"7,500,001 - 15,000,000",Female,19 - 24,9. unemployed,Studying/graduated from high school
434,2025,Central,"15,000,001 - 30,000,000",Female,14 - 18,11. student/ pupil,Studying/graduated from university/college and vocational school
435,2025,Central,"15,000,001 - 30,000,000",Female,25 - 29,8. peddle/ freelancer,Studying/graduated from university/college and vocational school
436,2025,South,"15,000,001 - 30,000,000",Male,14 - 18,11. student/ pupil,Studying/graduated from university/college and vocational school
437,2025,South,"30,000,001 - 45,000,000",Male,19 - 24,11. student/ pupil,Studying/graduated from university/college and vocational school
438,2025,Central,"15,000,001 - 30,000,000",Male,19 - 24,11. student/ pupil,Studying/graduated from university/college and vocational school
439,2025,Mekong,"7,500,001 - 15,000,000",Female,19 - 24,7. blue collar/ worker,Studying/graduated from high school
440,2025,Central,"7,500,001 - 15,000,000",Female,30 - 34,7. blue collar/ worker,Studying/graduated from high school
441,2025,Mekong,"15,000,001 - 30,000,000",Female,25 - 29,7. blue collar/ worker,Studying/graduated from high school
442,2025,South,"30,000,001 - 45,000,000",Male,25 - 29,6. white collar (junior level),Studying/graduated from university/college and vocational school
443,2025,Central,"15,000,001 - 30,000,000",Male,30 - 34,13. technician,Studying/graduated from university/college and vocational school
444,2025,South,"30,000,001 - 45,000,000",Female,19 - 24,6. white collar (junior level),Studying/graduated from university/college and vocational school
445,2025,Mekong,"7,500,001 - 15,000,000",Male,25 - 29,7. blue collar/ worker,Studying/graduated from high school
446,2025,Mekong,"15,000,001 - 30,000,000",Female,30 - 34,7. blue collar/ worker,Studying/graduated from high school
447,2025,Central,"7,500,001 - 15,000,000",Female,30 - 34,8. peddle/ freelancer,Studying/graduated from high school
448,2025,South,"15,000,001 - 30,000,000",Male,30 - 34,17. unskilled labor,Studying/graduated from university/college and vocational school
449,2025,Mekong,"15,000,001 - 30,000,000",Male,30 - 34,8. peddle/ freelancer,Studying/graduated from secondary school
450,2025,Central,"7,500,001 - 15,000,000",Female,25 - 29,17. unskilled labor,Studying/graduated from high school
451,2025,North,"7,500,001 - 15,000,000",Male,19 - 24,17. unskilled labor,Studying/graduated from high school
452,2025,Mekong,"15,000,001 - 30,000,000",Female,19 - 24,6. white collar (junior level),Studying/graduated from university/college and vocational school
453,2025,Mekong,"7,500,001 - 15,000,000",Female,30 - 34,10. housewife,Studying/graduated from high school
454,2025,Central,"15,000,001 - 30,000,000",Female,19 - 24,17. unskilled labor,Studying/graduated from high school
455,2025,North,"7,500,001 - 15,000,000",Male,19 - 24,6. white collar (junior level),Studying/graduated from university/college and vocational school
456,2025,North,"7,500,001 - 15,000,000",Female,25 - 29,6. white collar (junior level),Studying/graduated from university/college and vocational school
457,2025,North,"15,000,001 - 30,000,000",Male,36 - 40,8. peddle/ freelancer,Studying/graduated from high school
458,2025,Mekong,"7,500,001 - 15,000,000",Female,30 - 34,8. peddle/ freelancer,Studying/graduated from university/college and vocational school
459,2025,Mekong,"7,500,001 - 15,000,000",Male,25 - 29,17. unskilled labor,Studying/graduated from high school
460,2025,Central,"7,500,001 - 15,000,000",Female,25 - 29,8. peddle/ freelancer,Studying/graduated from high school
461,2025,South,"15,000,001 - 30,000,000",Female,19 - 24,6. white collar (junior level),Studying/graduated from university/college and vocational school
462,2025,Central,"7,500,001 - 15,000,000",Male,36 - 40,3. public sector office worker,Studying/graduated from university/college and vocational school
463,2025,Mekong,"7,500,001 - 15,000,000",Female,30 - 34,10. housewife,Studying/graduated from high school
464,2025,Mekong,"7,500,001 - 15,000,000",Male,14 - 18,11. student/ pupil,Studying/graduated from high school
465,2025,Mekong,"15,000,001 - 30,000,000",Male,19 - 24,17. unskilled labor,Studying/graduated from high school
466,2025,Mekong,"7,500,001 - 15,000,000",Female,30 - 34,6. white collar (junior level),Studying/graduated from university/college and vocational school
467,2025,North,"7,500,001 - 15,000,000",Male,19 - 24,7. blue collar/ worker,Studying/graduated from high school
468,2025,Mekong,"15,000,001 - 30,000,000",Female,25 - 29,6. white collar (junior level),Studying/graduated from university/college and vocational school
469,2025,Mekong,"15,000,001 - 30,000,000",Male,14 - 18,11. student/ pupil,Studying/graduated from university/college and vocational school
470,2025,Central,"4,500,001 - 7,500,000",Male,36 - 40,2. owner (small busisness),Studying/graduated from university/college and vocational school
471,2025,Central,"4,500,001 - 7,500,000",Female,36 - 40,7. blue collar/ worker,Studying/graduated from high school
472,2025,Mekong,"7,500,001 - 15,000,000",Male,30 - 34,7. blue collar/ worker,Studying/graduated from high school
473,2025,South,"7,500,001 - 15,000,000",Male,25 - 29,7. blue collar/ worker,Studying/graduated from high school
474,2025,North,"7,500,001 - 15,000,000",Female,19 - 24,6. white collar (junior level),Studying/graduated from university/college and vocational school
475,2025,Central,"4,500,001 - 7,500,000",Male,14 - 18,11. student/ pupil,Studying/graduated from high school
476,2025,South,"30,000,001 - 45,000,000",Female,14 - 18,11. student/ pupil,Studying/graduated from university/college and vocational school
477,2025,Mekong,"7,500,001 - 15,000,000",Female,30 - 34,17. unskilled labor,Studying/graduated from high school
478,2025,Central,"7,500,001 - 15,000,000",Male,30 - 34,2. owner (small busisness),Studying/graduated from university/college and vocational school
479,2025,Mekong,"15,000,001 - 30,000,000",Female,19 - 24,11. student/ pupil,Studying/graduated from university/college and vocational school
480,2025,Central,"7,500,001 - 15,000,000",Female,30 - 34,10. housewife,Studying/graduated from high school
481,2025,Central,"15,000,001 - 30,000,000",Female,25 - 29,2. owner (small busisness),Studying/graduated from university/college and vocational school
482,2025,Central,"7,500,001 - 15,000,000",Male,36 - 40,13. technician,Studying/graduated from university/college and vocational school
483,2025,Mekong,"7,500,001 - 15,000,000",Male,30 - 34,17. unskilled labor,Studying/graduated from high school
484,2025,Mekong,"7,500,001 - 15,000,000",Female,36 - 40,7. blue collar/ worker,Studying/graduated from high school
485,2025,North,"15,000,001 - 30,000,000",Female,30 - 34,4. professional,Studying/graduated from university/college and vocational school
486,2025,North,"30,000,001 - 45,000,000",Female,36 - 40,5. white collar (managerial level and above),Studying/graduated from university/college and vocational school
487,2025,Central,"7,500,001 - 15,000,000",Female,30 - 34,8. peddle/ freelancer,Studying/graduated from university/college and vocational school
488,2025,Central,"4,500,001 - 7,500,000",Female,14 - 18,8. peddle/ freelancer,Studying/graduated from high school
489,2025,Central,"7,500,001 - 15,000,000",Male,14 - 18,11. student/ pupil,Studying/graduated from high school
490,2025,Central,"7,500,001 - 15,000,000",Female,25 - 29,6. white collar (junior level),Studying/graduated from university/college and vocational school
491,2025,Central,"7,500,001 - 15,000,000",Female,36 - 40,6. white collar (junior level),Studying/graduated from high school
492,2025,Central,"15,000,001 - 30,000,000",Male,36 - 40,2. owner (small busisness),Studying/graduated from university/college and vocational school
493,2025,Central,"7,500,001 - 15,000,000",Female,14 - 18,11. student/ pupil,Studying/graduated from university/college and vocational school
494,2025,South,"7,500,001 - 15,000,000",Female,19 - 24,6. white collar (junior level),Studying/graduated from university/college and vocational school
495,2025,Central,"7,500,001 - 15,000,000",Female,30 - 34,8. peddle/ freelancer,Studying/graduated from high school
496,2025,Central,"7,500,001 - 15,000,000",Male,19 - 24,11. student/ pupil,Studying/graduated from university/college and vocational school
497,2025,South,"7,500,001 - 15,000,000",Male,19 - 24,13. technician,Studying/graduated from university/college and vocational school
498,2025,Central,"15,000,001 - 30,000,000",Male,25 - 29,13. technician,Studying/graduated from high school
499,2025,Central,"7,500,001 - 15,000,000",Male,14 - 18,11. student/ pupil,Studying/graduated from high school
500,2025,Mekong,"7,500,001 - 15,000,000",Female,14 - 18,11. student/ pupil,Studying/graduated from high school
501,2025,Mekong,"7,500,001 - 15,000,000",Female,30 - 34,10. housewife,Studying/graduated from high school
502,2025,Mekong,"15,000,001 - 30,000,000",Male,19 - 24,16. salesperson,Studying/graduated from high school
503,2025,Central,"7,500,001 - 15,000,000",Female,36 - 40,8. peddle/ freelancer,Studying/graduated from secondary school
504,2025,Mekong,"15,000,001 - 30,000,000",Female,19 - 24,8. peddle/ freelancer,Studying/graduated from high school
505,2025,South,"7,500,001 - 15,000,000",Female,14 - 18,11. student/ pupil,Studying/graduated from university/college and vocational school
506,2025,Mekong,"7,500,001 - 15,000,000",Female,25 - 29,6. white collar (junior level),Studying/graduated from university/college and vocational school
507,2025,Mekong,"7,500,001 - 15,000,000",Female,25 - 29,10. housewife,Studying/graduated from high school
508,2025,South,"15,000,001 - 30,000,000",Male,14 - 18,7. blue collar/ worker,Studying/graduated from high school
509,2025,Mekong,"15,000,001 - 30,000,000",Male,30 - 34,8. peddle/ freelancer,Studying/graduated from secondary school
510,2025,Central,"7,500,001 - 15,000,000",Female,14 - 18,8. peddle/ freelancer,Studying/graduated from high school
511,2025,Mekong,"7,500,001 - 15,000,000",Female,25 - 29,8. peddle/ freelancer,Studying/graduated from high school
512,2025,South,"15,000,001 - 30,000,000",Male,14 - 18,11. student/ pupil,Studying/graduated from high school
513,2025,Central,"15,000,001 - 30,000,000",Male,19 - 24,2. owner (small busisness),Studying/graduated from university/college and vocational school
514,2025,Mekong,"7,500,001 - 15,000,000",Male,19 - 24,7. blue collar/ worker,Studying/graduated from secondary school
515,2025,Mekong,"7,500,001 - 15,000,000",Male,14 - 18,11. student/ pupil,Studying/graduated from high school
516,2025,South,"15,000,001 - 30,000,000",Female,30 - 34,6. white collar (junior level),Studying/graduated from university/college and vocational school
517,2025,Central,"4,500,001 - 7,500,000",Female,25 - 29,8. peddle/ freelancer,Studying/graduated from high school
518,2025,Mekong,"7,500,001 - 15,000,000",Female,19 - 24,17. unskilled labor,Studying/graduated from secondary school
519,2025,South,"15,000,001 - 30,000,000",Female,14 - 18,11. student/ pupil,Studying/graduated from high school
520,2025,South,"7,500,001 - 15,000,000",Male,25 - 29,13. technician,Studying/graduated from university/college and vocational school
521,2025,Central,"15,000,001 - 30,000,000",Male,30 - 34,13. technician,Studying/graduated from high school
522,2025,North,"7,500,001 - 15,000,000",Female,30 - 34,2. owner (small busisness),Studying/graduated from high school
523,2025,North,"7,500,001 - 15,000,000",Female,36 - 40,7. blue collar/ worker,Studying/graduated from high school
524,2025,North,"7,500,001 - 15,000,000",Male,36 - 40,8. peddle/ freelancer,Studying/graduated from high school
525,2025,North,"15,000,001 - 30,000,000",Female,36 - 40,6. white collar (junior level),Studying/graduated from university/college and vocational school
526,2025,Mekong,"15,000,001 - 30,000,000",Male,19 - 24,7. blue collar/ worker,Studying/graduated from high school
527,2025,Mekong,"15,000,001 - 30,000,000",Female,25 - 29,7. blue collar/ worker,Studying/graduated from high school
528,2025,North,"7,500,001 - 15,000,000",Female,19 - 24,8. peddle/ freelancer,Studying/graduated from secondary school
529,2025,North,"7,500,001 - 15,000,000",Female,36 - 40,6. white collar (junior level),Studying/graduated from university/college and vocational school
530,2025,North,"7,500,001 - 15,000,000",Male,19 - 24,11. student/ pupil,Studying/graduated from university/college and vocational school
531,2025,Mekong,"15,000,001 - 30,000,000",Female,30 - 34,17. unskilled labor,Studying/graduated from high school
532,2025,Central,"7,500,001 - 15,000,000",Female,25 - 29,2. owner (small busisness),Studying/graduated from university/college and vocational school
533,2025,North,"7,500,001 - 15,000,000",Female,25 - 29,7. blue collar/ worker,Studying/graduated from university/college and vocational school
534,2025,Central,"7,500,001 - 15,000,000",Male,14 - 18,11. student/ pupil,Studying/graduated from secondary school
535,2025,South,"15,000,001 - 30,000,000",Male,14 - 18,11. student/ pupil,Studying/graduated from high school
536,2025,Central,"4,500,001 - 7,500,000",Male,19 - 24,11. student/ pupil,Studying/graduated from university/college and vocational school
537,2025,North,"15,000,001 - 30,000,000",Male,19 - 24,8. peddle/ freelancer,Studying/graduated from secondary school
538,2025,South,"15,000,001 - 30,000,000",Male,25 - 29,8. peddle/ freelancer,Studying/graduated from high school
539,2025,Central,"15,000,001 - 30,000,000",Female,14 - 18,11. student/ pupil,Studying/graduated from university/college and vocational school
540,2025,North,"15,000,001 - 30,000,000",Female,36 - 40,17. unskilled labor,Studying/graduated from high school
541,2025,Central,"4,500,001 - 7,500,000",Female,25 - 29,6. white collar (junior level),Studying/graduated from university/college and vocational school
542,2025,North,"4,500,001 - 7,500,000",Female,25 - 29,10. housewife,Studying/graduated from secondary school
543,2025,North,"7,500,001 - 15,000,000",Female,25 - 29,8. peddle/ freelancer,Studying/graduated from high school
544,2025,North,"7,500,001 - 15,000,000",Male,30 - 34,8. peddle/ freelancer,Studying/graduated from high school
545,2025,Central,"7,500,001 - 15,000,000",Female,30 - 34,8. peddle/ freelancer,Studying/graduated from high school
546,2025,North,"15,000,001 - 30,000,000",Female,14 - 18,11. student/ pupil,Studying/graduated from high school
547,2025,Central,"30,000,001 - 45,000,000",Male,36 - 40,6. white collar (junior level),Studying/graduated from university/college and vocational school
548,2025,North,"4,500,001 - 7,500,000",Female,19 - 24,17. unskilled labor,Studying/graduated from high school
549,2025,South,"7,500,001 - 15,000,000",Male,19 - 24,8. peddle/ freelancer,Studying/graduated from high school
550,2025,North,"15,000,001 - 30,000,000",Female,30 - 34,6. white collar (junior level),Studying/graduated from high school
551,2025,North,"7,500,001 - 15,000,000",Male,14 - 18,11. student/ pupil,Studying/graduated from high school
552,2025,North,"30,000,001 - 45,000,000",Female,36 - 40,5. white collar (managerial level and above),Studying/graduated from university/college and vocational school
553,2025,North,"7,500,001 - 15,000,000",Male,14 - 18,11. student/ pupil,Studying/graduated from high school
554,2025,North,"15,000,001 - 30,000,000",Male,14 - 18,8. peddle/ freelancer,Studying/graduated from high school
555,2025,North,"7,500,001 - 15,000,000",Male,14 - 18,11. student/ pupil,Studying/graduated from secondary school
556,2025,Central,"4,500,001 - 7,500,000",Female,14 - 18,11. student/ pupil,Studying/graduated from university/college and vocational school
557,2025,North,"30,000,001 - 45,000,000",Female,19 - 24,11. student/ pupil,Studying/graduated from university/college and vocational school
558,2025,North,"7,500,001 - 15,000,000",Male,19 - 24,17. unskilled labor,Studying/graduated from high school
559,2025,North,"15,000,001 - 30,000,000",Female,30 - 34,2. owner (small busisness),Studying/graduated from high school
560,2025,North,"4,500,001 - 7,500,000",Female,30 - 34,10. housewife,Studying/graduated from secondary school
561,2025,North,"7,500,001 - 15,000,000",Male,19 - 24,8. peddle/ freelancer,Studying/graduated from secondary school
562,2025,Central,"30,000,001 - 45,000,000",Female,36 - 40,7. blue collar/ worker,Studying/graduated from university/college and vocational school
563,2025,North,"7,500,001 - 15,000,000",Female,30 - 34,7. blue collar/ worker,Studying/graduated from secondary school
564,2025,North,"7,500,001 - 15,000,000",Male,19 - 24,8. peddle/ freelancer,Studying/graduated from high school
565,2025,North,"4,500,001 - 7,500,000",Female,30 - 34,7. blue collar/ worker,Studying/graduated from secondary school
566,2025,North,"7,500,001 - 15,000,000",Female,19 - 24,11. student/ pupil,Studying/graduated from university/college and vocational school
567,2025,North,"15,000,001 - 30,000,000",Female,30 - 34,8. peddle/ freelancer,Studying/graduated from university/college and vocational school
568,2025,North,"4,500,001 - 7,500,000",Female,30 - 34,7. blue collar/ worker,Studying/graduated from high school
569,2025,North,"15,000,001 - 30,000,000",Male,30 - 34,6. white collar (junior level),Studying/graduated from university/college and vocational school
570,2025,North,"7,500,001 - 15,000,000",Female,30 - 34,10. housewife,Studying/graduated from secondary school
571,2025,North,"15,000,001 - 30,000,000",Male,30 - 34,13. technician,Studying/graduated from university/college and vocational school
572,2025,North,"15,000,001 - 30,000,000",Female,30 - 34,7. blue collar/ worker,Studying/graduated from high school
573,2025,North,"15,000,001 - 30,000,000",Female,25 - 29,8. peddle/ freelancer,Studying/graduated from high school
574,2025,North,"7,500,001 - 15,000,000",Male,30 - 34,7. blue collar/ worker,Studying/graduated from secondary school
575,2025,North,"7,500,001 - 15,000,000",Male,25 - 29,8. peddle/ freelancer,Studying/graduated from secondary school
576,2025,North,"7,500,001 - 15,000,000",Female,14 - 18,8. peddle/ freelancer,Studying/graduated from university/college and vocational school
577,2025,Central,"7,500,001 - 15,000,000",Female,25 - 29,8. peddle/ freelancer,Studying/graduated from high school
578,2025,North,"7,500,001 - 15,000,000",Female,14 - 18,11. student/ pupil,Studying/graduated from secondary school
579,2025,North,"4,500,001 - 7,500,000",Female,25 - 29,17. unskilled labor,Studying/graduated from high school
580,2025,Central,"15,000,001 - 30,000,000",Female,25 - 29,8. peddle/ freelancer,Studying/graduated from high school
581,2025,North,"7,500,001 - 15,000,000",Female,25 - 29,17. unskilled labor,Studying/graduated from high school
582,2025,Central,"7,500,001 - 15,000,000",Male,14 - 18,11. student/ pupil,Studying/graduated from secondary school
583,2025,North,"15,000,001 - 30,000,000",Male,30 - 34,6. white collar (junior level),Studying/graduated from university/college and vocational school
584,2025,North,"7,500,001 - 15,000,000",Male,36 - 40,6. white collar (junior level),Studying/graduated from university/college and vocational school
585,2025,North,"15,000,001 - 30,000,000",Male,36 - 40,8. peddle/ freelancer,Studying/graduated from university/college and vocational school
586,2025,Central,"15,000,001 - 30,000,000",Female,36 - 40,6. white collar (junior level),Studying/graduated from university/college and vocational school
587,2025,North,"7,500,001 - 15,000,000",Female,36 - 40,8. peddle/ freelancer,Studying/graduated from high school
588,2025,North,"4,500,001 - 7,500,000",Female,19 - 24,11. student/ pupil,Studying/graduated from university/college and vocational school
589,2025,North,"7,500,001 - 15,000,000",Female,19 - 24,8. peddle/ freelancer,Studying/graduated from secondary school
590,2025,North,"7,500,001 - 15,000,000",Female,19 - 24,8. peddle/ freelancer,Studying/graduated from secondary school
591,2025,North,"15,000,001 - 30,000,000",Male,19 - 24,8. peddle/ freelancer,Studying/graduated from high school
592,2025,North,"15,000,001 - 30,000,000",Male,14 - 18,11. student/ pupil,Studying/graduated from secondary school
593,2025,North,"30,000,001 - 45,000,000",Male,36 - 40,5. white collar (managerial level and above),Studying/graduated from university/college and vocational school
594,2025,South,"15,000,001 - 30,000,000",Female,19 - 24,11. student/ pupil,Studying/graduated from university/college and vocational school
595,2025,Mekong,"15,000,001 - 30,000,000",Female,25 - 29,8. peddle/ freelancer,Studying/graduated from high school
596,2025,Mekong,"7,500,001 - 15,000,000",Female,30 - 34,10. housewife,Studying/graduated from high school
597,2025,Mekong,"15,000,001 - 30,000,000",Male,19 - 24,17. unskilled labor,Studying/graduated from high school
598,2025,North,"7,500,001 - 15,000,000",Male,19 - 24,16. salesperson,Studying/graduated from university/college and vocational school
599,2025,Mekong,"7,500,001 - 15,000,000",Female,14 - 18,11. student/ pupil,Studying/graduated from university/college and vocational school
600,2025,Mekong,"7,500,001 - 15,000,000",Male,19 - 24,17. unskilled labor,Studying/graduated from secondary school
601,2025,North,"15,000,001 - 30,000,000",Female,19 - 24,8. peddle/ freelancer,Studying/graduated from high school
602,2025,Mekong,"7,500,001 - 15,000,000",Female,19 - 24,7. blue collar/ worker,Studying/graduated from high school
603,2025,Mekong,"7,500,001 - 15,000,000",Female,19 - 24,11. student/ pupil,Studying/graduated from university/college and vocational school
604,2025,Mekong,"15,000,001 - 30,000,000",Female,19 - 24,17. unskilled labor,Studying/graduated from university/college and vocational school
605,2025,Mekong,"30,000,001 - 45,000,000",Male,19 - 24,6. white collar (junior level),Studying/graduated from university/college and vocational school
606,2025,Mekong,"15,000,001 - 30,000,000",Male,25 - 29,17. unskilled labor,Studying/graduated from secondary school
607,2025,North,"15,000,001 - 30,000,000",Male,30 - 34,3. public sector office worker,Studying/graduated from university/college and vocational school
608,2025,Central,"7,500,001 - 15,000,000",Female,30 - 34,10. housewife,Studying/graduated from university/college and vocational school
609,2025,Mekong,"15,000,001 - 30,000,000",Female,36 - 40,4. professional,Studying/graduated from university/college and vocational school
610,2025,Central,"7,500,001 - 15,000,000",Female,36 - 40,17. unskilled labor,Studying/graduated from high school
611,2025,North,"7,500,001 - 15,000,000",Female,14 - 18,11. student/ pupil,Studying/graduated from high school
612,2025,Central,"7,500,001 - 15,000,000",Male,19 - 24,8. peddle/ freelancer,Studying/graduated from high school
613,2025,North,"15,000,001 - 30,000,000",Male,19 - 24,8. peddle/ freelancer,Studying/graduated from high school
614,2025,South,"15,000,001 - 30,000,000",Female,36 - 40,5. white collar (managerial level and above),Studying/graduated from university/college and vocational school
615,2025,North,"15,000,001 - 30,000,000",Female,19 - 24,8. peddle/ freelancer,Studying/graduated from university/college and vocational school
616,2025,Central,"15,000,001 - 30,000,000",Female,19 - 24,11. student/ pupil,Studying/graduated from university/college and vocational school
617,2025,Mekong,"15,000,001 - 30,000,000",Male,19 - 24,7. blue collar/ worker,Studying/graduated from high school
618,2025,South,"7,500,001 - 15,000,000",Female,30 - 34,7. blue collar/ worker,Studying/graduated from high school
619,2025,Mekong,"7,500,001 - 15,000,000",Female,30 - 34,10. housewife,Studying/graduated from secondary school
620,2025,South,"15,000,001 - 30,000,000",Female,30 - 34,4. professional,Studying/graduated from university/college and vocational school
621,2025,South,"30,000,001 - 45,000,000",Male,25 - 29,6. white collar (junior level),Studying/graduated from university/college and vocational school
622,2025,South,"4,500,001 - 7,500,000",Male,19 - 24,11. student/ pupil,Studying/graduated from university/college and vocational school
623,2025,North,"30,000,001 - 45,000,000",Male,30 - 34,4. professional,Studying/graduated from university/college and vocational school
624,2025,South,"Above 45,000,001",Female,19 - 24,5. white collar (managerial level and above),Studying/graduated from university/college and vocational school
625,2025,North,"15,000,001 - 30,000,000",Female,19 - 24,11. student/ pupil,Studying/graduated from university/college and vocational school
626,2025,South,"Above 45,000,001",Female,25 - 29,4. professional,Studying/graduated from university/college and vocational school
627,2025,North,"15,000,001 - 30,000,000",Female,36 - 40,5. white collar (managerial level and above),Studying/graduated from university/college and vocational school
628,2025,North,"15,000,001 - 30,000,000",Female,36 - 40,5. white collar (managerial level and above),Studying/graduated from university/college and vocational school
629,2025,North,"15,000,001 - 30,000,000",Female,36 - 40,5. white collar (managerial level and above),Studying/graduated from university/college and vocational school
630,2025,South,"7,500,001 - 15,000,000",Female,30 - 34,5. white collar (managerial level and above),Studying/graduated from university/college and vocational school
631,2025,North,"7,500,001 - 15,000,000",Female,30 - 34,6. white collar (junior level),Studying/graduated from university/college and vocational school
632,2025,North,"15,000,001 - 30,000,000",Female,36 - 40,5. white collar (managerial level and above),Studying/graduated from university/college and vocational school
633,2025,South,"15,000,001 - 30,000,000",Female,30 - 34,5. white collar (managerial level and above),Studying/graduated from university/college and vocational school
634,2025,South,"7,500,001 - 15,000,000",Female,25 - 29,6. white collar (junior level),Studying/graduated from university/college and vocational school
635,2025,Central,"15,000,001 - 30,000,000",Male,25 - 29,4. professional,Studying/graduated from university/college and vocational school
636,2025,South,"7,500,001 - 15,000,000",Female,36 - 40,7. blue collar/ worker,Studying/graduated from high school
637,2025,Central,"15,000,001 - 30,000,000",Male,25 - 29,4. professional,Studying/graduated from university/college and vocational school
638,2025,South,"15,000,001 - 30,000,000",Female,30 - 34,5. white collar (managerial level and above),Studying/graduated from university/college and vocational school
639,2025,Central,"15,000,001 - 30,000,000",Male,30 - 34,6. white collar (junior level),Studying/graduated from university/college and vocational school
640,2025,Central,"15,000,001 - 30,000,000",Male,25 - 29,6. white collar (junior level),Studying/graduated from university/college and vocational school
641,2025,Central,"15,000,001 - 30,000,000",Male,36 - 40,5. white collar (managerial level and above),Studying/graduated from university/college and vocational school
642,2025,Central,"15,000,001 - 30,000,000",Female,25 - 29,5. white collar (managerial level and above),Studying/graduated from university/college and vocational school
643,2025,Central,"15,000,001 - 30,000,000",Male,30 - 34,6. white collar (junior level),Studying/graduated from university/college and vocational school
644,2025,Central,"15,000,001 - 30,000,000",Female,25 - 29,6. white collar (junior level),Studying/graduated from university/college and vocational school
645,2025,Central,"15,000,001 - 30,000,000",Female,25 - 29,6. white collar (junior level),Studying/graduated from university/college and vocational school
646,2025,Central,"15,000,001 - 30,000,000",Male,30 - 34,13. technician,Studying/graduated from university/college and vocational school
647,2025,Central,"15,000,001 - 30,000,000",Male,36 - 40,5. white collar (managerial level and above),Studying/graduated from university/college and vocational school
648,2025,North,"7,500,001 - 15,000,000",Female,30 - 34,10. housewife,Studying/graduated from high school
649,2025,Central,"7,500,001 - 15,000,000",Female,30 - 34,7. blue collar/ worker,Studying/graduated from high school
650,2025,Central,"7,500,001 - 15,000,000",Female,30 - 34,10. housewife,Studying/graduated from high school
651,2025,South,"15,000,001 - 30,000,000",Female,19 - 24,11. student/ pupil,Studying/graduated from university/college and vocational school
652,2025,South,"15,000,001 - 30,000,000",Female,30 - 34,7. blue collar/ worker,Studying/graduated from university/college and vocational school
653,2025,South,"15,000,001 - 30,000,000",Female,36 - 40,6. white collar (junior level),Studying/graduated from university/college and vocational school
654,2025,South,"15,000,001 - 30,000,000",Female,30 - 34,10. housewife,Studying/graduated from high school
655,2025,South,"15,000,001 - 30,000,000",Male,25 - 29,8. peddle/ freelancer,Studying/graduated from high school
656,2025,South,"7,500,001 - 15,000,000",Female,30 - 34,4. professional,Studying/graduated from high school
657,2025,Central,"7,500,001 - 15,000,000",Male,19 - 24,4. professional,Studying/graduated from university/college and vocational school
658,2025,Central,"15,000,001 - 30,000,000",Female,19 - 24,11. student/ pupil,Studying/graduated from high school
659,2025,Central,"15,000,001 - 30,000,000",Male,30 - 34,8. peddle/ freelancer,Studying/graduated from university/college and vocational school
660,2025,Central,"15,000,001 - 30,000,000",Female,30 - 34,6. white collar (junior level),Studying/graduated from university/college and vocational school
661,2025,Mekong,"15,000,001 - 30,000,000",Male,30 - 34,5. white collar (managerial level and above),Studying/graduated from university/college and vocational school
662,2025,North,"Above 45,000,001",Male,25 - 29,2. owner (small busisness),Studying/graduated from university/college and vocational school
663,2025,South,"15,000,001 - 30,000,000",Female,36 - 40,5. white collar (managerial level and above),Studying/graduated from university/college and vocational school
664,2025,Central,"15,000,001 - 30,000,000",Female,30 - 34,5. white collar (managerial level and above),Studying/graduated from university/college and vocational school
665,2025,North,"15,000,001 - 30,000,000",Female,25 - 29,6. white collar (junior level),Studying/graduated from university/college and vocational school
666,2025,North,"7,500,001 - 15,000,000",Female,14 - 18,11. student/ pupil,Studying/graduated from university/college and vocational school
667,2025,North,"15,000,001 - 30,000,000",Male,19 - 24,11. student/ pupil,Studying/graduated from university/college and vocational school
668,2025,Central,"15,000,001 - 30,000,000",Female,30 - 34,6. white collar (junior level),Studying/graduated from university/college and vocational school
669,2025,North,"15,000,001 - 30,000,000",Female,25 - 29,8. peddle/ freelancer,Studying/graduated from university/college and vocational school
670,2025,North,"30,000,001 - 45,000,000",Female,25 - 29,8. peddle/ freelancer,Studying/graduated from university/college and vocational school
671,2025,Mekong,"15,000,001 - 30,000,000",Female,25 - 29,7. blue collar/ worker,Studying/graduated from high school
672,2025,Mekong,"7,500,001 - 15,000,000",Male,14 - 18,11. student/ pupil,Studying/graduated from high school
673,2025,Mekong,"15,000,001 - 30,000,000",Female,19 - 24,11. student/ pupil,Studying/graduated from university/college and vocational school
674,2025,North,"7,500,001 - 15,000,000",Male,14 - 18,11. student/ pupil,Studying/graduated from university/college and vocational school
675,2025,Central,"7,500,001 - 15,000,000",Male,36 - 40,7. blue collar/ worker,Studying/graduated from high school
676,2025,Mekong,"7,500,001 - 15,000,000",Male,14 - 18,11. student/ pupil,Studying/graduated from university/college and vocational school
677,2025,Central,"15,000,001 - 30,000,000",Female,30 - 34,7. blue collar/ worker,Studying/graduated from high school
678,2025,Central,"7,500,001 - 15,000,000",Female,14 - 18,11. student/ pupil,Studying/graduated from high school
679,2025,Mekong,"7,500,001 - 15,000,000",Female,19 - 24,7. blue collar/ worker,Studying/graduated from high school
680,2025,Central,"7,500,001 - 15,000,000",Male,30 - 34,8. peddle/ freelancer,Studying/graduated from high school
681,2025,North,"15,000,001 - 30,000,000",Female,19 - 24,16. salesperson,Studying/graduated from university/college and vocational school
682,2025,Mekong,"7,500,001 - 15,000,000",Female,30 - 34,17. unskilled labor,Studying/graduated from high school
683,2025,North,"7,500,001 - 15,000,000",Male,19 - 24,16. salesperson,Studying/graduated from high school
684,2025,South,"15,000,001 - 30,000,000",Female,25 - 29,7. blue collar/ worker,Studying/graduated from high school
685,2025,South,"15,000,001 - 30,000,000",Male,36 - 40,7. blue collar/ worker,Studying/graduated from high school
686,2025,South,"30,000,001 - 45,000,000",Male,14 - 18,11. student/ pupil,Studying/graduated from high school
687,2025,South,"30,000,001 - 45,000,000",Female,14 - 18,11. student/ pupil,Studying/graduated from university/college and vocational school
688,2025,South,"15,000,001 - 30,000,000",Male,36 - 40,8. peddle/ freelancer,Studying/graduated from high school
689,2025,Mekong,"7,500,001 - 15,000,000",Male,19 - 24,8. peddle/ freelancer,Studying/graduated from secondary school
690,2025,South,"15,000,001 - 30,000,000",Female,36 - 40,6. white collar (junior level),Studying/graduated from university/college and vocational school
691,2025,North,"7,500,001 - 15,000,000",Male,14 - 18,11. student/ pupil,Studying/graduated from high school
692,2025,South,"15,000,001 - 30,000,000",Male,36 - 40,8. peddle/ freelancer,Studying/graduated from high school
693,2025,Central,"7,500,001 - 15,000,000",Male,19 - 24,8. peddle/ freelancer,Studying/graduated from high school
694,2025,Mekong,"15,000,001 - 30,000,000",Male,25 - 29,7. blue collar/ worker,Studying/graduated from high school
695,2025,South,"30,000,001 - 45,000,000",Female,36 - 40,6. white collar (junior level),Studying/graduated from university/college and vocational school
696,2025,Central,"7,500,001 - 15,000,000",Female,19 - 24,13. technician,Studying/graduated from university/college and vocational school
697,2025,Central,"4,500,001 - 7,500,000",Male,14 - 18,11. student/ pupil,Studying/graduated from university/college and vocational school
698,2025,Central,"15,000,001 - 30,000,000",Male,14 - 18,11. student/ pupil,Studying/graduated from high school
699,2025,Mekong,"7,500,001 - 15,000,000",Female,25 - 29,6. white collar (junior level),Studying/graduated from university/college and vocational school
700,2025,South,"7,500,001 - 15,000,000",Male,19 - 24,11. student/ pupil,Studying/graduated from university/college and vocational school
701,2025,North,"30,000,001 - 45,000,000",Male,36 - 40,4. professional,Studying/graduated from university/college and vocational school
702,2025,South,"7,500,001 - 15,000,000",Female,19 - 24,11. student/ pupil,Studying/graduated from university/college and vocational school
703,2025,South,"Above 45,000,001",Female,30 - 34,6. white collar (junior level),Studying/graduated from university/college and vocational school
704,2025,North,"15,000,001 - 30,000,000",Female,30 - 34,4. professional,Studying/graduated from university/college and vocational school
705,2025,North,"15,000,001 - 30,000,000",Female,30 - 34,5. white collar (managerial level and above),Studying/graduated from university/college and vocational school
706,2025,South,"30,000,001 - 45,000,000",Male,36 - 40,8. peddle/ freelancer,Studying/graduated from university/college and vocational school
707,2025,South,"15,000,001 - 30,000,000",Female,30 - 34,6. white collar (junior level),Studying/graduated from university/college and vocational school
708,2025,South,"7,500,001 - 15,000,000",Female,19 - 24,6. white collar (junior level),Studying/graduated from university/college and vocational school
709,2025,South,"30,000,001 - 45,000,000",Male,30 - 34,5. white collar (managerial level and above),Studying/graduated from university/college and vocational school
710,2025,North,"30,000,001 - 45,000,000",Male,36 - 40,4. professional,Studying/graduated from university/college and vocational school
711,2025,South,"30,000,001 - 45,000,000",Male,30 - 34,6. white collar (junior level),Studying/graduated from university/college and vocational school
712,2025,North,"15,000,001 - 30,000,000",Female,19 - 24,11. student/ pupil,Studying/graduated from university/college and vocational school
713,2025,North,"15,000,001 - 30,000,000",Female,25 - 29,5. white collar (managerial level and above),Studying/graduated from university/college and vocational school
714,2025,South,"15,000,001 - 30,000,000",Female,19 - 24,11. student/ pupil,Studying/graduated from university/college and vocational school
715,2025,North,"15,000,001 - 30,000,000",Female,19 - 24,17. unskilled labor,Studying/graduated from university/college and vocational school
716,2025,North,"30,000,001 - 45,000,000",Female,30 - 34,5. white collar (managerial level and above),Studying/graduated from university/college and vocational school
717,2025,North,"15,000,001 - 30,000,000",Male,30 - 34,5. white collar (managerial level and above),Studying/graduated from university/college and vocational school
718,2025,North,"15,000,001 - 30,000,000",Male,30 - 34,8. peddle/ freelancer,Studying/graduated from high school
719,2025,North,"30,000,001 - 45,000,000",Female,36 - 40,5. white collar (managerial level and above),Studying/graduated from university/college and vocational school
720,2025,North,"15,000,001 - 30,000,000",Female,14 - 18,11. student/ pupil,Studying/graduated from high school
721,2025,North,"4,500,001 - 7,500,000",Male,14 - 18,11. student/ pupil,Studying/graduated from secondary school
722,2025,North,"7,500,001 - 15,000,000",Female,19 - 24,8. peddle/ freelancer,Studying/graduated from university/college and vocational school
723,2025,North,"15,000,001 - 30,000,000",Male,19 - 24,6. white collar (junior level),Studying/graduated from high school
724,2025,North,"7,500,001 - 15,000,000",Male,30 - 34,6. white collar (junior level),Studying/graduated from university/college and vocational school
725,2025,North,"4,500,001 - 7,500,000",Female,25 - 29,6. white collar (junior level),Studying/graduated from university/college and vocational school
726,2025,North,"15,000,001 - 30,000,000",Male,19 - 24,7. blue collar/ worker,Studying/graduated from high school
727,2025,South,"15,000,001 - 30,000,000",Female,36 - 40,10. housewife,Studying/graduated from high school
728,2025,South,"15,000,001 - 30,000,000",Female,30 - 34,10. housewife,Studying/graduated from high school
729,2025,South,"15,000,001 - 30,000,000",Female,25 - 29,10. housewife,Studying/graduated from high school
730,2025,South,"7,500,001 - 15,000,000",Male,30 - 34,8. peddle/ freelancer,Studying/graduated from high school
731,2025,South,"7,500,001 - 15,000,000",Female,19 - 24,6. white collar (junior level),Studying/graduated from university/college and vocational school
732,2025,South,"15,000,001 - 30,000,000",Male,30 - 34,6. white collar (junior level),Studying/graduated from university/college and vocational school
733,2025,North,"Above 45,000,001",Female,14 - 18,11. student/ pupil,Studying/graduated from high school
734,2025,South,"15,000,001 - 30,000,000",Female,19 - 24,7. blue collar/ worker,Studying/graduated from high school
735,2025,North,"7,500,001 - 15,000,000",Female,36 - 40,8. peddle/ freelancer,Studying/graduated from high school
736,2025,North,"7,500,001 - 15,000,000",Male,14 - 18,11. student/ pupil,Studying/graduated from high school
737,2025,South,"15,000,001 - 30,000,000",Male,30 - 34,6. white collar (junior level),Studying/graduated from university/college and vocational school
738,2025,South,"15,000,001 - 30,000,000",Male,25 - 29,8. peddle/ freelancer,Studying/graduated from university/college and vocational school
739,2025,South,"15,000,001 - 30,000,000",Female,30 - 34,10. housewife,Studying/graduated from high school
740,2025,North,"15,000,001 - 30,000,000",Male,25 - 29,6. white collar (junior level),Studying/graduated from university/college and vocational school
741,2025,North,"Above 45,000,001",Female,25 - 29,8. peddle/ freelancer,Studying/graduated from high school
742,2025,South,"15,000,001 - 30,000,000",Male,30 - 34,17. unskilled labor,Studying/graduated from high school
743,2025,South,"15,000,001 - 30,000,000",Female,25 - 29,6. white collar (junior level),Studying/graduated from university/college and vocational school
744,2025,North,"7,500,001 - 15,000,000",Male,19 - 24,8. peddle/ freelancer,Studying/graduated from secondary school
745,2025,South,"15,000,001 - 30,000,000",Female,30 - 34,10. housewife,Studying/graduated from university/college and vocational school
746,2025,North,"15,000,001 - 30,000,000",Male,14 - 18,11. student/ pupil,Studying/graduated from university/college and vocational school
747,2025,South,"15,000,001 - 30,000,000",Female,36 - 40,8. peddle/ freelancer,Studying/graduated from high school
748,2025,North,"7,500,001 - 15,000,000",Male,19 - 24,8. peddle/ freelancer,Studying/graduated from high school
749,2025,North,"7,500,001 - 15,000,000",Female,25 - 29,8. peddle/ freelancer,Studying/graduated from high school
750,2025,South,"15,000,001 - 30,000,000",Female,19 - 24,6. white collar (junior level),Studying/graduated from university/college and vocational school
751,2025,South,"15,000,001 - 30,000,000",Female,36 - 40,10. housewife,Studying/graduated from high school
752,2025,South,"15,000,001 - 30,000,000",Female,36 - 40,10. housewife,Studying/graduated from high school
753,2025,North,"7,500,001 - 15,000,000",Male,30 - 34,8. peddle/ freelancer,Studying/graduated from university/college and vocational school
754,2025,North,"7,500,001 - 15,000,000",Female,19 - 24,8. peddle/ freelancer,Studying/graduated from high school
755,2025,North,"7,500,001 - 15,000,000",Female,19 - 24,8. peddle/ freelancer,Studying/graduated from university/college and vocational school
756,2025,North,"7,500,001 - 15,000,000",Female,25 - 29,8. peddle/ freelancer,Studying/graduated from university/college and vocational school
757,2025,North,"4,500,001 - 7,500,000",Female,25 - 29,8. peddle/ freelancer,Studying/graduated from high school
758,2025,North,"7,500,001 - 15,000,000",Male,14 - 18,11. student/ pupil,Studying/graduated from secondary school
759,2025,North,"30,000,001 - 45,000,000",Female,30 - 34,5. white collar (managerial level and above),Studying/graduated from university/college and vocational school
760,2025,North,"7,500,001 - 15,000,000",Male,19 - 24,8. peddle/ freelancer,Studying/graduated from high school
761,2025,North,"7,500,001 - 15,000,000",Male,30 - 34,8. peddle/ freelancer,Studying/graduated from high school
762,2025,North,"7,500,001 - 15,000,000",Male,14 - 18,17. unskilled labor,Studying/graduated from secondary school
763,2025,North,"7,500,001 - 15,000,000",Female,30 - 34,8. peddle/ freelancer,Studying/graduated from high school
764,2025,North,"15,000,001 - 30,000,000",Male,19 - 24,8. peddle/ freelancer,Studying/graduated from high school
765,2025,South,"Above 45,000,001",Female,25 - 29,5. white collar (managerial level and above),Studying/graduated from university/college and vocational school
766,2025,South,"7,500,001 - 15,000,000",Female,19 - 24,7. blue collar/ worker,Studying/graduated from high school
767,2025,North,"15,000,001 - 30,000,000",Female,25 - 29,6. white collar (junior level),Studying/graduated from university/college and vocational school
768,2025,South,"15,000,001 - 30,000,000",Male,36 - 40,7. blue collar/ worker,Studying/graduated from high school
769,2025,North,"15,000,001 - 30,000,000",Female,30 - 34,6. white collar (junior level),Studying/graduated from university/college and vocational school
770,2025,North,"7,500,001 - 15,000,000",Male,30 - 34,6. white collar (junior level),Studying/graduated from university/college and vocational school
771,2025,South,"30,000,001 - 45,000,000",Male,36 - 40,5. white collar (managerial level and above),Studying/graduated from university/college and vocational school
772,2025,North,"15,000,001 - 30,000,000",Male,36 - 40,5. white collar (managerial level and above),Studying/graduated from university/college and vocational school
773,2025,North,"15,000,001 - 30,000,000",Female,30 - 34,6. white collar (junior level),Studying/graduated from university/college and vocational school
774,2025,North,"7,500,001 - 15,000,000",Male,30 - 34,7. blue collar/ worker,Studying/graduated from university/college and vocational school
775,2025,South,"15,000,001 - 30,000,000",Female,30 - 34,5. white collar (managerial level and above),Studying/graduated from university/college and vocational school
776,2025,North,"7,500,001 - 15,000,000",Male,30 - 34,4. professional,Studying/graduated from university/college and vocational school
777,2025,North,"15,000,001 - 30,000,000",Female,30 - 34,5. white collar (managerial level and above),Studying/graduated from university/college and vocational school
778,2025,South,"15,000,001 - 30,000,000",Female,30 - 34,5. white collar (managerial level and above),Studying/graduated from university/college and vocational school
779,2025,South,"15,000,001 - 30,000,000",Female,30 - 34,5. white collar (managerial level and above),Studying/graduated from university/college and vocational school
780,2025,South,"15,000,001 - 30,000,000",Female,30 - 34,5. white collar (managerial level and above),Studying/graduated from university/college and vocational school
781,2025,North,"15,000,001 - 30,000,000",Female,30 - 34,8. peddle/ freelancer,Studying/graduated from high school
782,2025,North,"7,500,001 - 15,000,000",Female,25 - 29,8. peddle/ freelancer,Studying/graduated from high school
783,2025,North,"7,500,001 - 15,000,000",Female,14 - 18,11. student/ pupil,Studying/graduated from high school
784,2025,North,"15,000,001 - 30,000,000",Male,25 - 29,2. owner (small busisness),Studying/graduated from high school
785,2025,North,"7,500,001 - 15,000,000",Male,30 - 34,17. unskilled labor,Studying/graduated from high school
786,2025,North,"4,500,001 - 7,500,000",Male,30 - 34,8. peddle/ freelancer,Studying/graduated from high school
787,2025,North,"7,500,001 - 15,000,000",Female,25 - 29,17. unskilled labor,Studying/graduated from high school
788,2025,North,"7,500,001 - 15,000,000",Male,30 - 34,17. unskilled labor,Studying/graduated from high school
789,2025,North,"7,500,001 - 15,000,000",Male,25 - 29,7. blue collar/ worker,Studying/graduated from high school
790,2025,North,"15,000,001 - 30,000,000",Female,25 - 29,7. blue collar/ worker,Studying/graduated from high school
791,2025,North,"15,000,001 - 30,000,000",Male,30 - 34,8. peddle/ freelancer,Studying/graduated from university/college and vocational school
792,2025,North,"7,500,001 - 15,000,000",Female,19 - 24,17. unskilled labor,Studying/graduated from high school
793,2025,North,"15,000,001 - 30,000,000",Female,30 - 34,6. white collar (junior level),Studying/graduated from university/college and vocational school
794,2025,North,"7,500,001 - 15,000,000",Female,14 - 18,11. student/ pupil,Studying/graduated from high school
795,2025,North,"15,000,001 - 30,000,000",Male,25 - 29,6. white collar (junior level),Studying/graduated from university/college and vocational school
796,2025,North,"15,000,001 - 30,000,000",Female,36 - 40,10. housewife,Studying/graduated from high school
797,2025,North,"7,500,001 - 15,000,000",Male,14 - 18,11. student/ pupil,Studying/graduated from secondary school
798,2025,North,"7,500,001 - 15,000,000",Male,14 - 18,11. student/ pupil,Studying/graduated from high school
799,2025,North,"4,500,001 - 7,500,000",Male,14 - 18,11. student/ pupil,Studying/graduated from secondary school
800,2025,North,"7,500,001 - 15,000,000",Female,30 - 34,17. unskilled labor,Studying/graduated from high school
801,2025,North,"7,500,001 - 15,000,000",Male,14 - 18,11. student/ pupil,Studying/graduated from high school
802,2025,South,"7,500,001 - 15,000,000",Female,25 - 29,6. white collar (junior level),Studying/graduated from university/college and vocational school
803,2025,North,"15,000,001 - 30,000,000",Male,30 - 34,6. white collar (junior level),Studying/graduated from university/college and vocational school
804,2025,North,"7,500,001 - 15,000,000",Female,30 - 34,8. peddle/ freelancer,Studying/graduated from high school
805,2025,North,"15,000,001 - 30,000,000",Male,19 - 24,7. blue collar/ worker,Studying/graduated from university/college and vocational school
806,2025,North,"15,000,001 - 30,000,000",Female,30 - 34,11. student/ pupil,Studying/graduated from university/college and vocational school
807,2025,South,"15,000,001 - 30,000,000",Female,36 - 40,10. housewife,Studying/graduated from high school
808,2025,South,"15,000,001 - 30,000,000",Male,14 - 18,11. student/ pupil,Studying/graduated from high school
809,2025,South,"30,000,001 - 45,000,000",Female,14 - 18,11. student/ pupil,Studying/graduated from high school
810,2025,North,"15,000,001 - 30,000,000",Female,19 - 24,11. student/ pupil,Studying/graduated from high school
811,2025,North,"15,000,001 - 30,000,000",Female,30 - 34,10. housewife,Studying/graduated from high school
812,2025,North,"15,000,001 - 30,000,000",Male,30 - 34,8. peddle/ freelancer,Studying/graduated from high school
813,2025,South,"15,000,001 - 30,000,000",Male,19 - 24,11. student/ pupil,Studying/graduated from university/college and vocational school
814,2025,North,"15,000,001 - 30,000,000",Female,30 - 34,8. peddle/ freelancer,Studying/graduated from university/college and vocational school
815,2025,South,"15,000,001 - 30,000,000",Female,25 - 29,6. white collar (junior level),Studying/graduated from university/college and vocational school
816,2025,South,"7,500,001 - 15,000,000",Female,19 - 24,11. student/ pupil,Studying/graduated from university/college and vocational school
817,2025,South,"15,000,001 - 30,000,000",Female,30 - 34,6. white collar (junior level),Studying/graduated from university/college and vocational school
818,2025,South,"30,000,001 - 45,000,000",Female,36 - 40,6. white collar (junior level),Studying/graduated from university/college and vocational school
819,2025,North,"15,000,001 - 30,000,000",Male,19 - 24,11. student/ pupil,Studying/graduated from university/college and vocational school
820,2025,South,"30,000,001 - 45,000,000",Female,36 - 40,4. professional,Studying/graduated from university/college and vocational school
821,2025,North,"15,000,001 - 30,000,000",Female,30 - 34,5. white collar (managerial level and above),Studying/graduated from university/college and vocational school
822,2025,North,"7,500,001 - 15,000,000",Male,30 - 34,3. public sector office worker,Studying/graduated from university/college and vocational school
823,2025,North,"15,000,001 - 30,000,000",Female,30 - 34,8. peddle/ freelancer,Studying/graduated from high school
824,2025,North,"7,500,001 - 15,000,000",Female,30 - 34,6. white collar (junior level),Studying/graduated from university/college and vocational school
825,2025,South,"7,500,001 - 15,000,000",Female,14 - 18,11. student/ pupil,Studying/graduated from high school
826,2025,North,"4,500,001 - 7,500,000",Female,30 - 34,10. housewife,Studying/graduated from high school
827,2025,South,"15,000,001 - 30,000,000",Female,14 - 18,11. student/ pupil,Studying/graduated from high school
828,2025,North,"7,500,001 - 15,000,000",Female,19 - 24,6. white collar (junior level),Studying/graduated from university/college and vocational school
829,2025,North,"7,500,001 - 15,000,000",Female,19 - 24,8. peddle/ freelancer,Studying/graduated from high school
830,2025,South,"15,000,001 - 30,000,000",Female,30 - 34,6. white collar (junior level),Studying/graduated from university/college and vocational school
831,2025,North,"15,000,001 - 30,000,000",Male,19 - 24,9. unemployed,Studying/graduated from high school
832,2025,North,"7,500,001 - 15,000,000",Female,30 - 34,17. unskilled labor,Studying/graduated from high school
833,2025,North,"15,000,001 - 30,000,000",Female,14 - 18,11. student/ pupil,Studying/graduated from high school
834,2025,North,"7,500,001 - 15,000,000",Female,36 - 40,6. white collar (junior level),Studying/graduated from university/college and vocational school
835,2025,South,"15,000,001 - 30,000,000",Female,14 - 18,11. student/ pupil,Studying/graduated from high school
836,2025,North,"15,000,001 - 30,000,000",Male,30 - 34,2. owner (small busisness),Studying/graduated from high school
837,2025,North,"4,500,001 - 7,500,000",Female,30 - 34,17. unskilled labor,Studying/graduated from high school
838,2025,North,"7,500,001 - 15,000,000",Male,30 - 34,8. peddle/ freelancer,Studying/graduated from secondary school
839,2025,North,"7,500,001 - 15,000,000",Female,14 - 18,11. student/ pupil,Studying/graduated from primary school
840,2025,North,"15,000,001 - 30,000,000",Female,36 - 40,7. blue collar/ worker,Studying/graduated from university/college and vocational school
841,2025,North,"4,500,001 - 7,500,000",Female,25 - 29,8. peddle/ freelancer,Studying/graduated from secondary school
842,2025,North,"7,500,001 - 15,000,000",Female,30 - 34,10. housewife,Studying/graduated from high school
843,2025,North,"15,000,001 - 30,000,000",Male,19 - 24,8. peddle/ freelancer,Studying/graduated from secondary school
844,2025,North,"7,500,001 - 15,000,000",Male,30 - 34,8. peddle/ freelancer,Studying/graduated from high school
845,2025,North,"7,500,001 - 15,000,000",Male,30 - 34,17. unskilled labor,Studying/graduated from secondary school
846,2025,North,"7,500,001 - 15,000,000",Female,19 - 24,8. peddle/ freelancer,Studying/graduated from secondary school
847,2025,North,"7,500,001 - 15,000,000",Male,19 - 24,8. peddle/ freelancer,Studying/graduated from secondary school
848,2025,North,"7,500,001 - 15,000,000",Female,36 - 40,8. peddle/ freelancer,Studying/graduated from high school
849,2025,North,"7,500,001 - 15,000,000",Male,30 - 34,8. peddle/ freelancer,Studying/graduated from secondary school
850,2025,North,"15,000,001 - 30,000,000",Male,19 - 24,8. peddle/ freelancer,Studying/graduated from high school
851,2025,North,"7,500,001 - 15,000,000",Female,30 - 34,7. blue collar/ worker,Studying/graduated from high school
852,2025,North,"7,500,001 - 15,000,000",Female,19 - 24,8. peddle/ freelancer,Studying/graduated from secondary school
853,2025,North,"15,000,001 - 30,000,000",Male,30 - 34,5. white collar (managerial level and above),Studying/graduated from university/college and vocational school
854,2025,North,"15,000,001 - 30,000,000",Male,36 - 40,6. white collar (junior level),Studying/graduated from university/college and vocational school
855,2025,North,"7,500,001 - 15,000,000",Male,19 - 24,6. white collar (junior level),Studying/graduated from university/college and vocational school
856,2025,North,"7,500,001 - 15,000,000",Female,25 - 29,7. blue collar/ worker,Studying/graduated from university/college and vocational school
857,2025,North,"4,500,001 - 7,500,000",Female,30 - 34,17. unskilled labor,Studying/graduated from secondary school
858,2025,North,"15,000,001 - 30,000,000",Male,19 - 24,17. unskilled labor,Studying/graduated from high school
859,2025,North,"7,500,001 - 15,000,000",Male,19 - 24,8. peddle/ freelancer,Studying/graduated from secondary school
860,2025,North,"7,500,001 - 15,000,000",Male,19 - 24,11. student/ pupil,Studying/graduated from university/college and vocational school
861,2025,North,"7,500,001 - 15,000,000",Male,30 - 34,8. peddle/ freelancer,Studying/graduated from high school
862,2025,North,"4,500,001 - 7,500,000",Female,30 - 34,8. peddle/ freelancer,Studying/graduated from secondary school
863,2025,North,"7,500,001 - 15,000,000",Female,19 - 24,8. peddle/ freelancer,Studying/graduated from secondary school
864,2025,North,"7,500,001 - 15,000,000",Male,14 - 18,11. student/ pupil,Studying/graduated from secondary school
865,2025,North,"7,500,001 - 15,000,000",Female,30 - 34,7. blue collar/ worker,Studying/graduated from high school
866,2025,North,"7,500,001 - 15,000,000",Female,36 - 40,10. housewife,Studying/graduated from secondary school
867,2025,North,"15,000,001 - 30,000,000",Female,30 - 34,6. white collar (junior level),Studying/graduated from university/college and vocational school
868,2025,North,"15,000,001 - 30,000,000",Female,30 - 34,6. white collar (junior level),Studying/graduated from university/college and vocational school
869,2025,South,"15,000,001 - 30,000,000",Female,30 - 34,5. white collar (managerial level and above),Studying/graduated from university/college and vocational school
870,2025,South,"15,000,001 - 30,000,000",Female,30 - 34,5. white collar (managerial level and above),Studying/graduated from university/college and vocational school
871,2025,North,"15,000,001 - 30,000,000",Female,30 - 34,5. white collar (managerial level and above),Studying/graduated from university/college and vocational school
872,2025,North,"7,500,001 - 15,000,000",Female,30 - 34,10. housewife,Studying/graduated from university/college and vocational school
873,2025,North,"7,500,001 - 15,000,000",Male,19 - 24,8. peddle/ freelancer,Studying/graduated from secondary school
874,2025,North,"15,000,001 - 30,000,000",Female,19 - 24,10. housewife,Studying/graduated from high school
875,2025,South,"15,000,001 - 30,000,000",Female,19 - 24,11. student/ pupil,Studying/graduated from high school
876,2025,North,"15,000,001 - 30,000,000",Female,36 - 40,8. peddle/ freelancer,Studying/graduated from university/college and vocational school
877,2025,South,"15,000,001 - 30,000,000",Female,25 - 29,6. white collar (junior level),Studying/graduated from university/college and vocational school
878,2025,South,"15,000,001 - 30,000,000",Male,19 - 24,6. white collar (junior level),Studying/graduated from university/college and vocational school
879,2025,South,"15,000,001 - 30,000,000",Male,14 - 18,11. student/ pupil,Studying/graduated from high school
880,2025,North,"7,500,001 - 15,000,000",Male,30 - 34,8. peddle/ freelancer,Studying/graduated from secondary school
881,2025,North,"15,000,001 - 30,000,000",Female,30 - 34,6. white collar (junior level),Studying/graduated from university/college and vocational school
882,2025,South,"15,000,001 - 30,000,000",Male,19 - 24,6. white collar (junior level),Studying/graduated from university/college and vocational school
883,2025,North,"7,500,001 - 15,000,000",Female,19 - 24,6. white collar (junior level),Studying/graduated from university/college and vocational school
884,2025,North,"7,500,001 - 15,000,000",Male,19 - 24,11. student/ pupil,Studying/graduated from university/college and vocational school
885,2025,South,"30,000,001 - 45,000,000",Female,14 - 18,11. student/ pupil,Studying/graduated from high school
886,2025,South,"15,000,001 - 30,000,000",Male,14 - 18,11. student/ pupil,Studying/graduated from secondary school
887,2025,North,"15,000,001 - 30,000,000",Male,19 - 24,11. student/ pupil,Studying/graduated from university/college and vocational school
888,2025,South,"15,000,001 - 30,000,000",Female,25 - 29,7. blue collar/ worker,Studying/graduated from high school
889,2025,South,"30,000,001 - 45,000,000",Female,30 - 34,5. white collar (managerial level and above),Studying/graduated from university/college and vocational school
890,2025,South,"15,000,001 - 30,000,000",Male,25 - 29,8. peddle/ freelancer,Studying/graduated from high school
891,2025,South,"15,000,001 - 30,000,000",Female,30 - 34,6. white collar (junior level),Studying/graduated from university/college and vocational school
892,2025,North,"15,000,001 - 30,000,000",Female,30 - 34,5. white collar (managerial level and above),Studying/graduated from university/college and vocational school
893,2025,South,"Above 45,000,001",Female,36 - 40,5. white collar (managerial level and above),Studying/graduated from university/college and vocational school
894,2025,North,"7,500,001 - 15,000,000",Female,14 - 18,11. student/ pupil,Studying/graduated from high school
895,2025,North,"15,000,001 - 30,000,000",Male,30 - 34,2. owner (small busisness),Studying/graduated from university/college and vocational school
896,2025,North,"7,500,001 - 15,000,000",Female,25 - 29,10. housewife,Studying/graduated from secondary school
897,2025,North,"4,500,001 - 7,500,000",Male,14 - 18,8. peddle/ freelancer,Studying/graduated from secondary school
898,2025,North,"7,500,001 - 15,000,000",Female,30 - 34,17. unskilled labor,Studying/graduated from secondary school
899,2025,North,"15,000,001 - 30,000,000",Female,14 - 18,11. student/ pupil,Studying/graduated from high school
900,2025,North,"15,000,001 - 30,000,000",Female,30 - 34,8. peddle/ freelancer,Studying/graduated from high school
901,2025,North,"7,500,001 - 15,000,000",Male,30 - 34,8. peddle/ freelancer,Studying/graduated from high school
902,2025,South,"15,000,001 - 30,000,000",Female,19 - 24,11. student/ pupil,Studying/graduated from university/college and vocational school
903,2025,North,"7,500,001 - 15,000,000",Female,25 - 29,10. housewife,Studying/graduated from secondary school
904,2025,North,"15,000,001 - 30,000,000",Male,14 - 18,11. student/ pupil,Studying/graduated from high school
905,2025,North,"7,500,001 - 15,000,000",Male,19 - 24,8. peddle/ freelancer,Studying/graduated from high school
906,2025,North,"7,500,001 - 15,000,000",Female,30 - 34,8. peddle/ freelancer,Studying/graduated from high school
907,2025,North,"7,500,001 - 15,000,000",Male,14 - 18,11. student/ pupil,Studying/graduated from high school
908,2025,North,"7,500,001 - 15,000,000",Female,30 - 34,8. peddle/ freelancer,Studying/graduated from secondary school
909,2025,North,"15,000,001 - 30,000,000",Female,25 - 29,17. unskilled labor,Studying/graduated from university/college and vocational school
910,2025,North,"15,000,001 - 30,000,000",Female,25 - 29,17. unskilled labor,Studying/graduated from university/college and vocational school
911,2025,North,"7,500,001 - 15,000,000",Female,36 - 40,13. technician,Studying/graduated from high school
912,2025,North,"7,500,001 - 15,000,000",Female,30 - 34,6. white collar (junior level),Studying/graduated from university/college and vocational school
913,2025,North,"7,500,001 - 15,000,000",Female,19 - 24,8. peddle/ freelancer,Studying/graduated from high school
914,2025,North,"4,500,001 - 7,500,000",Male,25 - 29,7. blue collar/ worker,Studying/graduated from university/college and vocational school
915,2025,North,"7,500,001 - 15,000,000",Male,19 - 24,11. student/ pupil,Studying/graduated from university/college and vocational school
916,2025,North,"15,000,001 - 30,000,000",Female,19 - 24,8. peddle/ freelancer,Studying/graduated from high school
917,2025,North,"4,500,001 - 7,500,000",Female,19 - 24,8. peddle/ freelancer,Studying/graduated from high school
918,2025,North,"7,500,001 - 15,000,000",Female,19 - 24,13. technician,Studying/graduated from university/college and vocational school
919,2025,North,"4,500,001 - 7,500,000",Female,30 - 34,6. white collar (junior level),Studying/graduated from university/college and vocational school
920,2025,South,"15,000,001 - 30,000,000",Female,25 - 29,5. white collar (managerial level and above),Studying/graduated from university/college and vocational school
921,2025,North,"15,000,001 - 30,000,000",Male,30 - 34,13. technician,Studying/graduated from university/college and vocational school
922,2025,North,"15,000,001 - 30,000,000",Female,30 - 34,8. peddle/ freelancer,Studying/graduated from high school
923,2025,South,"7,500,001 - 15,000,000",Female,36 - 40,6. white collar (junior level),Studying/graduated from university/college and vocational school
924,2025,North,"7,500,001 - 15,000,000",Male,30 - 34,6. white collar (junior level),Studying/graduated from university/college and vocational school
925,2025,South,"15,000,001 - 30,000,000",Male,14 - 18,11. student/ pupil,Studying/graduated from secondary school
926,2025,North,"15,000,001 - 30,000,000",Male,14 - 18,11. student/ pupil,Studying/graduated from high school
927,2025,North,"15,000,001 - 30,000,000",Female,14 - 18,11. student/ pupil,Studying/graduated from high school
928,2025,North,"15,000,001 - 30,000,000",Female,14 - 18,11. student/ pupil,Studying/graduated from high school
929,2025,South,"15,000,001 - 30,000,000",Female,30 - 34,7. blue collar/ worker,Studying/graduated from university/college and vocational school
930,2025,North,"7,500,001 - 15,000,000",Female,36 - 40,7. blue collar/ worker,Studying/graduated from high school
931,2025,North,"7,500,001 - 15,000,000",Female,30 - 34,10. housewife,Studying/graduated from high school
932,2025,North,"7,500,001 - 15,000,000",Female,30 - 34,10. housewife,Studying/graduated from high school
933,2025,North,"7,500,001 - 15,000,000",Female,19 - 24,8. peddle/ freelancer,Studying/graduated from secondary school
934,2025,North,"7,500,001 - 15,000,000",Female,14 - 18,11. student/ pupil,Studying/graduated from high school
935,2025,North,"7,500,001 - 15,000,000",Female,30 - 34,8. peddle/ freelancer,Studying/graduated from high school
936,2025,North,"7,500,001 - 15,000,000",Female,14 - 18,11. student/ pupil,Studying/graduated from high school
937,2025,North,"7,500,001 - 15,000,000",Male,19 - 24,8. peddle/ freelancer,Studying/graduated from secondary school
938,2025,North,"4,500,001 - 7,500,000",Female,30 - 34,10. housewife,Studying/graduated from high school
939,2025,North,"7,500,001 - 15,000,000",Female,30 - 34,7. blue collar/ worker,Studying/graduated from high school
940,2025,North,"4,500,001 - 7,500,000",Female,36 - 40,10. housewife,Studying/graduated from secondary school
941,2025,North,"7,500,001 - 15,000,000",Female,19 - 24,8. peddle/ freelancer,Studying/graduated from secondary school
942,2025,North,"7,500,001 - 15,000,000",Female,36 - 40,14. agricultural/ farmer,Studying/graduated from secondary school
943,2025,South,"15,000,001 - 30,000,000",Female,30 - 34,5. white collar (managerial level and above),Studying/graduated from university/college and vocational school
944,2025,South,"30,000,001 - 45,000,000",Female,36 - 40,4. professional,Studying/graduated from university/college and vocational school
945,2025,South,"15,000,001 - 30,000,000",Female,30 - 34,6. white collar (junior level),Studying/graduated from university/college and vocational school
946,2025,North,"7,500,001 - 15,000,000",Female,30 - 34,5. white collar (managerial level and above),Studying/graduated from university/college and vocational school
947,2025,South,"15,000,001 - 30,000,000",Female,30 - 34,6. white collar (junior level),Studying/graduated from university/college and vocational school
948,2025,South,"15,000,001 - 30,000,000",Female,30 - 34,6. white collar (junior level),Studying/graduated from high school
949,2025,South,"15,000,001 - 30,000,000",Female,36 - 40,5. white collar (managerial level and above),Studying/graduated from university/college and vocational school
950,2025,North,"15,000,001 - 30,000,000",Female,25 - 29,5. white collar (managerial level and above),Studying/graduated from university/college and vocational school
951,2025,South,"15,000,001 - 30,000,000",Male,36 - 40,6. white collar (junior level),Studying/graduated from university/college and vocational school
952,2025,North,"15,000,001 - 30,000,000",Female,30 - 34,6. white collar (junior level),Studying/graduated from university/college and vocational school
953,2025,South,"15,000,001 - 30,000,000",Female,30 - 34,6. white collar (junior level),Studying/graduated from university/college and vocational school
954,2025,North,"15,000,001 - 30,000,000",Male,30 - 34,6. white collar (junior level),Studying/graduated from university/college and vocational school
955,2025,South,"15,000,001 - 30,000,000",Male,14 - 18,11. student/ pupil,Studying/graduated from high school
956,2025,South,"15,000,001 - 30,000,000",Female,36 - 40,10. housewife,Studying/graduated from university/college and vocational school
957,2025,South,"15,000,001 - 30,000,000",Female,30 - 34,7. blue collar/ worker,Studying/graduated from high school
958,2025,South,"15,000,001 - 30,000,000",Female,36 - 40,8. peddle/ freelancer,Studying/graduated from high school
959,2025,South,"15,000,001 - 30,000,000",Female,36 - 40,8. peddle/ freelancer,Studying/graduated from high school
960,2025,South,"15,000,001 - 30,000,000",Female,25 - 29,6. white collar (junior level),Studying/graduated from university/college and vocational school
961,2025,South,"15,000,001 - 30,000,000",Female,30 - 34,6. white collar (junior level),Studying/graduated from university/college and vocational school
962,2025,North,"30,000,001 - 45,000,000",Male,19 - 24,8. peddle/ freelancer,Studying/graduated from university/college and vocational school
963,2025,North,"7,500,001 - 15,000,000",Female,19 - 24,11. student/ pupil,Studying/graduated from university/college and vocational school
964,2025,South,"15,000,001 - 30,000,000",Female,14 - 18,11. student/ pupil,Studying/graduated from university/college and vocational school
965,2025,North,"15,000,001 - 30,000,000",Male,30 - 34,16. salesperson,Studying/graduated from university/college and vocational school
966,2025,South,"15,000,001 - 30,000,000",Female,36 - 40,8. peddle/ freelancer,Studying/graduated from high school
967,2025,North,"30,000,001 - 45,000,000",Female,14 - 18,11. student/ pupil,Studying/graduated from high school
968,2025,South,"15,000,001 - 30,000,000",Female,36 - 40,8. peddle/ freelancer,Studying/graduated from high school
969,2025,North,"7,500,001 - 15,000,000",Male,19 - 24,11. student/ pupil,Studying/graduated from university/college and vocational school
970,2025,North,"15,000,001 - 30,000,000",Male,14 - 18,11. student/ pupil,Studying/graduated from university/college and vocational school
971,2025,North,"15,000,001 - 30,000,000",Male,30 - 34,6. white collar (junior level),Studying/graduated from university/college and vocational school
972,2025,South,"15,000,001 - 30,000,000",Female,14 - 18,11. student/ pupil,Studying/graduated from high school
973,2025,South,"Above 45,000,001",Female,30 - 34,4. professional,Studying/graduated from university/college and vocational school
974,2025,North,"30,000,001 - 45,000,000",Female,19 - 24,11. student/ pupil,Studying/graduated from university/college and vocational school
975,2025,North,"7,500,001 - 15,000,000",Female,25 - 29,6. white collar (junior level),Studying/graduated from university/college and vocational school
976,2025,North,"7,500,001 - 15,000,000",Female,25 - 29,6. white collar (junior level),Studying/graduated from high school
977,2025,South,"15,000,001 - 30,000,000",Female,14 - 18,11. student/ pupil,Studying/graduated from high school
978,2025,North,"7,500,001 - 15,000,000",Male,19 - 24,11. student/ pupil,Studying/graduated from university/college and vocational school
979,2025,South,"15,000,001 - 30,000,000",Male,30 - 34,5. white collar (managerial level and above),Studying/graduated from university/college and vocational school
980,2025,South,"7,500,001 - 15,000,000",Female,36 - 40,10. housewife,Studying/graduated from high school
981,2025,South,"15,000,001 - 30,000,000",Female,30 - 34,8. peddle/ freelancer,Studying/graduated from high school
982,2025,South,"15,000,001 - 30,000,000",Male,14 - 18,11. student/ pupil,Studying/graduated from university/college and vocational school
983,2025,North,"15,000,001 - 30,000,000",Female,30 - 34,8. peddle/ freelancer,Studying/graduated from high school
984,2025,South,"15,000,001 - 30,000,000",Female,36 - 40,6. white collar (junior level),Studying/graduated from university/college and vocational school
985,2025,North,"7,500,001 - 15,000,000",Female,25 - 29,17. unskilled labor,Studying/graduated from high school
986,2025,South,"15,000,001 - 30,000,000",Male,14 - 18,11. student/ pupil,Studying/graduated from high school
987,2025,South,"15,000,001 - 30,000,000",Male,25 - 29,6. white collar (junior level),Studying/graduated from university/college and vocational school
988,2025,North,"15,000,001 - 30,000,000",Female,14 - 18,11. student/ pupil,Studying/graduated from high school
989,2025,South,"15,000,001 - 30,000,000",Female,19 - 24,6. white collar (junior level),Studying/graduated from university/college and vocational school
990,2025,South,"15,000,001 - 30,000,000",Male,19 - 24,6. white collar (junior level),Studying/graduated from university/college and vocational school
991,2025,North,"15,000,001 - 30,000,000",Male,30 - 34,16. salesperson,Studying/graduated from university/college and vocational school
992,2025,North,"7,500,001 - 15,000,000",Male,19 - 24,17. unskilled labor,Studying/graduated from high school
993,2025,North,"15,000,001 - 30,000,000",Female,19 - 24,17. unskilled labor,Studying/graduated from high school
994,2025,North,"15,000,001 - 30,000,000",Male,19 - 24,6. white collar (junior level),Studying/graduated from university/college and vocational school
995,2025,North,"4,500,001 - 7,500,000",Female,14 - 18,11. student/ pupil,Studying/graduated from high school
996,2025,North,"7,500,001 - 15,000,000",Male,36 - 40,5. white collar (managerial level and above),Studying/graduated from university/college and vocational school
997,2025,South,"15,000,001 - 30,000,000",Male,14 - 18,11. student/ pupil,Studying/graduated from high school
998,2025,South,"7,500,001 - 15,000,000",Female,30 - 34,10. housewife,Studying/graduated from high school
999,2025,South,"7,500,001 - 15,000,000",Female,14 - 18,11. student/ pupil,Studying/graduated from high school
1000,2025,South,"15,000,001 - 30,000,000",Male,19 - 24,6. white collar (junior level),Studying/graduated from university/college and vocational school
1001,2025,North,"30,000,001 - 45,000,000",Male,25 - 29,5. white collar (managerial level and above),Studying/graduated from university/college and vocational school
1002,2025,South,"30,000,001 - 45,000,000",Female,36 - 40,5. white collar (managerial level and above),Studying/graduated from university/college and vocational school
1003,2025,South,"Above 45,000,001",Male,25 - 29,4. professional,Studying/graduated from university/college and vocational school
1004,2025,South,"15,000,001 - 30,000,000",Female,36 - 40,6. white collar (junior level),Studying/graduated from university/college and vocational school
1005,2025,South,"15,000,001 - 30,000,000",Female,36 - 40,6. white collar (junior level),Studying/graduated from university/college and vocational school
1006,2025,North,"15,000,001 - 30,000,000",Male,30 - 34,3. public sector office worker,Studying/graduated from university/college and vocational school
1007,2025,South,"Above 45,000,001",Female,36 - 40,2. owner (small busisness),Studying/graduated from university/college and vocational school
1008,2025,South,"15,000,001 - 30,000,000",Male,36 - 40,5. white collar (managerial level and above),Studying/graduated from university/college and vocational school
1009,2025,South,"15,000,001 - 30,000,000",Male,19 - 24,11. student/ pupil,Studying/graduated from university/college and vocational school
1010,2025,South,"15,000,001 - 30,000,000",Female,19 - 24,7. blue collar/ worker,Studying/graduated from high school
1011,2025,South,"15,000,001 - 30,000,000",Male,19 - 24,11. student/ pupil,Studying/graduated from university/college and vocational school
1012,2025,North,"7,500,001 - 15,000,000",Female,30 - 34,6. white collar (junior level),Studying/graduated from university/college and vocational school
1013,2025,North,"4,500,001 - 7,500,000",Female,25 - 29,8. peddle/ freelancer,Studying/graduated from high school
1014,2025,North,"15,000,001 - 30,000,000",Female,25 - 29,6. white collar (junior level),Studying/graduated from university/college and vocational school
1015,2025,South,"15,000,001 - 30,000,000",Male,30 - 34,6. white collar (junior level),Studying/graduated from university/college and vocational school
1016,2025,North,"15,000,001 - 30,000,000",Female,30 - 34,6. white collar (junior level),Studying/graduated from university/college and vocational school
1017,2025,North,"7,500,001 - 15,000,000",Female,25 - 29,8. peddle/ freelancer,Studying/graduated from high school
1018,2025,North,"Above 45,000,001",Male,19 - 24,11. student/ pupil,Studying/graduated from high school
1019,2025,South,"15,000,001 - 30,000,000",Female,19 - 24,7. blue collar/ worker,Studying/graduated from high school
1020,2025,South,"15,000,001 - 30,000,000",Female,25 - 29,17. unskilled labor,Studying/graduated from high school
1021,2025,South,"15,000,001 - 30,000,000",Female,19 - 24,11. student/ pupil,Studying/graduated from university/college and vocational school
1022,2025,South,"15,000,001 - 30,000,000",Female,19 - 24,17. unskilled labor,Studying/graduated from high school
1023,2025,South,"15,000,001 - 30,000,000",Female,25 - 29,8. peddle/ freelancer,Studying/graduated from high school
1024,2025,North,"7,500,001 - 15,000,000",Female,25 - 29,5. white collar (managerial level and above),Studying/graduated from university/college and vocational school
1025,2025,North,"7,500,001 - 15,000,000",Male,14 - 18,11. student/ pupil,Studying/graduated from secondary school
1026,2025,North,"15,000,001 - 30,000,000",Female,19 - 24,10. housewife,Studying/graduated from high school
1027,2025,North,"15,000,001 - 30,000,000",Male,30 - 34,13. technician,Studying/graduated from university/college and vocational school
1028,2025,North,"15,000,001 - 30,000,000",Male,19 - 24,11. student/ pupil,Studying/graduated from university/college and vocational school
1029,2025,South,"7,500,001 - 15,000,000",Female,30 - 34,7. blue collar/ worker,Studying/graduated from high school
1030,2025,South,"15,000,001 - 30,000,000",Male,36 - 40,17. unskilled labor,Studying/graduated from high school
1031,2025,South,"15,000,001 - 30,000,000",Female,19 - 24,16. salesperson,Studying/graduated from high school
1032,2025,South,"15,000,001 - 30,000,000",Female,30 - 34,8. peddle/ freelancer,Studying/graduated from high school
1033,2025,South,"15,000,001 - 30,000,000",Male,25 - 29,7. blue collar/ worker,Studying/graduated from high school
1034,2025,South,"30,000,001 - 45,000,000",Male,30 - 34,5. white collar (managerial level and above),Studying/graduated from university/college and vocational school
1035,2025,South,"15,000,001 - 30,000,000",Female,14 - 18,11. student/ pupil,Studying/graduated from high school
1036,2025,North,"15,000,001 - 30,000,000",Female,25 - 29,2. owner (small busisness),Studying/graduated from university/college and vocational school
1037,2025,North,"7,500,001 - 15,000,000",Male,19 - 24,11. student/ pupil,Studying/graduated from university/college and vocational school
1038,2025,North,"7,500,001 - 15,000,000",Female,30 - 34,6. white collar (junior level),Studying/graduated from university/college and vocational school
1039,2025,South,"15,000,001 - 30,000,000",Male,30 - 34,5. white collar (managerial level and above),Studying/graduated from university/college and vocational school
1040,2025,North,"30,000,001 - 45,000,000",Male,25 - 29,5. white collar (managerial level and above),Studying/graduated from university/college and vocational school
1041,2025,North,"7,500,001 - 15,000,000",Male,30 - 34,7. blue collar/ worker,Studying/graduated from university/college and vocational school
1042,2025,South,"7,500,001 - 15,000,000",Male,25 - 29,8. peddle/ freelancer,Studying/graduated from university/college and vocational school
1043,2025,South,"Above 45,000,001",Female,19 - 24,2. owner (small busisness),Studying/graduated from university/college and vocational school
1044,2025,North,"15,000,001 - 30,000,000",Female,30 - 34,6. white collar (junior level),Studying/graduated from university/college and vocational school
1045,2025,North,"7,500,001 - 15,000,000",Female,14 - 18,11. student/ pupil,Studying/graduated from secondary school
1046,2025,North,"7,500,001 - 15,000,000",Female,19 - 24,8. peddle/ freelancer,Studying/graduated from high school
1047,2025,South,"7,500,001 - 15,000,000",Female,30 - 34,6. white collar (junior level),Studying/graduated from university/college and vocational school
1048,2025,South,"15,000,001 - 30,000,000",Male,25 - 29,6. white collar (junior level),Studying/graduated from university/college and vocational school
1049,2025,South,"30,000,001 - 45,000,000",Female,30 - 34,8. peddle/ freelancer,Studying/graduated from university/college and vocational school
1050,2025,North,"30,000,001 - 45,000,000",Male,14 - 18,11. student/ pupil,Studying/graduated from high school
1051,2025,North,"Above 45,000,001",Female,30 - 34,2. owner (small busisness),Studying/graduated from secondary school
1052,2025,North,"15,000,001 - 30,000,000",Female,36 - 40,5. white collar (managerial level and above),Studying/graduated from university/college and vocational school
1053,2025,North,"Above 45,000,001",Male,30 - 34,5. white collar (managerial level and above),Studying/graduated from university/college and vocational school
1054,2025,North,"4,500,001 - 7,500,000",Female,19 - 24,11. student/ pupil,Studying/graduated from university/college and vocational school
1055,2025,North,"7,500,001 - 15,000,000",Male,14 - 18,11. student/ pupil,Studying/graduated from secondary school
1056,2025,South,"15,000,001 - 30,000,000",Female,25 - 29,5. white collar (managerial level and above),Studying/graduated from university/college and vocational school
1057,2025,North,"7,500,001 - 15,000,000",Female,25 - 29,7. blue collar/ worker,Studying/graduated from university/college and vocational school
1058,2025,North,"7,500,001 - 15,000,000",Male,25 - 29,6. white collar (junior level),Studying/graduated from university/college and vocational school
1059,2025,North,"15,000,001 - 30,000,000",Male,30 - 34,13. technician,Studying/graduated from university/college and vocational school
1060,2025,North,"7,500,001 - 15,000,000",Female,25 - 29,8. peddle/ freelancer,Studying/graduated from high school
1061,2025,North,"4,500,001 - 7,500,000",Female,30 - 34,10. housewife,Studying/graduated from secondary school
1062,2025,North,"15,000,001 - 30,000,000",Male,30 - 34,13. technician,Studying/graduated from university/college and vocational school
1063,2025,North,"4,500,001 - 7,500,000",Female,30 - 34,8. peddle/ freelancer,Studying/graduated from high school
1064,2025,North,"7,500,001 - 15,000,000",Female,25 - 29,17. unskilled labor,Studying/graduated from secondary school
1065,2025,North,"15,000,001 - 30,000,000",Female,19 - 24,8. peddle/ freelancer,Studying/graduated from high school
1066,2025,North,"7,500,001 - 15,000,000",Female,30 - 34,17. unskilled labor,Studying/graduated from high school
1067,2025,North,"7,500,001 - 15,000,000",Male,25 - 29,8. peddle/ freelancer,Studying/graduated from high school
1068,2025,North,"4,500,001 - 7,500,000",Male,14 - 18,8. peddle/ freelancer,Studying/graduated from high school
1069,2025,North,"7,500,001 - 15,000,000",Female,19 - 24,8. peddle/ freelancer,Studying/graduated from high school
1070,2025,North,"4,500,001 - 7,500,000",Female,30 - 34,8. peddle/ freelancer,Studying/graduated from high school
1071,2025,North,"15,000,001 - 30,000,000",Female,30 - 34,2. owner (small busisness),Studying/graduated from university/college and vocational school
1072,2025,North,"7,500,001 - 15,000,000",Female,25 - 29,8. peddle/ freelancer,Studying/graduated from high school
1073,2025,North,"7,500,001 - 15,000,000",Female,25 - 29,10. housewife,Studying/graduated from high school
1074,2025,South,"15,000,001 - 30,000,000",Female,14 - 18,11. student/ pupil,Studying/graduated from secondary school
1075,2025,North,"15,000,001 - 30,000,000",Female,25 - 29,8. peddle/ freelancer,Studying/graduated from high school
1076,2025,North,"7,500,001 - 15,000,000",Male,25 - 29,8. peddle/ freelancer,Studying/graduated from high school
1077,2025,North,"15,000,001 - 30,000,000",Male,25 - 29,8. peddle/ freelancer,Studying/graduated from university/college and vocational school
1078,2025,North,"7,500,001 - 15,000,000",Female,19 - 24,11. student/ pupil,Studying/graduated from university/college and vocational school
1079,2025,North,"Above 45,000,001",Female,30 - 34,2. owner (small busisness),Studying/graduated from high school
1080,2025,North,"15,000,001 - 30,000,000",Female,36 - 40,10. housewife,Studying/graduated from high school
1081,2025,North,"7,500,001 - 15,000,000",Female,30 - 34,7. blue collar/ worker,Studying/graduated from high school
1082,2025,South,"15,000,001 - 30,000,000",Female,19 - 24,5. white collar (managerial level and above),Studying/graduated from university/college and vocational school
1083,2025,North,"15,000,001 - 30,000,000",Female,14 - 18,11. student/ pupil,Studying/graduated from high school
1084,2025,North,"15,000,001 - 30,000,000",Female,25 - 29,2. owner (small busisness),Studying/graduated from university/college and vocational school
1085,2025,North,"15,000,001 - 30,000,000",Male,36 - 40,13. technician,Studying/graduated from university/college and vocational school
1086,2025,North,"7,500,001 - 15,000,000",Female,19 - 24,7. blue collar/ worker,Studying/graduated from high school
1087,2025,North,"7,500,001 - 15,000,000",Female,30 - 34,17. unskilled labor,Studying/graduated from secondary school
1088,2025,North,"7,500,001 - 15,000,000",Female,14 - 18,11. student/ pupil,Studying/graduated from high school
1089,2025,North,"7,500,001 - 15,000,000",Male,30 - 34,8. peddle/ freelancer,Studying/graduated from high school
1090,2025,North,"4,500,001 - 7,500,000",Male,14 - 18,11. student/ pupil,Studying/graduated from high school
1091,2025,North,"7,500,001 - 15,000,000",Male,19 - 24,8. peddle/ freelancer,Studying/graduated from secondary school
1092,2025,North,"7,500,001 - 15,000,000",Male,14 - 18,11. student/ pupil,Studying/graduated from high school
1093,2025,South,"15,000,001 - 30,000,000",Male,30 - 34,8. peddle/ freelancer,Studying/graduated from university/college and vocational school
1094,2025,North,"7,500,001 - 15,000,000",Male,36 - 40,8. peddle/ freelancer,Studying/graduated from high school
1095,2025,North,"7,500,001 - 15,000,000",Female,14 - 18,17. unskilled labor,Studying/graduated from high school
1096,2025,North,"7,500,001 - 15,000,000",Female,25 - 29,7. blue collar/ worker,Studying/graduated from secondary school
1097,2025,North,"15,000,001 - 30,000,000",Male,25 - 29,8. peddle/ freelancer,Studying/graduated from university/college and vocational school
1098,2025,North,"7,500,001 - 15,000,000",Female,30 - 34,8. peddle/ freelancer,Studying/graduated from high school
1099,2025,North,"15,000,001 - 30,000,000",Female,19 - 24,17. unskilled labor,Studying/graduated from high school
1100,2025,South,"15,000,001 - 30,000,000",Male,19 - 24,8. peddle/ freelancer,Studying/graduated from university/college and vocational school
1101,2025,North,"7,500,001 - 15,000,000",Male,19 - 24,8. peddle/ freelancer,Studying/graduated from high school
1102,2025,North,"7,500,001 - 15,000,000",Male,36 - 40,8. peddle/ freelancer,Studying/graduated from high school
1103,2025,North,"7,500,001 - 15,000,000",Male,19 - 24,8. peddle/ freelancer,Studying/graduated from high school
1104,2025,South,"15,000,001 - 30,000,000",Male,36 - 40,6. white collar (junior level),Studying/graduated from university/college and vocational school
1105,2025,North,"15,000,001 - 30,000,000",Female,30 - 34,6. white collar (junior level),Studying/graduated from university/college and vocational school
1106,2025,North,"15,000,001 - 30,000,000",Female,30 - 34,17. unskilled labor,Studying/graduated from secondary school
1107,2025,North,"7,500,001 - 15,000,000",Male,30 - 34,8. peddle/ freelancer,Studying/graduated from high school
1108,2025,North,"7,500,001 - 15,000,000",Male,25 - 29,15. soldier/ civil defence,Studying/graduated from university/college and vocational school
1109,2025,North,"7,500,001 - 15,000,000",Female,36 - 40,10. housewife,Studying/graduated from high school
1110,2025,North,"15,000,001 - 30,000,000",Female,36 - 40,17. unskilled labor,Studying/graduated from high school
1111,2025,North,"7,500,001 - 15,000,000",Female,19 - 24,8. peddle/ freelancer,Studying/graduated from high school
1112,2025,North,"7,500,001 - 15,000,000",Female,19 - 24,8. peddle/ freelancer,Studying/graduated from high school
1113,2025,South,"15,000,001 - 30,000,000",Female,36 - 40,8. peddle/ freelancer,Studying/graduated from high school
1114,2025,South,"15,000,001 - 30,000,000",Female,36 - 40,10. housewife,Studying/graduated from high school
1115,2025,South,"15,000,001 - 30,000,000",Female,36 - 40,10. housewife,Studying/graduated from high school
1116,2025,South,"15,000,001 - 30,000,000",Male,36 - 40,2. owner (small busisness),Studying/graduated from university/college and vocational school
1117,2025,South,"7,500,001 - 15,000,000",Female,36 - 40,8. peddle/ freelancer,Studying/graduated from secondary school
1118,2025,South,"7,500,001 - 15,000,000",Female,19 - 24,6. white collar (junior level),Studying/graduated from university/college and vocational school
1119,2025,North,"7,500,001 - 15,000,000",Male,25 - 29,16. salesperson,Studying/graduated from university/college and vocational school
1120,2025,North,"15,000,001 - 30,000,000",Female,25 - 29,17. unskilled labor,Studying/graduated from university/college and vocational school
1121,2025,North,"15,000,001 - 30,000,000",Male,19 - 24,11. student/ pupil,Studying/graduated from university/college and vocational school
1122,2025,North,"7,500,001 - 15,000,000",Male,14 - 18,11. student/ pupil,Studying/graduated from secondary school
1123,2025,North,"4,500,001 - 7,500,000",Male,25 - 29,9. unemployed,Studying/graduated from high school
1124,2025,South,"30,000,001 - 45,000,000",Male,36 - 40,8. peddle/ freelancer,Studying/graduated from university/college and vocational school
1125,2025,South,"7,500,001 - 15,000,000",Female,36 - 40,5. white collar (managerial level and above),Not going to school
1126,2025,North,"15,000,001 - 30,000,000",Female,30 - 34,4. professional,Studying/graduated from university/college and vocational school
1127,2025,North,"7,500,001 - 15,000,000",Female,14 - 18,11. student/ pupil,Studying/graduated from high school
1128,2025,North,"15,000,001 - 30,000,000",Female,30 - 34,6. white collar (junior level),Studying/graduated from university/college and vocational school
1129,2025,North,"7,500,001 - 15,000,000",Female,25 - 29,17. unskilled labor,Studying/graduated from high school
1130,2025,North,"7,500,001 - 15,000,000",Male,36 - 40,8. peddle/ freelancer,Studying/graduated from high school
1131,2025,North,"15,000,001 - 30,000,000",Female,36 - 40,8. peddle/ freelancer,Studying/graduated from high school
1132,2025,North,"7,500,001 - 15,000,000",Female,30 - 34,6. white collar (junior level),Studying/graduated from university/college and vocational school
1133,2025,North,"15,000,001 - 30,000,000",Female,30 - 34,9. unemployed,Studying/graduated from high school
1134,2025,North,"4,500,001 - 7,500,000",Male,25 - 29,7. blue collar/ worker,Studying/graduated from university/college and vocational school
1135,2025,North,"4,500,001 - 7,500,000",Female,30 - 34,17. unskilled labor,Studying/graduated from high school
1136,2025,North,"15,000,001 - 30,000,000",Female,30 - 34,7. blue collar/ worker,Studying/graduated from high school
1137,2025,North,"7,500,001 - 15,000,000",Female,19 - 24,8. peddle/ freelancer,Studying/graduated from secondary school
1138,2025,South,"15,000,001 - 30,000,000",Male,14 - 18,11. student/ pupil,Studying/graduated from high school
1139,2025,South,"15,000,001 - 30,000,000",Female,30 - 34,8. peddle/ freelancer,Studying/graduated from high school
1140,2025,South,"15,000,001 - 30,000,000",Female,30 - 34,2. owner (small busisness),Studying/graduated from high school
1141,2025,South,"15,000,001 - 30,000,000",Female,14 - 18,11. student/ pupil,Studying/graduated from high school
1142,2025,South,"15,000,001 - 30,000,000",Male,25 - 29,6. white collar (junior level),Studying/graduated from university/college and vocational school
1143,2025,North,"15,000,001 - 30,000,000",Female,30 - 34,17. unskilled labor,Studying/graduated from secondary school
1144,2025,North,"15,000,001 - 30,000,000",Female,30 - 34,7. blue collar/ worker,Studying/graduated from university/college and vocational school
1145,2025,South,"15,000,001 - 30,000,000",Male,25 - 29,6. white collar (junior level),Studying/graduated from university/college and vocational school
1146,2025,North,"7,500,001 - 15,000,000",Male,19 - 24,11. student/ pupil,Studying/graduated from university/college and vocational school
1147,2025,North,"7,500,001 - 15,000,000",Female,25 - 29,6. white collar (junior level),Studying/graduated from university/college and vocational school
1148,2025,North,"15,000,001 - 30,000,000",Male,25 - 29,8. peddle/ freelancer,Studying/graduated from high school
1149,2025,North,"7,500,001 - 15,000,000",Female,19 - 24,8. peddle/ freelancer,Studying/graduated from high school
1150,2025,North,"7,500,001 - 15,000,000",Female,36 - 40,7. blue collar/ worker,Studying/graduated from high school
1151,2025,North,"7,500,001 - 15,000,000",Male,30 - 34,8. peddle/ freelancer,Studying/graduated from high school
1152,2025,North,"7,500,001 - 15,000,000",Female,30 - 34,8. peddle/ freelancer,Studying/graduated from high school
1153,2025,North,"7,500,001 - 15,000,000",Male,19 - 24,8. peddle/ freelancer,Studying/graduated from high school
1154,2025,North,"15,000,001 - 30,000,000",Female,19 - 24,8. peddle/ freelancer,Studying/graduated from high school
1155,2025,North,"30,000,001 - 45,000,000",Female,36 - 40,4. professional,Studying/graduated from university/college and vocational school
1156,2025,South,"7,500,001 - 15,000,000",Female,36 - 40,6. white collar (junior level),Studying/graduated from university/college and vocational school
1157,2025,South,"30,000,001 - 45,000,000",Male,25 - 29,5. white collar (managerial level and above),Studying/graduated from university/college and vocational school
1158,2025,North,"7,500,001 - 15,000,000",Male,19 - 24,8. peddle/ freelancer,Studying/graduated from high school
1159,2025,North,"15,000,001 - 30,000,000",Female,30 - 34,5. white collar (managerial level and above),Studying/graduated from university/college and vocational school
1160,2025,South,"7,500,001 - 15,000,000",Female,30 - 34,7. blue collar/ worker,Studying/graduated from university/college and vocational school
1161,2025,South,"7,500,001 - 15,000,000",Female,30 - 34,7. blue collar/ worker,Studying/graduated from university/college and vocational school
1162,2025,South,"7,500,001 - 15,000,000",Female,30 - 34,5. white collar (managerial level and above),Studying/graduated from university/college and vocational school
1163,2025,North,"15,000,001 - 30,000,000",Female,36 - 40,5. white collar (managerial level and above),Studying/graduated from university/college and vocational school
1164,2025,South,"7,500,001 - 15,000,000",Female,30 - 34,5. white collar (managerial level and above),Studying/graduated from university/college and vocational school
1165,2025,South,"7,500,001 - 15,000,000",Female,30 - 34,6. white collar (junior level),Studying/graduated from university/college and vocational school
1166,2025,North,"15,000,001 - 30,000,000",Female,36 - 40,5. white collar (managerial level and above),Studying/graduated from university/college and vocational school
1167,2025,South,"7,500,001 - 15,000,000",Female,30 - 34,6. white collar (junior level),Studying/graduated from university/college and vocational school
1168,2025,South,"7,500,001 - 15,000,000",Female,30 - 34,6. white collar (junior level),Studying/graduated from university/college and vocational school
1169,2025,South,"7,500,001 - 15,000,000",Female,30 - 34,6. white collar (junior level),Studying/graduated from university/college and vocational school
1170,2025,North,"15,000,001 - 30,000,000",Female,36 - 40,6. white collar (junior level),Studying/graduated from university/college and vocational school
1171,2025,North,"7,500,001 - 15,000,000",Female,30 - 34,7. blue collar/ worker,Studying/graduated from university/college and vocational school
1172,2025,North,"7,500,001 - 15,000,000",Female,30 - 34,5. white collar (managerial level and above),Studying/graduated from university/college and vocational school
1173,2025,North,"7,500,001 - 15,000,000",Female,30 - 34,3. public sector office worker,Studying/graduated from university/college and vocational school
1174,2025,North,"7,500,001 - 15,000,000",Female,30 - 34,7. blue collar/ worker,Studying/graduated from university/college and vocational school
1175,2025,North,"15,000,001 - 30,000,000",Female,36 - 40,2. owner (small busisness),Studying/graduated from university/college and vocational school
1176,2025,North,"7,500,001 - 15,000,000",Female,30 - 34,7. blue collar/ worker,Studying/graduated from university/college and vocational school
1177,2025,North,"7,500,001 - 15,000,000",Female,30 - 34,7. blue collar/ worker,Studying/graduated from university/college and vocational school
1178,2025,North,"7,500,001 - 15,000,000",Female,30 - 34,6. white collar (junior level),Studying/graduated from university/college and vocational school
1179,2025,North,"15,000,001 - 30,000,000",Female,25 - 29,2. owner (small busisness),Studying/graduated from high school
1180,2025,North,"7,500,001 - 15,000,000",Female,30 - 34,10. housewife,Studying/graduated from secondary school
1181,2025,North,"7,500,001 - 15,000,000",Male,36 - 40,17. unskilled labor,Studying/graduated from high school
1182,2025,North,"3,000,001 - 4,500,000",Female,19 - 24,17. unskilled labor,Studying/graduated from secondary school
1183,2025,North,"7,500,001 - 15,000,000",Female,30 - 34,17. unskilled labor,Studying/graduated from secondary school
1184,2025,North,"7,500,001 - 15,000,000",Female,30 - 34,14. agricultural/ farmer,Studying/graduated from high school
1185,2025,North,"15,000,001 - 30,000,000",Female,36 - 40,17. unskilled labor,Studying/graduated from high school
1186,2025,North,"15,000,001 - 30,000,000",Male,25 - 29,13. technician,Studying/graduated from university/college and vocational school
1187,2025,North,"7,500,001 - 15,000,000",Female,14 - 18,11. student/ pupil,Studying/graduated from secondary school
1188,2025,North,"7,500,001 - 15,000,000",Female,19 - 24,11. student/ pupil,Studying/graduated from university/college and vocational school
1189,2025,North,"15,000,001 - 30,000,000",Female,19 - 24,11. student/ pupil,Studying/graduated from university/college and vocational school
1190,2025,South,"7,500,001 - 15,000,000",Male,30 - 34,8. peddle/ freelancer,Studying/graduated from high school
1191,2025,South,"7,500,001 - 15,000,000",Male,30 - 34,7. blue collar/ worker,Studying/graduated from high school
1192,2025,South,"15,000,001 - 30,000,000",Female,19 - 24,8. peddle/ freelancer,Studying/graduated from high school
1193,2025,North,"7,500,001 - 15,000,000",Female,30 - 34,17. unskilled labor,Studying/graduated from high school
1194,2025,South,"15,000,001 - 30,000,000",Female,14 - 18,11. student/ pupil,Studying/graduated from secondary school
1195,2025,South,"15,000,001 - 30,000,000",Female,19 - 24,11. student/ pupil,Studying/graduated from university/college and vocational school
1196,2025,North,"15,000,001 - 30,000,000",Male,14 - 18,11. student/ pupil,Studying/graduated from high school
1197,2025,North,"15,000,001 - 30,000,000",Female,36 - 40,6. white collar (junior level),Studying/graduated from university/college and vocational school
1198,2025,South,"15,000,001 - 30,000,000",Female,30 - 34,5. white collar (managerial level and above),Studying/graduated from university/college and vocational school
1199,2025,North,"7,500,001 - 15,000,000",Female,14 - 18,11. student/ pupil,Studying/graduated from high school
1200,2025,North,"Above 45,000,001",Female,25 - 29,6. white collar (junior level),Studying/graduated from university/college and vocational school
1201,2025,South,"15,000,001 - 30,000,000",Male,36 - 40,8. peddle/ freelancer,Studying/graduated from high school
1202,2025,South,"15,000,001 - 30,000,000",Male,30 - 34,16. salesperson,Studying/graduated from university/college and vocational school
1203,2025,North,"15,000,001 - 30,000,000",Female,14 - 18,11. student/ pupil,Studying/graduated from high school
1204,2025,South,"15,000,001 - 30,000,000",Female,14 - 18,11. student/ pupil,Studying/graduated from university/college and vocational school
1205,2025,North,"15,000,001 - 30,000,000",Female,25 - 29,7. blue collar/ worker,Studying/graduated from university/college and vocational school
1206,2025,North,"15,000,001 - 30,000,000",Female,36 - 40,8. peddle/ freelancer,Studying/graduated from high school
1207,2025,North,"15,000,001 - 30,000,000",Male,36 - 40,6. white collar (junior level),Studying/graduated from university/college and vocational school
1208,2025,North,"4,500,001 - 7,500,000",Female,30 - 34,14. agricultural/ farmer,Studying/graduated from secondary school
1209,2025,North,"7,500,001 - 15,000,000",Male,30 - 34,7. blue collar/ worker,Studying/graduated from university/college and vocational school
1210,2025,North,"15,000,001 - 30,000,000",Female,30 - 34,8. peddle/ freelancer,Studying/graduated from university/college and vocational school
1211,2025,South,"15,000,001 - 30,000,000",Female,30 - 34,4. professional,Studying/graduated from university/college and vocational school
1212,2025,South,"7,500,001 - 15,000,000",Female,19 - 24,6. white collar (junior level),Studying/graduated from university/college and vocational school
1213,2025,South,"15,000,001 - 30,000,000",Male,36 - 40,8. peddle/ freelancer,Studying/graduated from high school
1214,2025,North,"15,000,001 - 30,000,000",Female,25 - 29,8. peddle/ freelancer,Studying/graduated from university/college and vocational school
1215,2025,North,"7,500,001 - 15,000,000",Male,25 - 29,7. blue collar/ worker,Studying/graduated from high school
1216,2025,North,"15,000,001 - 30,000,000",Female,25 - 29,9. unemployed,Studying/graduated from high school
1217,2025,South,"15,000,001 - 30,000,000",Male,30 - 34,6. white collar (junior level),Studying/graduated from university/college and vocational school
1218,2025,North,"15,000,001 - 30,000,000",Female,30 - 34,6. white collar (junior level),Studying/graduated from university/college and vocational school
1219,2025,South,"15,000,001 - 30,000,000",Male,30 - 34,6. white collar (junior level),Studying/graduated from university/college and vocational school
1220,2025,South,"7,500,001 - 15,000,000",Female,19 - 24,7. blue collar/ worker,Studying/graduated from high school
1221,2025,North,"7,500,001 - 15,000,000",Male,14 - 18,11. student/ pupil,Studying/graduated from high school
1222,2025,North,"15,000,001 - 30,000,000",Female,19 - 24,11. student/ pupil,Studying/graduated from university/college and vocational school
1223,2025,North,"15,000,001 - 30,000,000",Male,30 - 34,7. blue collar/ worker,Studying/graduated from university/college and vocational school
1224,2025,North,"7,500,001 - 15,000,000",Female,14 - 18,8. peddle/ freelancer,Studying/graduated from high school
1225,2025,North,"15,000,001 - 30,000,000",Female,19 - 24,6. white collar (junior level),Studying/graduated from university/college and vocational school
1226,2025,North,"7,500,001 - 15,000,000",Female,30 - 34,17. unskilled labor,Studying/graduated from high school
1227,2025,North,"15,000,001 - 30,000,000",Female,25 - 29,7. blue collar/ worker,Studying/graduated from university/college and vocational school
1228,2025,North,"7,500,001 - 15,000,000",Female,19 - 24,8. peddle/ freelancer,Studying/graduated from high school
1229,2025,North,"7,500,001 - 15,000,000",Female,25 - 29,2. owner (small busisness),Not going to school
1230,2025,South,"15,000,001 - 30,000,000",Female,14 - 18,11. student/ pupil,Studying/graduated from university/college and vocational school
1231,2025,North,"7,500,001 - 15,000,000",Female,19 - 24,8. peddle/ freelancer,Studying/graduated from high school
1232,2025,North,"4,500,001 - 7,500,000",Male,19 - 24,8. peddle/ freelancer,Studying/graduated from high school
1233,2025,North,"15,000,001 - 30,000,000",Male,30 - 34,6. white collar (junior level),Studying/graduated from university/college and vocational school
1234,2025,North,"15,000,001 - 30,000,000",Female,19 - 24,17. unskilled labor,Studying/graduated from high school
1235,2025,North,"7,500,001 - 15,000,000",Female,30 - 34,10. housewife,Studying/graduated from high school
1236,2025,North,"15,000,001 - 30,000,000",Male,30 - 34,8. peddle/ freelancer,Studying/graduated from high school
1237,2025,South,"15,000,001 - 30,000,000",Female,19 - 24,13. technician,Studying/graduated from high school
1238,2025,South,"7,500,001 - 15,000,000",Female,14 - 18,11. student/ pupil,Studying/graduated from secondary school
1239,2025,North,"4,500,001 - 7,500,000",Female,30 - 34,7. blue collar/ worker,Studying/graduated from university/college and vocational school
1240,2025,North,"15,000,001 - 30,000,000",Female,36 - 40,2. owner (small busisness),Studying/graduated from high school
1241,2025,South,"15,000,001 - 30,000,000",Male,36 - 40,2. owner (small busisness),Studying/graduated from high school
1242,2025,South,"15,000,001 - 30,000,000",Male,30 - 34,2. owner (small busisness),Studying/graduated from high school
1243,2025,South,"15,000,001 - 30,000,000",Female,25 - 29,2. owner (small busisness),Studying/graduated from university/college and vocational school
1244,2025,North,"7,500,001 - 15,000,000",Female,14 - 18,8. peddle/ freelancer,Studying/graduated from high school
1245,2025,South,"15,000,001 - 30,000,000",Female,30 - 34,6. white collar (junior level),Studying/graduated from university/college and vocational school
1246,2025,South,"4,500,001 - 7,500,000",Male,19 - 24,11. student/ pupil,Studying/graduated from university/college and vocational school
1247,2025,North,"15,000,001 - 30,000,000",Female,30 - 34,13. technician,Studying/graduated from university/college and vocational school
1248,2025,North,"15,000,001 - 30,000,000",Female,30 - 34,5. white collar (managerial level and above),Studying/graduated from university/college and vocational school
1249,2025,South,"15,000,001 - 30,000,000",Female,30 - 34,6. white collar (junior level),Studying/graduated from university/college and vocational school
1250,2025,North,"30,000,001 - 45,000,000",Female,19 - 24,4. professional,Studying/graduated from university/college and vocational school
1251,2025,North,"7,500,001 - 15,000,000",Male,19 - 24,6. white collar (junior level),Studying/graduated from university/college and vocational school
1252,2025,North,"15,000,001 - 30,000,000",Male,25 - 29,5. white collar (managerial level and above),Studying/graduated from university/college and vocational school
1253,2025,North,"7,500,001 - 15,000,000",Female,36 - 40,6. white collar (junior level),Studying/graduated from university/college and vocational school
1254,2025,North,"15,000,001 - 30,000,000",Female,30 - 34,6. white collar (junior level),Studying/graduated from university/college and vocational school
1255,2025,North,"7,500,001 - 15,000,000",Female,30 - 34,6. white collar (junior level),Studying/graduated from university/college and vocational school
1256,2025,North,"Above 45,000,001",Male,36 - 40,5. white collar (managerial level and above),Studying/graduated from university/college and vocational school
1257,2025,North,"15,000,001 - 30,000,000",Female,30 - 34,9. unemployed,Studying/graduated from high school
1258,2025,North,"15,000,001 - 30,000,000",Male,19 - 24,17. unskilled labor,Studying/graduated from high school
1259,2025,North,"15,000,001 - 30,000,000",Female,19 - 24,6. white collar (junior level),Studying/graduated from university/college and vocational school
1260,2025,North,"7,500,001 - 15,000,000",Female,19 - 24,11. student/ pupil,Studying/graduated from university/college and vocational school
1261,2025,North,"7,500,001 - 15,000,000",Male,14 - 18,11. student/ pupil,Studying/graduated from university/college and vocational school
1262,2025,North,"15,000,001 - 30,000,000",Female,19 - 24,11. student/ pupil,Studying/graduated from university/college and vocational school
1263,2025,North,"15,000,001 - 30,000,000",Female,19 - 24,11. student/ pupil,Studying/graduated from university/college and vocational school
1264,2025,North,"15,000,001 - 30,000,000",Male,14 - 18,11. student/ pupil,Studying/graduated from university/college and vocational school
1265,2025,South,"15,000,001 - 30,000,000",Female,19 - 24,6. white collar (junior level),Studying/graduated from university/college and vocational school
1266,2025,South,"15,000,001 - 30,000,000",Female,36 - 40,2. owner (small busisness),Studying/graduated from university/college and vocational school
1267,2025,South,"7,500,001 - 15,000,000",Female,36 - 40,10. housewife,Studying/graduated from university/college and vocational school
1268,2025,North,"7,500,001 - 15,000,000",Male,14 - 18,11. student/ pupil,Studying/graduated from secondary school
1269,2025,North,"4,500,001 - 7,500,000",Male,36 - 40,7. blue collar/ worker,Studying/graduated from high school
1270,2025,South,"7,500,001 - 15,000,000",Male,14 - 18,8. peddle/ freelancer,Studying/graduated from secondary school
1271,2025,South,"15,000,001 - 30,000,000",Female,14 - 18,11. student/ pupil,Studying/graduated from university/college and vocational school
1272,2025,South,"15,000,001 - 30,000,000",Female,36 - 40,10. housewife,Studying/graduated from university/college and vocational school
1273,2025,South,"15,000,001 - 30,000,000",Female,25 - 29,10. housewife,Studying/graduated from high school
1274,2025,South,"15,000,001 - 30,000,000",Male,25 - 29,16. salesperson,Studying/graduated from high school
1275,2025,South,"15,000,001 - 30,000,000",Male,19 - 24,11. student/ pupil,Studying/graduated from university/college and vocational school
1276,2025,North,"15,000,001 - 30,000,000",Male,25 - 29,5. white collar (managerial level and above),Studying/graduated from university/college and vocational school
1277,2025,South,"15,000,001 - 30,000,000",Female,25 - 29,6. white collar (junior level),Studying/graduated from university/college and vocational school
1278,2025,South,"7,500,001 - 15,000,000",Female,25 - 29,7. blue collar/ worker,Studying/graduated from high school
1279,2025,North,"7,500,001 - 15,000,000",Female,30 - 34,8. peddle/ freelancer,Studying/graduated from high school
1280,2025,South,"15,000,001 - 30,000,000",Female,19 - 24,10. housewife,Studying/graduated from high school
1281,2025,South,"15,000,001 - 30,000,000",Male,25 - 29,6. white collar (junior level),Studying/graduated from university/college and vocational school
1282,2025,South,"15,000,001 - 30,000,000",Male,19 - 24,11. student/ pupil,Studying/graduated from university/college and vocational school
1283,2025,South,"7,500,001 - 15,000,000",Female,36 - 40,10. housewife,Studying/graduated from high school
1284,2025,North,"15,000,001 - 30,000,000",Male,25 - 29,17. unskilled labor,Studying/graduated from high school
1285,2025,North,"15,000,001 - 30,000,000",Female,25 - 29,8. peddle/ freelancer,Studying/graduated from high school
1286,2025,North,"7,500,001 - 15,000,000",Female,19 - 24,16. salesperson,Studying/graduated from high school
1287,2025,North,"7,500,001 - 15,000,000",Male,19 - 24,11. student/ pupil,Studying/graduated from university/college and vocational school
1288,2025,North,"15,000,001 - 30,000,000",Female,14 - 18,11. student/ pupil,Studying/graduated from high school
1289,2025,South,"15,000,001 - 30,000,000",Male,25 - 29,17. unskilled labor,Studying/graduated from high school
1290,2025,North,"7,500,001 - 15,000,000",Male,14 - 18,11. student/ pupil,Studying/graduated from high school
1291,2025,North,"15,000,001 - 30,000,000",Female,19 - 24,17. unskilled labor,Studying/graduated from high school
1292,2025,South,"7,500,001 - 15,000,000",Male,19 - 24,8. peddle/ freelancer,Studying/graduated from high school
1293,2025,North,"7,500,001 - 15,000,000",Female,25 - 29,10. housewife,Studying/graduated from secondary school
1294,2025,North,"15,000,001 - 30,000,000",Female,19 - 24,17. unskilled labor,Studying/graduated from high school
1295,2025,North,"7,500,001 - 15,000,000",Female,30 - 34,14. agricultural/ farmer,Studying/graduated from secondary school
1296,2025,North,"7,500,001 - 15,000,000",Female,30 - 34,10. housewife,Studying/graduated from high school
1297,2025,North,"15,000,001 - 30,000,000",Female,36 - 40,6. white collar (junior level),Studying/graduated from university/college and vocational school
1298,2025,North,"15,000,001 - 30,000,000",Female,30 - 34,8. peddle/ freelancer,Studying/graduated from high school
1299,2025,North,"7,500,001 - 15,000,000",Male,19 - 24,8. peddle/ freelancer,Studying/graduated from high school
1300,2025,South,"15,000,001 - 30,000,000",Female,14 - 18,11. student/ pupil,Studying/graduated from university/college and vocational school
1301,2024,North,"30,000,001 - 45,000,000",Male,36 - 40,5. white collar (managerial level and above),Studying/graduated from university/college and vocational school
1302,2024,North,"Above 45,000,001",Male,30 - 34,3. public sector office worker,Studying/graduated from university/college and vocational school
1303,2024,South,"15,000,001 - 30,000,000",Female,30 - 34,6. white collar (junior level),Studying/graduated from university/college and vocational school
1304,2024,South,"30,000,001 - 45,000,000",Female,25 - 29,5. white collar (managerial level and above),Studying/graduated from university/college and vocational school
1305,2024,South,"Above 45,000,001",Male,25 - 29,4. professional,Studying/graduated from university/college and vocational school
1306,2024,South,"Above 45,000,001",Male,25 - 29,5. white collar (managerial level and above),Studying/graduated from university/college and vocational school
1307,2024,North,"30,000,001 - 45,000,000",Female,30 - 34,5. white collar (managerial level and above),Studying/graduated from university/college and vocational school
1308,2024,South,"15,000,001 - 30,000,000",Female,36 - 40,4. professional,Studying/graduated from university/college and vocational school
1309,2024,South,"Above 45,000,001",Female,19 - 24,5. white collar (managerial level and above),Studying/graduated from university/college and vocational school
1310,2024,South,"30,000,001 - 45,000,000",Female,30 - 34,6. white collar (junior level),Studying/graduated from university/college and vocational school
1311,2024,North,"15,000,001 - 30,000,000",Female,30 - 34,7. blue collar/ worker,Studying/graduated from university/college and vocational school
1312,2024,South,"15,000,001 - 30,000,000",Female,25 - 29,4. professional,Studying/graduated from university/college and vocational school
1313,2024,North,"4,500,001 - 7,500,000",Female,14 - 18,11. student/ pupil,Studying/graduated from high school
1314,2024,North,"7,500,001 - 15,000,000",Female,25 - 29,8. peddle/ freelancer,Studying/graduated from high school
1315,2024,South,"15,000,001 - 30,000,000",Female,19 - 24,10. housewife,Studying/graduated from high school
1316,2024,South,"15,000,001 - 30,000,000",Female,25 - 29,4. professional,Studying/graduated from university/college and vocational school
1317,2024,North,"15,000,001 - 30,000,000",Female,36 - 40,6. white collar (junior level),Studying/graduated from university/college and vocational school
1318,2024,North,"7,500,001 - 15,000,000",Female,25 - 29,6. white collar (junior level),Studying/graduated from university/college and vocational school
1319,2024,North,"15,000,001 - 30,000,000",Male,36 - 40,8. peddle/ freelancer,Studying/graduated from high school
1320,2024,Mekong,"Above 45,000,001",Male,30 - 34,3. public sector office worker,Studying/graduated from university/college and vocational school
1321,2024,North,"4,500,001 - 7,500,000",Male,19 - 24,8. peddle/ freelancer,Studying/graduated from high school
1322,2024,Mekong,"15,000,001 - 30,000,000",Female,19 - 24,2. owner (small busisness),Studying/graduated from secondary school
1323,2024,Central,"7,500,001 - 15,000,000",Female,19 - 24,11. student/ pupil,Studying/graduated from university/college and vocational school
1324,2024,Central,"7,500,001 - 15,000,000",Female,19 - 24,11. student/ pupil,Studying/graduated from university/college and vocational school
1325,2024,South,"15,000,001 - 30,000,000",Female,36 - 40,10. housewife,Studying/graduated from high school
1326,2024,Mekong,"30,000,001 - 45,000,000",Female,25 - 29,5. white collar (managerial level and above),Studying/graduated from university/college and vocational school
1327,2024,Mekong,"7,500,001 - 15,000,000",Male,19 - 24,2. owner (small busisness),Studying/graduated from high school
1328,2024,North,"15,000,001 - 30,000,000",Male,19 - 24,17. unskilled labor,Studying/graduated from high school
1329,2024,Mekong,"7,500,001 - 15,000,000",Male,36 - 40,8. peddle/ freelancer,Studying/graduated from secondary school
1330,2024,Mekong,"15,000,001 - 30,000,000",Male,14 - 18,11. student/ pupil,Studying/graduated from high school
1331,2024,North,"15,000,001 - 30,000,000",Female,36 - 40,6. white collar (junior level),Studying/graduated from university/college and vocational school
1332,2024,Central,"7,500,001 - 15,000,000",Female,19 - 24,6. white collar (junior level),Studying/graduated from university/college and vocational school
1333,2024,Mekong,"7,500,001 - 15,000,000",Female,19 - 24,8. peddle/ freelancer,Studying/graduated from high school
1334,2024,South,"15,000,001 - 30,000,000",Male,36 - 40,8. peddle/ freelancer,Studying/graduated from high school
1335,2024,Central,"7,500,001 - 15,000,000",Female,36 - 40,7. blue collar/ worker,Studying/graduated from high school
1336,2024,South,"15,000,001 - 30,000,000",Female,25 - 29,10. housewife,Studying/graduated from high school
1337,2024,North,"7,500,001 - 15,000,000",Female,19 - 24,11. student/ pupil,Studying/graduated from university/college and vocational school
1338,2024,Central,"15,000,001 - 30,000,000",Female,25 - 29,2. owner (small busisness),Studying/graduated from high school
1339,2024,South,"15,000,001 - 30,000,000",Female,25 - 29,6. white collar (junior level),Studying/graduated from university/college and vocational school
1340,2024,Central,"4,500,001 - 7,500,000",Female,36 - 40,2. owner (small busisness),Studying/graduated from high school
1341,2024,South,"7,500,001 - 15,000,000",Female,36 - 40,10. housewife,Studying/graduated from high school
1342,2024,Central,"15,000,001 - 30,000,000",Male,14 - 18,11. student/ pupil,Studying/graduated from high school
1343,2024,South,"15,000,001 - 30,000,000",Male,14 - 18,11. student/ pupil,Studying/graduated from university/college and vocational school
1344,2024,Mekong,"7,500,001 - 15,000,000",Female,19 - 24,11. student/ pupil,Studying/graduated from university/college and vocational school
1345,2024,Central,"15,000,001 - 30,000,000",Female,30 - 34,6. white collar (junior level),Studying/graduated from university/college and vocational school
1346,2024,Mekong,"7,500,001 - 15,000,000",Female,14 - 18,11. student/ pupil,Studying/graduated from secondary school
1347,2024,Central,"15,000,001 - 30,000,000",Female,36 - 40,10. housewife,Studying/graduated from high school
1348,2024,Central,"7,500,001 - 15,000,000",Female,19 - 24,8. peddle/ freelancer,Studying/graduated from high school
1349,2024,Mekong,"4,500,001 - 7,500,000",Male,14 - 18,11. student/ pupil,Studying/graduated from secondary school
1350,2024,Central,"15,000,001 - 30,000,000",Male,25 - 29,13. technician,Studying/graduated from high school
1351,2024,Central,"7,500,001 - 15,000,000",Female,19 - 24,3. public sector office worker,Studying/graduated from university/college and vocational school
1352,2024,South,"15,000,001 - 30,000,000",Female,19 - 24,11. student/ pupil,Studying/graduated from university/college and vocational school
1353,2024,South,"15,000,001 - 30,000,000",Female,19 - 24,8. peddle/ freelancer,Studying/graduated from high school
1354,2024,Mekong,"15,000,001 - 30,000,000",Female,19 - 24,8. peddle/ freelancer,Studying/graduated from high school
1355,2024,Mekong,"15,000,001 - 30,000,000",Female,30 - 34,10. housewife,Studying/graduated from secondary school
1356,2024,Mekong,"7,500,001 - 15,000,000",Male,30 - 34,8. peddle/ freelancer,Studying/graduated from high school
1357,2024,Mekong,"7,500,001 - 15,000,000",Female,25 - 29,8. peddle/ freelancer,Studying/graduated from high school
1358,2024,North,"15,000,001 - 30,000,000",Female,19 - 24,17. unskilled labor,Studying/graduated from high school
1359,2024,Mekong,"7,500,001 - 15,000,000",Female,19 - 24,17. unskilled labor,Studying/graduated from high school
1360,2024,Mekong,"7,500,001 - 15,000,000",Female,14 - 18,11. student/ pupil,Studying/graduated from secondary school
1361,2024,Central,"30,000,001 - 45,000,000",Female,19 - 24,6. white collar (junior level),Studying/graduated from high school
1362,2024,Mekong,"15,000,001 - 30,000,000",Female,30 - 34,6. white collar (junior level),Studying/graduated from university/college and vocational school
1363,2024,Central,"15,000,001 - 30,000,000",Female,19 - 24,6. white collar (junior level),Studying/graduated from university/college and vocational school
1364,2024,South,"15,000,001 - 30,000,000",Female,19 - 24,11. student/ pupil,Studying/graduated from university/college and vocational school
1365,2024,South,"15,000,001 - 30,000,000",Male,30 - 34,6. white collar (junior level),Studying/graduated from university/college and vocational school
1366,2024,South,"7,500,001 - 15,000,000",Female,30 - 34,10. housewife,Studying/graduated from high school
1367,2024,South,"15,000,001 - 30,000,000",Female,36 - 40,10. housewife,Studying/graduated from high school
1368,2024,Mekong,"7,500,001 - 15,000,000",Male,36 - 40,6. white collar (junior level),Studying/graduated from university/college and vocational school
1369,2024,Central,"30,000,001 - 45,000,000",Male,25 - 29,3. public sector office worker,Studying/graduated from university/college and vocational school
1370,2024,Central,"7,500,001 - 15,000,000",Male,19 - 24,8. peddle/ freelancer,Studying/graduated from high school
1371,2024,North,"15,000,001 - 30,000,000",Female,30 - 34,10. housewife,Studying/graduated from high school
1372,2024,North,"15,000,001 - 30,000,000",Male,14 - 18,11. student/ pupil,Studying/graduated from university/college and vocational school
1373,2024,Mekong,"7,500,001 - 15,000,000",Male,19 - 24,11. student/ pupil,Studying/graduated from university/college and vocational school
1374,2024,North,"15,000,001 - 30,000,000",Male,36 - 40,8. peddle/ freelancer,Studying/graduated from high school
1375,2024,North,"7,500,001 - 15,000,000",Female,19 - 24,8. peddle/ freelancer,Studying/graduated from high school
1376,2024,North,"15,000,001 - 30,000,000",Male,30 - 34,7. blue collar/ worker,Studying/graduated from university/college and vocational school
1377,2024,Central,"7,500,001 - 15,000,000",Male,14 - 18,11. student/ pupil,Studying/graduated from high school
1378,2024,Central,"15,000,001 - 30,000,000",Female,36 - 40,10. housewife,Studying/graduated from high school
1379,2024,Central,"7,500,001 - 15,000,000",Female,36 - 40,6. white collar (junior level),Studying/graduated from university/college and vocational school
1380,2024,North,"15,000,001 - 30,000,000",Male,19 - 24,11. student/ pupil,Studying/graduated from university/college and vocational school
1381,2024,Central,"15,000,001 - 30,000,000",Female,25 - 29,17. unskilled labor,Studying/graduated from high school
1382,2024,Central,"15,000,001 - 30,000,000",Male,19 - 24,7. blue collar/ worker,Studying/graduated from university/college and vocational school
1383,2024,South,"15,000,001 - 30,000,000",Male,19 - 24,11. student/ pupil,Studying/graduated from university/college and vocational school
1384,2024,North,"7,500,001 - 15,000,000",Female,25 - 29,8. peddle/ freelancer,Studying/graduated from university/college and vocational school
1385,2024,Mekong,"7,500,001 - 15,000,000",Male,19 - 24,8. peddle/ freelancer,Studying/graduated from high school
1386,2024,North,"7,500,001 - 15,000,000",Male,30 - 34,8. peddle/ freelancer,Studying/graduated from university/college and vocational school
1387,2024,South,"7,500,001 - 15,000,000",Male,19 - 24,11. student/ pupil,Studying/graduated from high school
1388,2024,North,"15,000,001 - 30,000,000",Male,36 - 40,13. technician,Studying/graduated from university/college and vocational school
1389,2024,South,"15,000,001 - 30,000,000",Female,19 - 24,11. student/ pupil,Studying/graduated from university/college and vocational school
1390,2024,Mekong,"15,000,001 - 30,000,000",Female,30 - 34,7. blue collar/ worker,Studying/graduated from university/college and vocational school
1391,2024,North,"7,500,001 - 15,000,000",Male,36 - 40,8. peddle/ freelancer,Studying/graduated from high school
1392,2024,North,"15,000,001 - 30,000,000",Female,19 - 24,6. white collar (junior level),Studying/graduated from university/college and vocational school
1393,2024,North,"7,500,001 - 15,000,000",Male,19 - 24,17. unskilled labor,Studying/graduated from high school
1394,2024,Central,"Above 45,000,001",Male,19 - 24,1. owner (large business),Studying/graduated from university/college and vocational school
1395,2024,North,"15,000,001 - 30,000,000",Male,19 - 24,17. unskilled labor,Studying/graduated from high school
1396,2024,Mekong,"15,000,001 - 30,000,000",Female,19 - 24,8. peddle/ freelancer,Studying/graduated from high school
1397,2024,North,"7,500,001 - 15,000,000",Female,19 - 24,8. peddle/ freelancer,Studying/graduated from high school
1398,2024,North,"7,500,001 - 15,000,000",Male,30 - 34,8. peddle/ freelancer,Studying/graduated from high school
1399,2024,Mekong,"7,500,001 - 15,000,000",Female,19 - 24,11. student/ pupil,Studying/graduated from high school
1400,2024,North,"7,500,001 - 15,000,000",Male,25 - 29,8. peddle/ freelancer,Studying/graduated from high school
1401,2024,Mekong,"15,000,001 - 30,000,000",Female,36 - 40,4. professional,Studying/graduated from university/college and vocational school
1402,2024,Mekong,"7,500,001 - 15,000,000",Male,14 - 18,11. student/ pupil,Studying/graduated from secondary school
1403,2024,North,"15,000,001 - 30,000,000",Female,19 - 24,8. peddle/ freelancer,Studying/graduated from high school
1404,2024,North,"7,500,001 - 15,000,000",Female,14 - 18,11. student/ pupil,Studying/graduated from secondary school
1405,2024,South,"15,000,001 - 30,000,000",Female,30 - 34,2. owner (small busisness),Studying/graduated from university/college and vocational school
1406,2024,North,"7,500,001 - 15,000,000",Male,19 - 24,17. unskilled labor,Studying/graduated from high school
1407,2024,North,"7,500,001 - 15,000,000",Male,25 - 29,8. peddle/ freelancer,Studying/graduated from high school
1408,2024,North,"15,000,001 - 30,000,000",Female,25 - 29,17. unskilled labor,Studying/graduated from high school
1409,2024,Mekong,"15,000,001 - 30,000,000",Male,36 - 40,6. white collar (junior level),Studying/graduated from university/college and vocational school
1410,2024,North,"15,000,001 - 30,000,000",Male,30 - 34,13. technician,Studying/graduated from university/college and vocational school
1411,2024,North,"7,500,001 - 15,000,000",Female,19 - 24,8. peddle/ freelancer,Studying/graduated from high school
1412,2024,North,"7,500,001 - 15,000,000",Female,25 - 29,2. owner (small busisness),Studying/graduated from university/college and vocational school
1413,2024,North,"15,000,001 - 30,000,000",Female,36 - 40,6. white collar (junior level),Studying/graduated from university/college and vocational school
1414,2024,North,"7,500,001 - 15,000,000",Female,19 - 24,11. student/ pupil,Studying/graduated from university/college and vocational school
1415,2024,North,"7,500,001 - 15,000,000",Male,25 - 29,8. peddle/ freelancer,Studying/graduated from high school
1416,2024,North,"7,500,001 - 15,000,000",Male,25 - 29,8. peddle/ freelancer,Studying/graduated from university/college and vocational school
1417,2024,North,"7,500,001 - 15,000,000",Male,36 - 40,8. peddle/ freelancer,Studying/graduated from high school
1418,2024,Mekong,"15,000,001 - 30,000,000",Female,25 - 29,9. unemployed,Studying/graduated from university/college and vocational school
1419,2024,North,"4,500,001 - 7,500,000",Female,25 - 29,6. white collar (junior level),Studying/graduated from university/college and vocational school
1420,2024,North,"15,000,001 - 30,000,000",Female,14 - 18,11. student/ pupil,Studying/graduated from high school
1421,2024,North,"7,500,001 - 15,000,000",Female,30 - 34,17. unskilled labor,Studying/graduated from high school
1422,2024,Central,"7,500,001 - 15,000,000",Female,30 - 34,17. unskilled labor,Studying/graduated from high school
1423,2024,North,"7,500,001 - 15,000,000",Male,19 - 24,8. peddle/ freelancer,Studying/graduated from high school
1424,2024,North,"7,500,001 - 15,000,000",Female,14 - 18,11. student/ pupil,Studying/graduated from secondary school
1425,2024,North,"7,500,001 - 15,000,000",Female,30 - 34,7. blue collar/ worker,Studying/graduated from high school
1426,2024,Central,"7,500,001 - 15,000,000",Male,19 - 24,11. student/ pupil,Studying/graduated from university/college and vocational school
1427,2024,Central,"7,500,001 - 15,000,000",Male,19 - 24,17. unskilled labor,Studying/graduated from high school
1428,2024,North,"7,500,001 - 15,000,000",Female,30 - 34,17. unskilled labor,Studying/graduated from high school
1429,2024,North,"4,500,001 - 7,500,000",Female,30 - 34,8. peddle/ freelancer,Studying/graduated from high school
1430,2024,Central,"15,000,001 - 30,000,000",Male,19 - 24,17. unskilled labor,Studying/graduated from high school
1431,2024,North,"7,500,001 - 15,000,000",Male,14 - 18,11. student/ pupil,Studying/graduated from high school
1432,2024,Mekong,"15,000,001 - 30,000,000",Female,25 - 29,6. white collar (junior level),Studying/graduated from university/college and vocational school
1433,2024,Mekong,"7,500,001 - 15,000,000",Male,19 - 24,8. peddle/ freelancer,Studying/graduated from high school
1434,2024,Central,"7,500,001 - 15,000,000",Female,30 - 34,2. owner (small busisness),Studying/graduated from university/college and vocational school
1435,2024,Central,"15,000,001 - 30,000,000",Female,25 - 29,6. white collar (junior level),Studying/graduated from university/college and vocational school
1436,2024,North,"15,000,001 - 30,000,000",Male,14 - 18,11. student/ pupil,Studying/graduated from high school
1437,2024,North,"7,500,001 - 15,000,000",Male,25 - 29,8. peddle/ freelancer,Studying/graduated from high school
1438,2024,North,"15,000,001 - 30,000,000",Male,30 - 34,8. peddle/ freelancer,Studying/graduated from high school
1439,2024,North,"7,500,001 - 15,000,000",Male,30 - 34,8. peddle/ freelancer,Studying/graduated from high school
1440,2024,North,"7,500,001 - 15,000,000",Female,30 - 34,7. blue collar/ worker,Studying/graduated from high school
1441,2024,North,"7,500,001 - 15,000,000",Male,25 - 29,7. blue collar/ worker,Studying/graduated from high school
1442,2024,Mekong,"15,000,001 - 30,000,000",Female,19 - 24,11. student/ pupil,Studying/graduated from university/college and vocational school
1443,2024,North,"15,000,001 - 30,000,000",Male,30 - 34,8. peddle/ freelancer,Studying/graduated from high school
1444,2024,Central,"7,500,001 - 15,000,000",Male,36 - 40,4. professional,Studying/graduated from university/college and vocational school
1445,2024,Mekong,"7,500,001 - 15,000,000",Male,19 - 24,11. student/ pupil,Studying/graduated from university/college and vocational school
1446,2024,North,"7,500,001 - 15,000,000",Male,14 - 18,11. student/ pupil,Studying/graduated from university/college and vocational school
1447,2024,Mekong,"7,500,001 - 15,000,000",Female,14 - 18,11. student/ pupil,Studying/graduated from high school
1448,2024,North,"15,000,001 - 30,000,000",Female,25 - 29,8. peddle/ freelancer,Studying/graduated from high school
1449,2024,Central,"15,000,001 - 30,000,000",Female,30 - 34,2. owner (small busisness),Studying/graduated from high school
1450,2024,Central,"7,500,001 - 15,000,000",Female,19 - 24,11. student/ pupil,Studying/graduated from university/college and vocational school
1451,2024,Central,"15,000,001 - 30,000,000",Female,25 - 29,6. white collar (junior level),Studying/graduated from university/college and vocational school
1452,2024,North,"7,500,001 - 15,000,000",Male,19 - 24,8. peddle/ freelancer,Studying/graduated from high school
1453,2024,Central,"7,500,001 - 15,000,000",Female,25 - 29,8. peddle/ freelancer,Studying/graduated from high school
1454,2024,Mekong,"7,500,001 - 15,000,000",Female,25 - 29,7. blue collar/ worker,Studying/graduated from university/college and vocational school
1455,2024,South,"15,000,001 - 30,000,000",Female,36 - 40,10. housewife,Studying/graduated from high school
1456,2024,South,"7,500,001 - 15,000,000",Female,36 - 40,10. housewife,Studying/graduated from high school
1457,2024,South,"7,500,001 - 15,000,000",Male,30 - 34,8. peddle/ freelancer,Studying/graduated from high school
1458,2024,Central,"15,000,001 - 30,000,000",Male,14 - 18,11. student/ pupil,Studying/graduated from high school
1459,2024,Mekong,"7,500,001 - 15,000,000",Male,30 - 34,4. professional,Studying/graduated from university/college and vocational school
1460,2024,South,"15,000,001 - 30,000,000",Male,30 - 34,6. white collar (junior level),Studying/graduated from university/college and vocational school
1461,2024,Central,"4,500,001 - 7,500,000",Male,19 - 24,8. peddle/ freelancer,Studying/graduated from high school
1462,2024,Mekong,"4,500,001 - 7,500,000",Male,36 - 40,8. peddle/ freelancer,Studying/graduated from high school
1463,2024,South,"15,000,001 - 30,000,000",Female,36 - 40,8. peddle/ freelancer,Studying/graduated from high school
1464,2024,Mekong,"7,500,001 - 15,000,000",Male,19 - 24,11. student/ pupil,Studying/graduated from university/college and vocational school
1465,2024,Mekong,"4,500,001 - 7,500,000",Female,25 - 29,4. professional,Studying/graduated from university/college and vocational school
1466,2024,Central,"15,000,001 - 30,000,000",Male,36 - 40,4. professional,Studying/graduated from university/college and vocational school
1467,2024,South,"30,000,001 - 45,000,000",Female,36 - 40,17. unskilled labor,Studying/graduated from high school
1468,2024,Mekong,"4,500,001 - 7,500,000",Female,25 - 29,7. blue collar/ worker,Studying/graduated from high school
1469,2024,Mekong,"7,500,001 - 15,000,000",Female,36 - 40,10. housewife,Studying/graduated from high school
1470,2024,Mekong,"7,500,001 - 15,000,000",Female,30 - 34,10. housewife,Studying/graduated from secondary school
1471,2024,Mekong,"15,000,001 - 30,000,000",Male,25 - 29,8. peddle/ freelancer,Studying/graduated from high school
1472,2024,Central,"7,500,001 - 15,000,000",Female,14 - 18,17. unskilled labor,Studying/graduated from high school
1473,2024,Central,"7,500,001 - 15,000,000",Male,30 - 34,8. peddle/ freelancer,Studying/graduated from high school
1474,2024,Mekong,"7,500,001 - 15,000,000",Female,19 - 24,11. student/ pupil,Studying/graduated from university/college and vocational school
1475,2024,North,"15,000,001 - 30,000,000",Female,30 - 34,4. professional,Studying/graduated from university/college and vocational school
1476,2024,North,"15,000,001 - 30,000,000",Female,30 - 34,8. peddle/ freelancer,Studying/graduated from high school
1477,2024,Central,"4,500,001 - 7,500,000",Male,14 - 18,11. student/ pupil,Studying/graduated from high school
1478,2024,Mekong,"7,500,001 - 15,000,000",Male,14 - 18,7. blue collar/ worker,Studying/graduated from high school
1479,2024,North,"7,500,001 - 15,000,000",Female,19 - 24,8. peddle/ freelancer,Studying/graduated from secondary school
1480,2024,North,"7,500,001 - 15,000,000",Male,14 - 18,11. student/ pupil,Studying/graduated from high school
1481,2024,North,"15,000,001 - 30,000,000",Male,36 - 40,8. peddle/ freelancer,Studying/graduated from university/college and vocational school
1482,2024,North,"7,500,001 - 15,000,000",Female,30 - 34,7. blue collar/ worker,Studying/graduated from high school
1483,2024,Central,"7,500,001 - 15,000,000",Female,19 - 24,11. student/ pupil,Studying/graduated from university/college and vocational school
1484,2024,North,"4,500,001 - 7,500,000",Female,30 - 34,10. housewife,Studying/graduated from high school
1485,2024,South,"Above 45,000,001",Female,36 - 40,4. professional,Studying/graduated from university/college and vocational school
1486,2024,Central,"30,000,001 - 45,000,000",Male,30 - 34,6. white collar (junior level),Studying/graduated from university/college and vocational school
1487,2024,North,"4,500,001 - 7,500,000",Female,30 - 34,10. housewife,Studying/graduated from secondary school
1488,2024,Mekong,"7,500,001 - 15,000,000",Female,25 - 29,4. professional,Studying/graduated from university/college and vocational school
1489,2024,North,"15,000,001 - 30,000,000",Female,19 - 24,17. unskilled labor,Studying/graduated from high school
1490,2024,Central,"15,000,001 - 30,000,000",Male,25 - 29,7. blue collar/ worker,Studying/graduated from university/college and vocational school
1491,2024,Central,"7,500,001 - 15,000,000",Male,36 - 40,17. unskilled labor,Studying/graduated from high school
1492,2024,North,"7,500,001 - 15,000,000",Male,14 - 18,11. student/ pupil,Studying/graduated from high school
1493,2024,North,"15,000,001 - 30,000,000",Female,19 - 24,6. white collar (junior level),Studying/graduated from university/college and vocational school
1494,2024,Mekong,"15,000,001 - 30,000,000",Male,30 - 34,6. white collar (junior level),Studying/graduated from university/college and vocational school
1495,2024,North,"7,500,001 - 15,000,000",Male,30 - 34,7. blue collar/ worker,Studying/graduated from university/college and vocational school
1496,2024,South,"15,000,001 - 30,000,000",Female,19 - 24,11. student/ pupil,Studying/graduated from university/college and vocational school
1497,2024,Central,"7,500,001 - 15,000,000",Female,14 - 18,11. student/ pupil,Studying/graduated from university/college and vocational school
1498,2024,South,"15,000,001 - 30,000,000",Male,14 - 18,11. student/ pupil,Studying/graduated from high school
1499,2024,Central,"7,500,001 - 15,000,000",Female,19 - 24,11. student/ pupil,Studying/graduated from university/college and vocational school
1500,2024,Central,"15,000,001 - 30,000,000",Female,25 - 29,6. white collar (junior level),Studying/graduated from university/college and vocational school
1501,2024,Central,"15,000,001 - 30,000,000",Male,30 - 34,2. owner (small busisness),Studying/graduated from high school
1502,2024,Central,"15,000,001 - 30,000,000",Male,14 - 18,11. student/ pupil,Studying/graduated from secondary school
1503,2024,South,"15,000,001 - 30,000,000",Female,36 - 40,8. peddle/ freelancer,Studying/graduated from high school
1504,2024,North,"7,500,001 - 15,000,000",Male,30 - 34,13. technician,Studying/graduated from university/college and vocational school
1505,2024,North,"15,000,001 - 30,000,000",Male,30 - 34,2. owner (small busisness),Studying/graduated from high school
1506,2024,North,"7,500,001 - 15,000,000",Female,30 - 34,8. peddle/ freelancer,Studying/graduated from high school
1507,2024,North,"15,000,001 - 30,000,000",Female,19 - 24,16. salesperson,Studying/graduated from university/college and vocational school
1508,2024,North,"7,500,001 - 15,000,000",Female,19 - 24,10. housewife,Studying/graduated from high school
1509,2024,Mekong,"7,500,001 - 15,000,000",Female,25 - 29,8. peddle/ freelancer,Studying/graduated from high school
1510,2024,North,"7,500,001 - 15,000,000",Male,19 - 24,8. peddle/ freelancer,Studying/graduated from secondary school
1511,2024,Mekong,"7,500,001 - 15,000,000",Female,19 - 24,6. white collar (junior level),Studying/graduated from university/college and vocational school
1512,2024,Central,"15,000,001 - 30,000,000",Female,36 - 40,4. professional,Studying/graduated from university/college and vocational school
1513,2024,North,"7,500,001 - 15,000,000",Female,30 - 34,10. housewife,Studying/graduated from secondary school
1514,2024,North,"7,500,001 - 15,000,000",Female,25 - 29,6. white collar (junior level),Studying/graduated from university/college and vocational school
1515,2024,North,"15,000,001 - 30,000,000",Male,14 - 18,11. student/ pupil,Studying/graduated from high school
1516,2024,Mekong,"15,000,001 - 30,000,000",Female,14 - 18,11. student/ pupil,Studying/graduated from university/college and vocational school
1517,2024,North,"4,500,001 - 7,500,000",Female,25 - 29,10. housewife,Studying/graduated from high school
1518,2024,Mekong,"4,500,001 - 7,500,000",Female,25 - 29,10. housewife,Studying/graduated from high school
1519,2024,Mekong,"7,500,001 - 15,000,000",Female,25 - 29,7. blue collar/ worker,Studying/graduated from high school
1520,2024,Mekong,"7,500,001 - 15,000,000",Female,25 - 29,10. housewife,Studying/graduated from high school
1521,2024,Mekong,"7,500,001 - 15,000,000",Male,30 - 34,14. agricultural/ farmer,Studying/graduated from secondary school
1522,2024,North,"15,000,001 - 30,000,000",Female,19 - 24,5. white collar (managerial level and above),Studying/graduated from university/college and vocational school
1523,2024,Mekong,"7,500,001 - 15,000,000",Female,30 - 34,5. white collar (managerial level and above),Studying/graduated from university/college and vocational school
1524,2024,Mekong,"7,500,001 - 15,000,000",Female,30 - 34,6. white collar (junior level),Studying/graduated from university/college and vocational school
1525,2024,Mekong,"7,500,001 - 15,000,000",Male,30 - 34,14. agricultural/ farmer,Studying/graduated from secondary school
1526,2024,Mekong,"7,500,001 - 15,000,000",Female,30 - 34,6. white collar (junior level),Studying/graduated from university/college and vocational school
1527,2024,Mekong,"7,500,001 - 15,000,000",Female,30 - 34,3. public sector office worker,Studying/graduated from university/college and vocational school
1528,2024,Mekong,"7,500,001 - 15,000,000",Female,30 - 34,6. white collar (junior level),Studying/graduated from university/college and vocational school
1529,2024,Mekong,"7,500,001 - 15,000,000",Female,30 - 34,4. professional,Studying/graduated from university/college and vocational school
1530,2024,Mekong,"7,500,001 - 15,000,000",Female,36 - 40,10. housewife,Studying/graduated from secondary school
1531,2024,Mekong,"7,500,001 - 15,000,000",Female,30 - 34,6. white collar (junior level),Studying/graduated from university/college and vocational school
1532,2024,Mekong,"7,500,001 - 15,000,000",Female,30 - 34,6. white collar (junior level),Studying/graduated from university/college and vocational school
1533,2024,Mekong,"7,500,001 - 15,000,000",Male,19 - 24,7. blue collar/ worker,Studying/graduated from high school
1534,2024,Mekong,"15,000,001 - 30,000,000",Female,30 - 34,8. peddle/ freelancer,Studying/graduated from high school
1535,2024,Central,"7,500,001 - 15,000,000",Female,36 - 40,8. peddle/ freelancer,Studying/graduated from university/college and vocational school
1536,2024,South,"15,000,001 - 30,000,000",Female,19 - 24,11. student/ pupil,Studying/graduated from university/college and vocational school
1537,2024,Central,"7,500,001 - 15,000,000",Male,25 - 29,13. technician,Studying/graduated from university/college and vocational school
1538,2024,Central,"7,500,001 - 15,000,000",Female,30 - 34,13. technician,Studying/graduated from high school
1539,2024,Central,"7,500,001 - 15,000,000",Female,36 - 40,17. unskilled labor,Studying/graduated from high school
1540,2024,Central,"7,500,001 - 15,000,000",Female,19 - 24,6. white collar (junior level),Studying/graduated from university/college and vocational school
1541,2024,Central,"7,500,001 - 15,000,000",Male,30 - 34,17. unskilled labor,Studying/graduated from high school
1542,2024,Central,"4,500,001 - 7,500,000",Female,25 - 29,8. peddle/ freelancer,Studying/graduated from high school
1543,2024,Central,"15,000,001 - 30,000,000",Female,30 - 34,5. white collar (managerial level and above),Studying/graduated from university/college and vocational school
1544,2024,Central,"4,500,001 - 7,500,000",Male,25 - 29,8. peddle/ freelancer,Studying/graduated from secondary school
1545,2024,Central,"15,000,001 - 30,000,000",Female,19 - 24,11. student/ pupil,Studying/graduated from university/college and vocational school
1546,2024,Mekong,"15,000,001 - 30,000,000",Female,30 - 34,7. blue collar/ worker,Studying/graduated from high school
1547,2024,North,"7,500,001 - 15,000,000",Female,25 - 29,17. unskilled labor,Studying/graduated from high school
1548,2024,North,"7,500,001 - 15,000,000",Male,30 - 34,7. blue collar/ worker,Studying/graduated from high school
1549,2024,North,"7,500,001 - 15,000,000",Male,14 - 18,11. student/ pupil,Studying/graduated from high school
1550,2024,Central,"7,500,001 - 15,000,000",Female,25 - 29,8. peddle/ freelancer,Studying/graduated from high school
1551,2024,Central,"7,500,001 - 15,000,000",Female,14 - 18,11. student/ pupil,Studying/graduated from secondary school
1552,2024,South,"7,500,001 - 15,000,000",Female,25 - 29,8. peddle/ freelancer,Studying/graduated from high school
1553,2024,North,"15,000,001 - 30,000,000",Male,36 - 40,7. blue collar/ worker,Studying/graduated from high school
1554,2024,North,"15,000,001 - 30,000,000",Female,36 - 40,6. white collar (junior level),Studying/graduated from high school
1555,2024,Mekong,"15,000,001 - 30,000,000",Female,36 - 40,8. peddle/ freelancer,Studying/graduated from high school
1556,2024,North,"7,500,001 - 15,000,000",Female,30 - 34,7. blue collar/ worker,Studying/graduated from university/college and vocational school
1557,2024,Central,"15,000,001 - 30,000,000",Female,30 - 34,6. white collar (junior level),Studying/graduated from university/college and vocational school
1558,2024,North,"15,000,001 - 30,000,000",Female,25 - 29,4. professional,Studying/graduated from university/college and vocational school
1559,2024,Mekong,"7,500,001 - 15,000,000",Female,25 - 29,10. housewife,Studying/graduated from secondary school
1560,2024,Central,"7,500,001 - 15,000,000",Female,19 - 24,7. blue collar/ worker,Studying/graduated from high school
1561,2024,North,"15,000,001 - 30,000,000",Female,19 - 24,17. unskilled labor,Studying/graduated from high school
1562,2024,North,"7,500,001 - 15,000,000",Female,30 - 34,10. housewife,Studying/graduated from secondary school
1563,2024,North,"7,500,001 - 15,000,000",Female,30 - 34,10. housewife,Studying/graduated from high school
1564,2024,North,"15,000,001 - 30,000,000",Female,36 - 40,10. housewife,Studying/graduated from high school
1565,2024,Central,"4,500,001 - 7,500,000",Male,30 - 34,7. blue collar/ worker,Studying/graduated from high school
1566,2024,North,"15,000,001 - 30,000,000",Male,19 - 24,8. peddle/ freelancer,Studying/graduated from high school
1567,2024,North,"7,500,001 - 15,000,000",Male,25 - 29,7. blue collar/ worker,Studying/graduated from high school
1568,2024,North,"4,500,001 - 7,500,000",Male,14 - 18,11. student/ pupil,Studying/graduated from high school
1569,2024,North,"7,500,001 - 15,000,000",Female,19 - 24,2. owner (small busisness),Studying/graduated from high school
1570,2024,North,"7,500,001 - 15,000,000",Male,19 - 24,17. unskilled labor,Studying/graduated from university/college and vocational school
1571,2024,North,"15,000,001 - 30,000,000",Female,14 - 18,17. unskilled labor,Studying/graduated from high school
1572,2024,North,"15,000,001 - 30,000,000",Male,14 - 18,11. student/ pupil,Studying/graduated from secondary school
1573,2024,Mekong,"7,500,001 - 15,000,000",Female,36 - 40,7. blue collar/ worker,Studying/graduated from high school
1574,2024,North,"15,000,001 - 30,000,000",Male,25 - 29,3. public sector office worker,Studying/graduated from university/college and vocational school
1575,2024,Mekong,"15,000,001 - 30,000,000",Male,25 - 29,7. blue collar/ worker,Studying/graduated from high school
1576,2024,South,"30,000,001 - 45,000,000",Male,25 - 29,8. peddle/ freelancer,Studying/graduated from high school
1577,2024,Central,"15,000,001 - 30,000,000",Female,19 - 24,11. student/ pupil,Studying/graduated from university/college and vocational school
1578,2024,North,"15,000,001 - 30,000,000",Male,30 - 34,5. white collar (managerial level and above),Studying/graduated from university/college and vocational school
1579,2024,North,"4,500,001 - 7,500,000",Female,36 - 40,17. unskilled labor,Studying/graduated from high school
1580,2024,North,"15,000,001 - 30,000,000",Female,30 - 34,7. blue collar/ worker,Studying/graduated from high school
1581,2024,Mekong,"7,500,001 - 15,000,000",Female,14 - 18,8. peddle/ freelancer,Studying/graduated from high school
1582,2024,Mekong,"7,500,001 - 15,000,000",Male,30 - 34,7. blue collar/ worker,Studying/graduated from secondary school
1583,2024,North,"7,500,001 - 15,000,000",Female,14 - 18,11. student/ pupil,Studying/graduated from secondary school
1584,2024,South,"15,000,001 - 30,000,000",Female,36 - 40,10. housewife,Studying/graduated from university/college and vocational school
1585,2024,Central,"7,500,001 - 15,000,000",Female,36 - 40,14. agricultural/ farmer,Studying/graduated from secondary school
1586,2024,Mekong,"7,500,001 - 15,000,000",Female,14 - 18,7. blue collar/ worker,Studying/graduated from high school
1587,2024,North,"15,000,001 - 30,000,000",Male,30 - 34,6. white collar (junior level),Studying/graduated from university/college and vocational school
1588,2024,North,"7,500,001 - 15,000,000",Female,19 - 24,17. unskilled labor,Studying/graduated from high school
1589,2024,North,"15,000,001 - 30,000,000",Male,30 - 34,6. white collar (junior level),Studying/graduated from university/college and vocational school
1590,2024,North,"7,500,001 - 15,000,000",Male,30 - 34,8. peddle/ freelancer,Studying/graduated from high school
1591,2024,South,"7,500,001 - 15,000,000",Male,25 - 29,6. white collar (junior level),Studying/graduated from university/college and vocational school
1592,2024,Central,"7,500,001 - 15,000,000",Male,25 - 29,8. peddle/ freelancer,Studying/graduated from university/college and vocational school
1593,2024,Mekong,"7,500,001 - 15,000,000",Male,25 - 29,8. peddle/ freelancer,Studying/graduated from high school
1594,2024,North,"7,500,001 - 15,000,000",Female,36 - 40,10. housewife,Studying/graduated from high school
1595,2024,South,"15,000,001 - 30,000,000",Female,36 - 40,10. housewife,Studying/graduated from high school
1596,2024,North,"15,000,001 - 30,000,000",Male,25 - 29,9. unemployed,Studying/graduated from university/college and vocational school
1597,2024,North,"7,500,001 - 15,000,000",Female,25 - 29,17. unskilled labor,Studying/graduated from high school
1598,2024,North,"7,500,001 - 15,000,000",Female,19 - 24,11. student/ pupil,Studying/graduated from university/college and vocational school
1599,2024,Mekong,"7,500,001 - 15,000,000",Male,30 - 34,8. peddle/ freelancer,Studying/graduated from secondary school
1600,2024,South,"7,500,001 - 15,000,000",Female,36 - 40,10. housewife,Studying/graduated from high school
1601,2024,North,"15,000,001 - 30,000,000",Female,30 - 34,10. housewife,Studying/graduated from high school
1602,2024,Central,"3,000,001 - 4,500,000",Male,19 - 24,11. student/ pupil,Studying/graduated from university/college and vocational school
1603,2024,Central,"7,500,001 - 15,000,000",Female,14 - 18,11. student/ pupil,Studying/graduated from secondary school
1604,2024,Central,"7,500,001 - 15,000,000",Male,36 - 40,14. agricultural/ farmer,Studying/graduated from high school
1605,2024,Central,"7,500,001 - 15,000,000",Female,25 - 29,10. housewife,Studying/graduated from high school
1606,2024,Mekong,"7,500,001 - 15,000,000",Female,30 - 34,7. blue collar/ worker,Studying/graduated from high school
1607,2024,Mekong,"15,000,001 - 30,000,000",Female,25 - 29,10. housewife,Studying/graduated from high school
1608,2024,Central,"7,500,001 - 15,000,000",Male,14 - 18,11. student/ pupil,Studying/graduated from high school
1609,2024,Mekong,"7,500,001 - 15,000,000",Female,14 - 18,11. student/ pupil,Studying/graduated from high school
1610,2024,Central,"7,500,001 - 15,000,000",Female,30 - 34,17. unskilled labor,Studying/graduated from high school
1611,2024,Mekong,"4,500,001 - 7,500,000",Male,14 - 18,11. student/ pupil,Studying/graduated from high school
1612,2024,Central,"15,000,001 - 30,000,000",Male,19 - 24,8. peddle/ freelancer,Studying/graduated from high school
1613,2024,Mekong,"7,500,001 - 15,000,000",Female,25 - 29,7. blue collar/ worker,Studying/graduated from high school
1614,2024,Mekong,"7,500,001 - 15,000,000",Female,14 - 18,17. unskilled labor,Studying/graduated from high school
1615,2024,Central,"4,500,001 - 7,500,000",Female,25 - 29,8. peddle/ freelancer,Studying/graduated from high school
1616,2024,Central,"7,500,001 - 15,000,000",Male,14 - 18,11. student/ pupil,Studying/graduated from high school
1617,2024,Mekong,"7,500,001 - 15,000,000",Female,36 - 40,10. housewife,Studying/graduated from high school
1618,2024,Mekong,"7,500,001 - 15,000,000",Male,19 - 24,8. peddle/ freelancer,Studying/graduated from secondary school
1619,2024,Central,"7,500,001 - 15,000,000",Female,25 - 29,8. peddle/ freelancer,Studying/graduated from high school
1620,2024,North,"15,000,001 - 30,000,000",Male,14 - 18,11. student/ pupil,Studying/graduated from high school
1621,2024,Mekong,"7,500,001 - 15,000,000",Male,36 - 40,7. blue collar/ worker,Studying/graduated from high school
1622,2024,Mekong,"4,500,001 - 7,500,000",Female,30 - 34,8. peddle/ freelancer,Studying/graduated from high school
1623,2024,Mekong,"7,500,001 - 15,000,000",Female,30 - 34,10. housewife,Studying/graduated from secondary school
1624,2024,Mekong,"7,500,001 - 15,000,000",Female,19 - 24,8. peddle/ freelancer,Studying/graduated from secondary school
1625,2024,Mekong,"7,500,001 - 15,000,000",Female,19 - 24,7. blue collar/ worker,Studying/graduated from high school
1626,2024,Mekong,"7,500,001 - 15,000,000",Male,19 - 24,17. unskilled labor,Studying/graduated from secondary school
1627,2024,Central,"7,500,001 - 15,000,000",Male,14 - 18,11. student/ pupil,Studying/graduated from secondary school
1628,2024,Central,"15,000,001 - 30,000,000",Male,30 - 34,7. blue collar/ worker,Studying/graduated from high school
1629,2024,Mekong,"7,500,001 - 15,000,000",Male,36 - 40,8. peddle/ freelancer,Studying/graduated from secondary school
1630,2024,Mekong,"7,500,001 - 15,000,000",Female,25 - 29,8. peddle/ freelancer,Studying/graduated from high school
1631,2024,Mekong,"7,500,001 - 15,000,000",Female,19 - 24,7. blue collar/ worker,Studying/graduated from high school
1632,2024,Mekong,"7,500,001 - 15,000,000",Female,25 - 29,10. housewife,Studying/graduated from high school
1633,2024,Mekong,"7,500,001 - 15,000,000",Female,36 - 40,10. housewife,Studying/graduated from high school
1634,2024,Central,"15,000,001 - 30,000,000",Male,14 - 18,11. student/ pupil,Studying/graduated from secondary school
1635,2024,Central,"4,500,001 - 7,500,000",Male,14 - 18,11. student/ pupil,Studying/graduated from secondary school
1636,2024,Mekong,"7,500,001 - 15,000,000",Male,36 - 40,8. peddle/ freelancer,Studying/graduated from secondary school
1637,2024,Mekong,"15,000,001 - 30,000,000",Female,19 - 24,8. peddle/ freelancer,Studying/graduated from high school
1638,2024,Central,"7,500,001 - 15,000,000",Female,25 - 29,2. owner (small busisness),Studying/graduated from high school
1639,2024,Central,"7,500,001 - 15,000,000",Male,14 - 18,11. student/ pupil,Studying/graduated from secondary school
1640,2024,Mekong,"4,500,001 - 7,500,000",Female,30 - 34,10. housewife,Studying/graduated from secondary school
1641,2024,Mekong,"7,500,001 - 15,000,000",Male,19 - 24,7. blue collar/ worker,Studying/graduated from secondary school
1642,2024,South,"15,000,001 - 30,000,000",Male,19 - 24,8. peddle/ freelancer,Studying/graduated from high school
1643,2024,Central,"7,500,001 - 15,000,000",Female,30 - 34,6. white collar (junior level),Studying/graduated from university/college and vocational school
1644,2024,Central,"30,000,001 - 45,000,000",Male,30 - 34,15. soldier/ civil defence,Studying/graduated from university/college and vocational school
1645,2024,Mekong,"7,500,001 - 15,000,000",Female,36 - 40,10. housewife,Studying/graduated from secondary school
1646,2024,Mekong,"15,000,001 - 30,000,000",Female,30 - 34,2. owner (small busisness),Studying/graduated from high school
1647,2024,North,"4,500,001 - 7,500,000",Female,30 - 34,10. housewife,Studying/graduated from high school
1648,2024,Mekong,"7,500,001 - 15,000,000",Male,25 - 29,7. blue collar/ worker,Studying/graduated from high school
1649,2024,Central,"7,500,001 - 15,000,000",Female,25 - 29,4. professional,Studying/graduated from university/college and vocational school
1650,2024,Mekong,"7,500,001 - 15,000,000",Female,25 - 29,2. owner (small busisness),Studying/graduated from high school
1651,2024,Central,"7,500,001 - 15,000,000",Male,19 - 24,17. unskilled labor,Studying/graduated from high school
1652,2024,Mekong,"7,500,001 - 15,000,000",Male,36 - 40,8. peddle/ freelancer,Studying/graduated from high school
1653,2024,Central,"7,500,001 - 15,000,000",Male,30 - 34,14. agricultural/ farmer,Studying/graduated from high school
1654,2024,Central,"15,000,001 - 30,000,000",Male,19 - 24,6. white collar (junior level),Studying/graduated from university/college and vocational school
1655,2024,Mekong,"7,500,001 - 15,000,000",Female,25 - 29,8. peddle/ freelancer,Studying/graduated from high school
1656,2024,Mekong,"7,500,001 - 15,000,000",Female,36 - 40,8. peddle/ freelancer,Studying/graduated from high school
1657,2024,Mekong,"7,500,001 - 15,000,000",Male,14 - 18,8. peddle/ freelancer,Studying/graduated from secondary school
1658,2024,Central,"15,000,001 - 30,000,000",Female,30 - 34,10. housewife,Studying/graduated from university/college and vocational school
1659,2024,Central,"7,500,001 - 15,000,000",Male,14 - 18,11. student/ pupil,Studying/graduated from high school
1660,2024,Mekong,"7,500,001 - 15,000,000",Male,36 - 40,2. owner (small busisness),Studying/graduated from secondary school
1661,2024,Mekong,"15,000,001 - 30,000,000",Male,30 - 34,5. white collar (managerial level and above),Studying/graduated from university/college and vocational school
1662,2024,Mekong,"7,500,001 - 15,000,000",Female,30 - 34,7. blue collar/ worker,Studying/graduated from secondary school
1663,2024,Central,"7,500,001 - 15,000,000",Female,25 - 29,14. agricultural/ farmer,Studying/graduated from high school
1664,2024,Mekong,"7,500,001 - 15,000,000",Male,25 - 29,8. peddle/ freelancer,Studying/graduated from high school
1665,2024,Mekong,"7,500,001 - 15,000,000",Female,14 - 18,11. student/ pupil,Studying/graduated from high school
1666,2024,Central,"7,500,001 - 15,000,000",Male,36 - 40,17. unskilled labor,Studying/graduated from high school
1667,2024,Mekong,"15,000,001 - 30,000,000",Male,19 - 24,7. blue collar/ worker,Studying/graduated from secondary school
1668,2024,Mekong,"7,500,001 - 15,000,000",Male,14 - 18,11. student/ pupil,Studying/graduated from high school
1669,2024,North,"7,500,001 - 15,000,000",Female,19 - 24,6. white collar (junior level),Studying/graduated from university/college and vocational school
1670,2024,Mekong,"7,500,001 - 15,000,000",Female,19 - 24,7. blue collar/ worker,Studying/graduated from secondary school
1671,2024,Mekong,"7,500,001 - 15,000,000",Female,30 - 34,7. blue collar/ worker,Studying/graduated from high school
1672,2024,Mekong,"7,500,001 - 15,000,000",Female,30 - 34,7. blue collar/ worker,Studying/graduated from high school
1673,2024,Central,"15,000,001 - 30,000,000",Female,19 - 24,17. unskilled labor,Studying/graduated from high school
1674,2024,Mekong,"7,500,001 - 15,000,000",Male,14 - 18,7. blue collar/ worker,Studying/graduated from high school
1675,2024,Central,"15,000,001 - 30,000,000",Male,19 - 24,17. unskilled labor,Studying/graduated from high school
1676,2024,Mekong,"7,500,001 - 15,000,000",Male,19 - 24,7. blue collar/ worker,Studying/graduated from high school
1677,2024,North,"15,000,001 - 30,000,000",Male,25 - 29,7. blue collar/ worker,Studying/graduated from high school
1678,2024,Mekong,"7,500,001 - 15,000,000",Male,25 - 29,7. blue collar/ worker,Studying/graduated from high school
1679,2024,Mekong,"7,500,001 - 15,000,000",Male,19 - 24,7. blue collar/ worker,Studying/graduated from high school
1680,2024,Mekong,"15,000,001 - 30,000,000",Female,36 - 40,17. unskilled labor,Studying/graduated from high school
1681,2024,Mekong,"7,500,001 - 15,000,000",Female,30 - 34,10. housewife,Studying/graduated from high school
1682,2024,Mekong,"7,500,001 - 15,000,000",Male,30 - 34,7. blue collar/ worker,Studying/graduated from secondary school
1683,2024,Mekong,"7,500,001 - 15,000,000",Female,30 - 34,8. peddle/ freelancer,Studying/graduated from secondary school
1684,2024,Mekong,"15,000,001 - 30,000,000",Male,19 - 24,8. peddle/ freelancer,Studying/graduated from secondary school
1685,2024,Central,"7,500,001 - 15,000,000",Female,25 - 29,10. housewife,Studying/graduated from university/college and vocational school
1686,2024,Central,"7,500,001 - 15,000,000",Female,25 - 29,6. white collar (junior level),Studying/graduated from high school
1687,2024,Central,"4,500,001 - 7,500,000",Male,30 - 34,8. peddle/ freelancer,Studying/graduated from high school
1688,2024,Mekong,"15,000,001 - 30,000,000",Female,30 - 34,8. peddle/ freelancer,Studying/graduated from high school
1689,2024,Mekong,"15,000,001 - 30,000,000",Female,19 - 24,6. white collar (junior level),Studying/graduated from university/college and vocational school
1690,2024,North,"7,500,001 - 15,000,000",Female,30 - 34,14. agricultural/ farmer,Studying/graduated from high school
1691,2024,Mekong,"7,500,001 - 15,000,000",Female,19 - 24,8. peddle/ freelancer,Studying/graduated from high school
1692,2024,Mekong,"7,500,001 - 15,000,000",Male,30 - 34,7. blue collar/ worker,Studying/graduated from high school
1693,2024,Mekong,"7,500,001 - 15,000,000",Male,19 - 24,6. white collar (junior level),Studying/graduated from university/college and vocational school
1694,2024,Mekong,"7,500,001 - 15,000,000",Female,25 - 29,8. peddle/ freelancer,Studying/graduated from university/college and vocational school
1695,2024,Mekong,"15,000,001 - 30,000,000",Male,19 - 24,8. peddle/ freelancer,Studying/graduated from secondary school
1696,2024,Central,"15,000,001 - 30,000,000",Female,25 - 29,6. white collar (junior level),Studying/graduated from university/college and vocational school
1697,2024,Mekong,"7,500,001 - 15,000,000",Female,19 - 24,10. housewife,Studying/graduated from secondary school
1698,2024,Mekong,"7,500,001 - 15,000,000",Female,19 - 24,10. housewife,Studying/graduated from secondary school
1699,2024,North,"7,500,001 - 15,000,000",Female,25 - 29,7. blue collar/ worker,Studying/graduated from high school
1700,2024,North,"7,500,001 - 15,000,000",Female,30 - 34,14. agricultural/ farmer,Studying/graduated from high school
1701,2024,North,"7,500,001 - 15,000,000",Male,19 - 24,8. peddle/ freelancer,Studying/graduated from high school
1702,2024,Central,"7,500,001 - 15,000,000",Female,30 - 34,7. blue collar/ worker,Studying/graduated from high school
1703,2024,North,"7,500,001 - 15,000,000",Female,30 - 34,10. housewife,Studying/graduated from high school
1704,2024,North,"15,000,001 - 30,000,000",Male,30 - 34,8. peddle/ freelancer,Studying/graduated from high school
1705,2024,Mekong,"7,500,001 - 15,000,000",Male,25 - 29,8. peddle/ freelancer,Studying/graduated from high school
1706,2024,North,"7,500,001 - 15,000,000",Male,14 - 18,11. student/ pupil,Studying/graduated from high school
1707,2024,Mekong,"15,000,001 - 30,000,000",Male,19 - 24,8. peddle/ freelancer,Studying/graduated from secondary school
1708,2024,North,"7,500,001 - 15,000,000",Male,14 - 18,11. student/ pupil,Studying/graduated from high school
1709,2024,Mekong,"7,500,001 - 15,000,000",Female,30 - 34,14. agricultural/ farmer,Studying/graduated from secondary school
1710,2024,Mekong,"4,500,001 - 7,500,000",Female,30 - 34,8. peddle/ freelancer,Studying/graduated from secondary school
1711,2024,Central,"7,500,001 - 15,000,000",Female,36 - 40,14. agricultural/ farmer,Studying/graduated from university/college and vocational school
1712,2024,North,"7,500,001 - 15,000,000",Male,30 - 34,8. peddle/ freelancer,Studying/graduated from secondary school
1713,2024,North,"15,000,001 - 30,000,000",Male,19 - 24,8. peddle/ freelancer,Studying/graduated from high school
1714,2024,North,"15,000,001 - 30,000,000",Male,30 - 34,8. peddle/ freelancer,Studying/graduated from high school
1715,2024,North,"15,000,001 - 30,000,000",Female,30 - 34,10. housewife,Studying/graduated from university/college and vocational school
1716,2024,Mekong,"7,500,001 - 15,000,000",Male,19 - 24,14. agricultural/ farmer,Studying/graduated from secondary school
1717,2024,North,"15,000,001 - 30,000,000",Female,25 - 29,6. white collar (junior level),Studying/graduated from university/college and vocational school
1718,2024,North,"15,000,001 - 30,000,000",Female,25 - 29,7. blue collar/ worker,Studying/graduated from university/college and vocational school
1719,2024,South,"Above 45,000,001",Female,25 - 29,4. professional,Studying/graduated from university/college and vocational school
1720,2024,Central,"7,500,001 - 15,000,000",Male,30 - 34,8. peddle/ freelancer,Studying/graduated from high school
1721,2024,North,"15,000,001 - 30,000,000",Female,14 - 18,11. student/ pupil,Studying/graduated from high school
1722,2024,South,"7,500,001 - 15,000,000",Male,14 - 18,11. student/ pupil,Studying/graduated from university/college and vocational school
1723,2024,Mekong,"7,500,001 - 15,000,000",Female,30 - 34,10. housewife,Studying/graduated from secondary school
1724,2024,South,"15,000,001 - 30,000,000",Male,25 - 29,8. peddle/ freelancer,Studying/graduated from university/college and vocational school
1725,2024,South,"15,000,001 - 30,000,000",Male,25 - 29,4. professional,Studying/graduated from university/college and vocational school
1726,2024,South,"Above 45,000,001",Female,25 - 29,6. white collar (junior level),Studying/graduated from university/college and vocational school
1727,2024,North,"Above 45,000,001",Male,25 - 29,5. white collar (managerial level and above),Studying/graduated from university/college and vocational school
1728,2024,South,"7,500,001 - 15,000,000",Male,14 - 18,11. student/ pupil,Studying/graduated from high school
1729,2024,North,"Above 45,000,001",Female,30 - 34,5. white collar (managerial level and above),Studying/graduated from university/college and vocational school
1730,2024,North,"7,500,001 - 15,000,000",Female,30 - 34,8. peddle/ freelancer,Studying/graduated from high school
1731,2024,Central,"7,500,001 - 15,000,000",Female,14 - 18,11. student/ pupil,Studying/graduated from secondary school
1732,2024,Mekong,"15,000,001 - 30,000,000",Male,36 - 40,13. technician,Studying/graduated from high school
1733,2024,North,"7,500,001 - 15,000,000",Male,19 - 24,9. unemployed,Studying/graduated from high school
1734,2024,North,"15,000,001 - 30,000,000",Female,30 - 34,5. white collar (managerial level and above),Studying/graduated from university/college and vocational school
1735,2024,South,"15,000,001 - 30,000,000",Male,36 - 40,6. white collar (junior level),Studying/graduated from university/college and vocational school
1736,2024,North,"7,500,001 - 15,000,000",Female,30 - 34,10. housewife,Studying/graduated from high school
1737,2024,North,"15,000,001 - 30,000,000",Female,19 - 24,16. salesperson,Studying/graduated from university/college and vocational school
1738,2024,Central,"7,500,001 - 15,000,000",Female,14 - 18,11. student/ pupil,Studying/graduated from high school
1739,2024,Central,"7,500,001 - 15,000,000",Male,14 - 18,11. student/ pupil,Studying/graduated from secondary school
1740,2024,Central,"7,500,001 - 15,000,000",Male,14 - 18,8. peddle/ freelancer,Studying/graduated from high school
1741,2024,Central,"7,500,001 - 15,000,000",Female,36 - 40,6. white collar (junior level),Studying/graduated from university/college and vocational school
1742,2024,Central,"7,500,001 - 15,000,000",Male,14 - 18,11. student/ pupil,Studying/graduated from high school
1743,2024,Mekong,"15,000,001 - 30,000,000",Female,14 - 18,11. student/ pupil,Studying/graduated from high school
1744,2024,Central,"4,500,001 - 7,500,000",Female,36 - 40,7. blue collar/ worker,Studying/graduated from secondary school
1745,2024,Mekong,"7,500,001 - 15,000,000",Female,30 - 34,8. peddle/ freelancer,Studying/graduated from high school
1746,2024,South,"15,000,001 - 30,000,000",Male,14 - 18,11. student/ pupil,Studying/graduated from secondary school
1747,2024,South,"7,500,001 - 15,000,000",Female,36 - 40,8. peddle/ freelancer,Studying/graduated from secondary school
1748,2024,North,"7,500,001 - 15,000,000",Female,25 - 29,17. unskilled labor,Studying/graduated from high school
1749,2024,Central,"15,000,001 - 30,000,000",Female,19 - 24,6. white collar (junior level),Studying/graduated from university/college and vocational school
1750,2024,Central,"7,500,001 - 15,000,000",Female,25 - 29,8. peddle/ freelancer,Studying/graduated from high school
1751,2024,Central,"7,500,001 - 15,000,000",Male,30 - 34,17. unskilled labor,Studying/graduated from high school
1752,2024,Central,"7,500,001 - 15,000,000",Male,30 - 34,8. peddle/ freelancer,Studying/graduated from university/college and vocational school
1753,2024,Mekong,"4,500,001 - 7,500,000",Male,19 - 24,8. peddle/ freelancer,Studying/graduated from high school
1754,2024,North,"7,500,001 - 15,000,000",Female,30 - 34,7. blue collar/ worker,Studying/graduated from high school
1755,2024,Central,"15,000,001 - 30,000,000",Male,25 - 29,17. unskilled labor,Studying/graduated from high school
1756,2024,Central,"7,500,001 - 15,000,000",Male,19 - 24,11. student/ pupil,Studying/graduated from university/college and vocational school
1757,2024,Central,"4,500,001 - 7,500,000",Female,30 - 34,8. peddle/ freelancer,Studying/graduated from high school
1758,2024,Mekong,"15,000,001 - 30,000,000",Female,25 - 29,7. blue collar/ worker,Studying/graduated from high school
1759,2024,Central,"4,500,001 - 7,500,000",Male,25 - 29,8. peddle/ freelancer,Studying/graduated from high school
1760,2024,Central,"4,500,001 - 7,500,000",Female,36 - 40,7. blue collar/ worker,Studying/graduated from high school
1761,2024,North,"15,000,001 - 30,000,000",Female,14 - 18,11. student/ pupil,Studying/graduated from high school
1762,2024,Central,"15,000,001 - 30,000,000",Female,25 - 29,8. peddle/ freelancer,Studying/graduated from high school
1763,2024,Central,"7,500,001 - 15,000,000",Female,25 - 29,8. peddle/ freelancer,Studying/graduated from high school
1764,2024,North,"30,000,001 - 45,000,000",Female,19 - 24,9. unemployed,Studying/graduated from high school
1765,2024,Central,"7,500,001 - 15,000,000",Female,14 - 18,11. student/ pupil,Studying/graduated from high school
1766,2024,North,"7,500,001 - 15,000,000",Male,14 - 18,11. student/ pupil,Studying/graduated from high school
1767,2024,Mekong,"7,500,001 - 15,000,000",Male,30 - 34,7. blue collar/ worker,Studying/graduated from high school
1768,2024,Central,"7,500,001 - 15,000,000",Female,19 - 24,11. student/ pupil,Studying/graduated from university/college and vocational school
1769,2024,South,"15,000,001 - 30,000,000",Female,19 - 24,8. peddle/ freelancer,Studying/graduated from high school
1770,2024,South,"30,000,001 - 45,000,000",Female,19 - 24,6. white collar (junior level),Studying/graduated from university/college and vocational school
1771,2024,Central,"4,500,001 - 7,500,000",Female,25 - 29,2. owner (small busisness),Studying/graduated from university/college and vocational school
1772,2024,Mekong,"7,500,001 - 15,000,000",Female,25 - 29,8. peddle/ freelancer,Studying/graduated from high school
1773,2024,Mekong,"15,000,001 - 30,000,000",Female,25 - 29,7. blue collar/ worker,Studying/graduated from high school
1774,2024,Mekong,"7,500,001 - 15,000,000",Male,30 - 34,1. owner (large business),Studying/graduated from university/college and vocational school
1775,2024,Mekong,"15,000,001 - 30,000,000",Male,25 - 29,6. white collar (junior level),Studying/graduated from university/college and vocational school
1776,2024,South,"15,000,001 - 30,000,000",Female,14 - 18,11. student/ pupil,Studying/graduated from university/college and vocational school
1777,2024,Mekong,"15,000,001 - 30,000,000",Male,25 - 29,5. white collar (managerial level and above),Studying/graduated from university/college and vocational school
1778,2024,Mekong,"15,000,001 - 30,000,000",Male,36 - 40,5. white collar (managerial level and above),Studying/graduated from university/college and vocational school
1779,2024,Mekong,"15,000,001 - 30,000,000",Female,25 - 29,6. white collar (junior level),Studying/graduated from university/college and vocational school
1780,2024,North,"Above 45,000,001",Female,25 - 29,5. white collar (managerial level and above),Studying/graduated from university/college and vocational school
1781,2024,Central,"7,500,001 - 15,000,000",Female,30 - 34,8. peddle/ freelancer,Studying/graduated from high school
1782,2024,Mekong,"7,500,001 - 15,000,000",Male,30 - 34,5. white collar (managerial level and above),Studying/graduated from high school
1783,2024,South,"15,000,001 - 30,000,000",Female,19 - 24,17. unskilled labor,Studying/graduated from high school
1784,2024,Central,"15,000,001 - 30,000,000",Male,30 - 34,6. white collar (junior level),Studying/graduated from university/college and vocational school
1785,2024,Central,"7,500,001 - 15,000,000",Female,30 - 34,4. professional,Studying/graduated from university/college and vocational school
1786,2024,South,"7,500,001 - 15,000,000",Female,19 - 24,17. unskilled labor,Studying/graduated from high school
1787,2024,Mekong,"7,500,001 - 15,000,000",Male,19 - 24,17. unskilled labor,Studying/graduated from secondary school
1788,2024,Mekong,"7,500,001 - 15,000,000",Male,19 - 24,7. blue collar/ worker,Studying/graduated from high school
1789,2024,Central,"7,500,001 - 15,000,000",Male,30 - 34,8. peddle/ freelancer,Studying/graduated from high school
1790,2024,Central,"15,000,001 - 30,000,000",Female,30 - 34,7. blue collar/ worker,Studying/graduated from high school
1791,2024,Central,"7,500,001 - 15,000,000",Female,25 - 29,7. blue collar/ worker,Studying/graduated from high school
1792,2024,North,"15,000,001 - 30,000,000",Male,19 - 24,11. student/ pupil,Studying/graduated from university/college and vocational school
1793,2024,Mekong,"4,500,001 - 7,500,000",Female,19 - 24,10. housewife,Studying/graduated from secondary school
1794,2024,North,"15,000,001 - 30,000,000",Female,19 - 24,3. public sector office worker,Studying/graduated from university/college and vocational school
1795,2024,North,"15,000,001 - 30,000,000",Male,19 - 24,6. white collar (junior level),Studying/graduated from university/college and vocational school
1796,2024,Mekong,"7,500,001 - 15,000,000",Female,25 - 29,10. housewife,Studying/graduated from high school
1797,2024,Central,"4,500,001 - 7,500,000",Female,36 - 40,8. peddle/ freelancer,Studying/graduated from secondary school
1798,2024,Mekong,"7,500,001 - 15,000,000",Male,25 - 29,8. peddle/ freelancer,Studying/graduated from high school
1799,2024,Mekong,"4,500,001 - 7,500,000",Female,30 - 34,10. housewife,Studying/graduated from secondary school
1800,2024,North,"15,000,001 - 30,000,000",Female,36 - 40,8. peddle/ freelancer,Studying/graduated from high school
1801,2024,Central,"7,500,001 - 15,000,000",Male,30 - 34,8. peddle/ freelancer,Studying/graduated from high school
1802,2024,Mekong,"7,500,001 - 15,000,000",Female,30 - 34,7. blue collar/ worker,Studying/graduated from high school
1803,2024,Mekong,"15,000,001 - 30,000,000",Male,19 - 24,7. blue collar/ worker,Studying/graduated from high school
1804,2024,North,"7,500,001 - 15,000,000",Male,30 - 34,8. peddle/ freelancer,Studying/graduated from high school
1805,2024,Central,"15,000,001 - 30,000,000",Female,36 - 40,4. professional,Studying/graduated from university/college and vocational school
1806,2024,Mekong,"7,500,001 - 15,000,000",Male,14 - 18,8. peddle/ freelancer,Studying/graduated from secondary school
1807,2024,Central,"15,000,001 - 30,000,000",Female,30 - 34,17. unskilled labor,Studying/graduated from high school
1808,2024,Central,"7,500,001 - 15,000,000",Female,14 - 18,11. student/ pupil,Studying/graduated from secondary school
1809,2024,Central,"15,000,001 - 30,000,000",Male,36 - 40,6. white collar (junior level),Studying/graduated from university/college and vocational school
1810,2024,Mekong,"15,000,001 - 30,000,000",Male,30 - 34,8. peddle/ freelancer,Studying/graduated from high school
1811,2024,Mekong,"4,500,001 - 7,500,000",Male,30 - 34,7. blue collar/ worker,Studying/graduated from high school
1812,2024,Central,"7,500,001 - 15,000,000",Female,25 - 29,6. white collar (junior level),Studying/graduated from university/college and vocational school
1813,2024,Mekong,"7,500,001 - 15,000,000",Female,30 - 34,8. peddle/ freelancer,Studying/graduated from secondary school
1814,2024,Mekong,"7,500,001 - 15,000,000",Female,14 - 18,11. student/ pupil,Studying/graduated from secondary school
1815,2024,Mekong,"7,500,001 - 15,000,000",Female,25 - 29,8. peddle/ freelancer,Studying/graduated from university/college and vocational school
1816,2024,North,"30,000,001 - 45,000,000",Female,30 - 34,8. peddle/ freelancer,Studying/graduated from high school
1817,2024,North,"7,500,001 - 15,000,000",Male,19 - 24,11. student/ pupil,Studying/graduated from university/college and vocational school
1818,2024,Mekong,"15,000,001 - 30,000,000",Male,25 - 29,8. peddle/ freelancer,Studying/graduated from high school
1819,2024,Mekong,"15,000,001 - 30,000,000",Female,30 - 34,5. white collar (managerial level and above),Studying/graduated from university/college and vocational school
1820,2024,Mekong,"15,000,001 - 30,000,000",Female,30 - 34,4. professional,Studying/graduated from university/college and vocational school
1821,2024,Mekong,"7,500,001 - 15,000,000",Male,36 - 40,7. blue collar/ worker,Studying/graduated from university/college and vocational school
1822,2024,South,"15,000,001 - 30,000,000",Male,30 - 34,6. white collar (junior level),Studying/graduated from university/college and vocational school
1823,2024,South,"15,000,001 - 30,000,000",Male,19 - 24,11. student/ pupil,Studying/graduated from university/college and vocational school
1824,2024,Central,"7,500,001 - 15,000,000",Female,25 - 29,14. agricultural/ farmer,Studying/graduated from high school
1825,2024,Central,"7,500,001 - 15,000,000",Male,25 - 29,7. blue collar/ worker,Studying/graduated from high school
1826,2024,Central,"4,500,001 - 7,500,000",Male,30 - 34,10. housewife,Studying/graduated from high school
1827,2024,Central,"7,500,001 - 15,000,000",Female,25 - 29,8. peddle/ freelancer,Studying/graduated from high school
1828,2024,Mekong,"15,000,001 - 30,000,000",Female,30 - 34,5. white collar (managerial level and above),Studying/graduated from university/college and vocational school
1829,2024,Mekong,"15,000,001 - 30,000,000",Female,30 - 34,5. white collar (managerial level and above),Studying/graduated from university/college and vocational school
1830,2024,Mekong,"15,000,001 - 30,000,000",Female,30 - 34,6. white collar (junior level),Studying/graduated from university/college and vocational school
1831,2024,Central,"15,000,001 - 30,000,000",Female,30 - 34,5. white collar (managerial level and above),Studying/graduated from university/college and vocational school
1832,2024,Central,"15,000,001 - 30,000,000",Female,30 - 34,7. blue collar/ worker,Studying/graduated from university/college and vocational school
1833,2024,Central,"15,000,001 - 30,000,000",Female,25 - 29,6. white collar (junior level),Studying/graduated from university/college and vocational school
1834,2024,Central,"15,000,001 - 30,000,000",Female,30 - 34,5. white collar (managerial level and above),Studying/graduated from university/college and vocational school
1835,2024,Central,"15,000,001 - 30,000,000",Female,30 - 34,5. white collar (managerial level and above),Studying/graduated from university/college and vocational school
1836,2024,Central,"15,000,001 - 30,000,000",Male,14 - 18,11. student/ pupil,Studying/graduated from high school
1837,2024,Central,"15,000,001 - 30,000,000",Female,25 - 29,5. white collar (managerial level and above),Studying/graduated from university/college and vocational school
1838,2024,Central,"15,000,001 - 30,000,000",Female,30 - 34,7. blue collar/ worker,Studying/graduated from university/college and vocational school
1839,2024,Central,"15,000,001 - 30,000,000",Female,30 - 34,6. white collar (junior level),Studying/graduated from university/college and vocational school
1840,2024,Central,"7,500,001 - 15,000,000",Female,36 - 40,6. white collar (junior level),Studying/graduated from university/college and vocational school
1841,2024,Central,"7,500,001 - 15,000,000",Male,19 - 24,7. blue collar/ worker,Studying/graduated from high school
1842,2024,Central,"7,500,001 - 15,000,000",Female,30 - 34,6. white collar (junior level),Studying/graduated from university/college and vocational school
1843,2024,Central,"7,500,001 - 15,000,000",Female,19 - 24,17. unskilled labor,Studying/graduated from high school
1844,2024,North,"15,000,001 - 30,000,000",Male,25 - 29,17. unskilled labor,Studying/graduated from high school
1845,2024,Central,"7,500,001 - 15,000,000",Male,36 - 40,13. technician,Studying/graduated from university/college and vocational school
1846,2024,Central,"15,000,001 - 30,000,000",Female,30 - 34,7. blue collar/ worker,Studying/graduated from high school
1847,2024,North,"15,000,001 - 30,000,000",Male,19 - 24,11. student/ pupil,Studying/graduated from university/college and vocational school
1848,2024,Central,"7,500,001 - 15,000,000",Male,14 - 18,8. peddle/ freelancer,Studying/graduated from secondary school
1849,2024,Central,"15,000,001 - 30,000,000",Male,14 - 18,11. student/ pupil,Studying/graduated from high school
1850,2024,Central,"7,500,001 - 15,000,000",Male,19 - 24,8. peddle/ freelancer,Studying/graduated from high school
1851,2024,North,"7,500,001 - 15,000,000",Female,30 - 34,7. blue collar/ worker,Studying/graduated from university/college and vocational school
1852,2024,Central,"7,500,001 - 15,000,000",Female,36 - 40,8. peddle/ freelancer,Studying/graduated from high school
1853,2024,Central,"7,500,001 - 15,000,000",Female,30 - 34,8. peddle/ freelancer,Studying/graduated from high school
1854,2024,Central,"15,000,001 - 30,000,000",Female,30 - 34,17. unskilled labor,Studying/graduated from high school
1855,2024,North,"15,000,001 - 30,000,000",Female,36 - 40,8. peddle/ freelancer,Studying/graduated from high school
1856,2024,North,"15,000,001 - 30,000,000",Male,19 - 24,11. student/ pupil,Studying/graduated from university/college and vocational school
1857,2024,Central,"15,000,001 - 30,000,000",Male,36 - 40,8. peddle/ freelancer,Studying/graduated from university/college and vocational school
1858,2024,South,"7,500,001 - 15,000,000",Male,19 - 24,7. blue collar/ worker,Studying/graduated from high school
1859,2024,Central,"7,500,001 - 15,000,000",Female,14 - 18,11. student/ pupil,Studying/graduated from high school
1860,2024,South,"7,500,001 - 15,000,000",Male,30 - 34,7. blue collar/ worker,Studying/graduated from high school
1861,2024,South,"7,500,001 - 15,000,000",Male,19 - 24,7. blue collar/ worker,Studying/graduated from high school
1862,2024,South,"7,500,001 - 15,000,000",Female,25 - 29,6. white collar (junior level),Studying/graduated from high school
1863,2024,Central,"15,000,001 - 30,000,000",Male,19 - 24,13. technician,Studying/graduated from high school
1864,2024,South,"15,000,001 - 30,000,000",Male,19 - 24,7. blue collar/ worker,Studying/graduated from high school
1865,2024,South,"7,500,001 - 15,000,000",Female,30 - 34,7. blue collar/ worker,Studying/graduated from high school
1866,2024,North,"15,000,001 - 30,000,000",Female,25 - 29,8. peddle/ freelancer,Studying/graduated from high school
1867,2024,Mekong,"7,500,001 - 15,000,000",Male,14 - 18,11. student/ pupil,Studying/graduated from university/college and vocational school
1868,2024,North,"7,500,001 - 15,000,000",Female,19 - 24,11. student/ pupil,Studying/graduated from university/college and vocational school
1869,2024,North,"15,000,001 - 30,000,000",Female,19 - 24,8. peddle/ freelancer,Studying/graduated from high school
1870,2024,Central,"7,500,001 - 15,000,000",Male,36 - 40,8. peddle/ freelancer,Studying/graduated from secondary school
1871,2024,Mekong,"15,000,001 - 30,000,000",Female,25 - 29,8. peddle/ freelancer,Studying/graduated from high school
1872,2024,Central,"7,500,001 - 15,000,000",Male,30 - 34,8. peddle/ freelancer,Studying/graduated from high school
1873,2024,Mekong,"7,500,001 - 15,000,000",Female,19 - 24,6. white collar (junior level),Studying/graduated from university/college and vocational school
1874,2024,Mekong,"7,500,001 - 15,000,000",Female,30 - 34,6. white collar (junior level),Studying/graduated from university/college and vocational school
1875,2024,South,"15,000,001 - 30,000,000",Male,30 - 34,6. white collar (junior level),Studying/graduated from university/college and vocational school
1876,2024,Mekong,"15,000,001 - 30,000,000",Female,19 - 24,11. student/ pupil,Studying/graduated from university/college and vocational school
1877,2024,Mekong,"15,000,001 - 30,000,000",Male,25 - 29,8. peddle/ freelancer,Studying/graduated from high school
1878,2024,South,"15,000,001 - 30,000,000",Female,19 - 24,11. student/ pupil,Studying/graduated from university/college and vocational school
1879,2024,Central,"7,500,001 - 15,000,000",Female,30 - 34,8. peddle/ freelancer,Studying/graduated from high school
1880,2024,Mekong,"7,500,001 - 15,000,000",Female,19 - 24,8. peddle/ freelancer,Studying/graduated from high school
1881,2024,Central,"7,500,001 - 15,000,000",Female,19 - 24,16. salesperson,Studying/graduated from high school
1882,2024,Mekong,"15,000,001 - 30,000,000",Female,36 - 40,8. peddle/ freelancer,Studying/graduated from high school
1883,2024,Central,"7,500,001 - 15,000,000",Female,19 - 24,11. student/ pupil,Studying/graduated from university/college and vocational school
1884,2024,South,"15,000,001 - 30,000,000",Male,36 - 40,6. white collar (junior level),Studying/graduated from university/college and vocational school
1885,2024,Central,"7,500,001 - 15,000,000",Female,30 - 34,6. white collar (junior level),Studying/graduated from university/college and vocational school
1886,2024,Central,"7,500,001 - 15,000,000",Female,30 - 34,5. white collar (managerial level and above),Studying/graduated from university/college and vocational school
1887,2024,Central,"7,500,001 - 15,000,000",Female,30 - 34,6. white collar (junior level),Studying/graduated from university/college and vocational school
1888,2024,North,"15,000,001 - 30,000,000",Female,30 - 34,7. blue collar/ worker,Studying/graduated from university/college and vocational school
1889,2024,South,"7,500,001 - 15,000,000",Female,19 - 24,5. white collar (managerial level and above),Studying/graduated from university/college and vocational school
1890,2024,North,"7,500,001 - 15,000,000",Female,30 - 34,5. white collar (managerial level and above),Studying/graduated from university/college and vocational school
1891,2024,North,"15,000,001 - 30,000,000",Female,30 - 34,7. blue collar/ worker,Studying/graduated from university/college and vocational school
1892,2024,North,"7,500,001 - 15,000,000",Female,30 - 34,6. white collar (junior level),Studying/graduated from university/college and vocational school
1893,2024,North,"7,500,001 - 15,000,000",Female,30 - 34,5. white collar (managerial level and above),Studying/graduated from university/college and vocational school
1894,2024,North,"7,500,001 - 15,000,000",Female,30 - 34,6. white collar (junior level),Studying/graduated from university/college and vocational school
1895,2024,South,"7,500,001 - 15,000,000",Female,19 - 24,5. white collar (managerial level and above),Studying/graduated from university/college and vocational school
1896,2024,North,"7,500,001 - 15,000,000",Female,30 - 34,5. white collar (managerial level and above),Studying/graduated from university/college and vocational school
1897,2024,Central,"7,500,001 - 15,000,000",Male,19 - 24,6. white collar (junior level),Studying/graduated from university/college and vocational school
1898,2024,South,"7,500,001 - 15,000,000",Female,19 - 24,11. student/ pupil,Studying/graduated from university/college and vocational school
1899,2024,South,"7,500,001 - 15,000,000",Female,19 - 24,5. white collar (managerial level and above),Studying/graduated from university/college and vocational school
1900,2024,North,"7,500,001 - 15,000,000",Male,19 - 24,8. peddle/ freelancer,Studying/graduated from high school
1901,2024,Central,"7,500,001 - 15,000,000",Female,30 - 34,8. peddle/ freelancer,Studying/graduated from high school
1902,2024,Mekong,"7,500,001 - 15,000,000",Female,30 - 34,7. blue collar/ worker,Studying/graduated from high school
1903,2024,North,"7,500,001 - 15,000,000",Male,19 - 24,17. unskilled labor,Studying/graduated from high school
1904,2024,South,"7,500,001 - 15,000,000",Female,25 - 29,8. peddle/ freelancer,Studying/graduated from high school
1905,2024,South,"7,500,001 - 15,000,000",Female,25 - 29,17. unskilled labor,Studying/graduated from high school
1906,2024,North,"7,500,001 - 15,000,000",Male,25 - 29,13. technician,Studying/graduated from university/college and vocational school
1907,2024,North,"15,000,001 - 30,000,000",Female,30 - 34,6. white collar (junior level),Studying/graduated from university/college and vocational school
1908,2024,Central,"7,500,001 - 15,000,000",Male,30 - 34,8. peddle/ freelancer,Studying/graduated from university/college and vocational school
1909,2024,Mekong,"7,500,001 - 15,000,000",Male,25 - 29,8. peddle/ freelancer,Studying/graduated from high school
1910,2024,Mekong,"7,500,001 - 15,000,000",Male,19 - 24,7. blue collar/ worker,Studying/graduated from high school
1911,2024,Mekong,"7,500,001 - 15,000,000",Female,14 - 18,11. student/ pupil,Studying/graduated from high school
1912,2024,South,"7,500,001 - 15,000,000",Male,25 - 29,17. unskilled labor,Studying/graduated from high school
1913,2024,Central,"7,500,001 - 15,000,000",Male,19 - 24,8. peddle/ freelancer,Studying/graduated from high school
1914,2024,Central,"7,500,001 - 15,000,000",Female,30 - 34,7. blue collar/ worker,Studying/graduated from high school
1915,2024,Mekong,"15,000,001 - 30,000,000",Female,19 - 24,7. blue collar/ worker,Studying/graduated from high school
1916,2024,Central,"7,500,001 - 15,000,000",Male,19 - 24,11. student/ pupil,Studying/graduated from university/college and vocational school
1917,2024,South,"7,500,001 - 15,000,000",Male,14 - 18,11. student/ pupil,Studying/graduated from high school
1918,2024,Central,"15,000,001 - 30,000,000",Female,30 - 34,7. blue collar/ worker,Studying/graduated from high school
1919,2024,South,"7,500,001 - 15,000,000",Female,19 - 24,11. student/ pupil,Studying/graduated from university/college and vocational school
1920,2024,Mekong,"30,000,001 - 45,000,000",Male,14 - 18,11. student/ pupil,Studying/graduated from high school
1921,2024,Central,"15,000,001 - 30,000,000",Female,25 - 29,4. professional,Studying/graduated from university/college and vocational school
1922,2024,South,"15,000,001 - 30,000,000",Male,19 - 24,8. peddle/ freelancer,Studying/graduated from high school
1923,2024,Central,"15,000,001 - 30,000,000",Male,14 - 18,11. student/ pupil,Studying/graduated from high school
1924,2024,North,"15,000,001 - 30,000,000",Female,14 - 18,11. student/ pupil,Studying/graduated from high school
1925,2024,South,"15,000,001 - 30,000,000",Female,19 - 24,11. student/ pupil,Studying/graduated from university/college and vocational school
1926,2024,South,"15,000,001 - 30,000,000",Female,30 - 34,8. peddle/ freelancer,Studying/graduated from high school
1927,2024,North,"7,500,001 - 15,000,000",Female,19 - 24,8. peddle/ freelancer,Studying/graduated from high school
1928,2024,South,"30,000,001 - 45,000,000",Male,25 - 29,8. peddle/ freelancer,Studying/graduated from high school
1929,2024,Mekong,"7,500,001 - 15,000,000",Male,14 - 18,11. student/ pupil,Studying/graduated from high school
1930,2024,Mekong,"7,500,001 - 15,000,000",Female,30 - 34,10. housewife,Studying/graduated from secondary school
1931,2024,North,"7,500,001 - 15,000,000",Female,25 - 29,8. peddle/ freelancer,Studying/graduated from high school
1932,2024,South,"15,000,001 - 30,000,000",Female,19 - 24,11. student/ pupil,Studying/graduated from high school
1933,2024,North,"7,500,001 - 15,000,000",Male,14 - 18,11. student/ pupil,Studying/graduated from university/college and vocational school
1934,2024,North,"15,000,001 - 30,000,000",Female,19 - 24,8. peddle/ freelancer,Studying/graduated from high school
1935,2024,Central,"15,000,001 - 30,000,000",Female,30 - 34,8. peddle/ freelancer,Studying/graduated from university/college and vocational school
1936,2024,North,"15,000,001 - 30,000,000",Female,25 - 29,8. peddle/ freelancer,Studying/graduated from high school
1937,2024,North,"7,500,001 - 15,000,000",Male,30 - 34,5. white collar (managerial level and above),Studying/graduated from university/college and vocational school
1938,2024,North,"15,000,001 - 30,000,000",Male,25 - 29,5. white collar (managerial level and above),Studying/graduated from university/college and vocational school
1939,2024,South,"4,500,001 - 7,500,000",Female,30 - 34,6. white collar (junior level),Studying/graduated from high school
1940,2024,North,"7,500,001 - 15,000,000",Female,19 - 24,6. white collar (junior level),Studying/graduated from university/college and vocational school
1941,2024,North,"7,500,001 - 15,000,000",Female,19 - 24,5. white collar (managerial level and above),Studying/graduated from university/college and vocational school
1942,2024,Mekong,"15,000,001 - 30,000,000",Male,19 - 24,7. blue collar/ worker,Studying/graduated from high school
1943,2024,South,"4,500,001 - 7,500,000",Female,30 - 34,7. blue collar/ worker,Studying/graduated from high school
1944,2024,North,"7,500,001 - 15,000,000",Female,19 - 24,6. white collar (junior level),Studying/graduated from university/college and vocational school
1945,2024,North,"7,500,001 - 15,000,000",Female,19 - 24,5. white collar (managerial level and above),Studying/graduated from university/college and vocational school
1946,2024,South,"4,500,001 - 7,500,000",Female,30 - 34,7. blue collar/ worker,Studying/graduated from high school
1947,2024,South,"4,500,001 - 7,500,000",Female,30 - 34,5. white collar (managerial level and above),Studying/graduated from university/college and vocational school
1948,2024,North,"7,500,001 - 15,000,000",Female,19 - 24,6. white collar (junior level),Studying/graduated from university/college and vocational school
1949,2024,South,"4,500,001 - 7,500,000",Female,30 - 34,7. blue collar/ worker,Studying/graduated from high school
1950,2024,South,"4,500,001 - 7,500,000",Female,30 - 34,5. white collar (managerial level and above),Studying/graduated from university/college and vocational school
1951,2024,North,"7,500,001 - 15,000,000",Female,19 - 24,5. white collar (managerial level and above),Studying/graduated from university/college and vocational school
1952,2024,South,"4,500,001 - 7,500,000",Female,30 - 34,7. blue collar/ worker,Studying/graduated from high school
1953,2024,South,"7,500,001 - 15,000,000",Female,30 - 34,5. white collar (managerial level and above),Studying/graduated from university/college and vocational school
1954,2024,South,"7,500,001 - 15,000,000",Female,19 - 24,5. white collar (managerial level and above),Studying/graduated from university/college and vocational school
1955,2024,North,"4,500,001 - 7,500,000",Female,30 - 34,7. blue collar/ worker,Studying/graduated from high school
1956,2024,North,"15,000,001 - 30,000,000",Male,19 - 24,8. peddle/ freelancer,Studying/graduated from high school
1957,2024,Mekong,"7,500,001 - 15,000,000",Female,36 - 40,17. unskilled labor,Studying/graduated from high school
1958,2024,Central,"7,500,001 - 15,000,000",Female,36 - 40,2. owner (small busisness),Studying/graduated from university/college and vocational school
1959,2024,Central,"7,500,001 - 15,000,000",Male,14 - 18,11. student/ pupil,Studying/graduated from high school
1960,2024,Central,"15,000,001 - 30,000,000",Female,19 - 24,17. unskilled labor,Studying/graduated from high school
1961,2024,Central,"7,500,001 - 15,000,000",Male,19 - 24,6. white collar (junior level),Studying/graduated from university/college and vocational school
1962,2024,Central,"7,500,001 - 15,000,000",Female,19 - 24,8. peddle/ freelancer,Studying/graduated from secondary school
1963,2024,Central,"7,500,001 - 15,000,000",Male,19 - 24,7. blue collar/ worker,Studying/graduated from high school
1964,2024,North,"7,500,001 - 15,000,000",Female,25 - 29,6. white collar (junior level),Studying/graduated from university/college and vocational school
1965,2024,Central,"7,500,001 - 15,000,000",Female,30 - 34,7. blue collar/ worker,Studying/graduated from high school
1966,2024,Central,"15,000,001 - 30,000,000",Male,36 - 40,8. peddle/ freelancer,Studying/graduated from high school
1967,2024,Mekong,"7,500,001 - 15,000,000",Male,19 - 24,11. student/ pupil,Studying/graduated from university/college and vocational school
1968,2024,Mekong,"7,500,001 - 15,000,000",Female,19 - 24,8. peddle/ freelancer,Studying/graduated from high school
1969,2024,North,"15,000,001 - 30,000,000",Male,30 - 34,6. white collar (junior level),Studying/graduated from university/college and vocational school
1970,2024,Mekong,"7,500,001 - 15,000,000",Male,14 - 18,11. student/ pupil,Studying/graduated from high school
1971,2024,North,"15,000,001 - 30,000,000",Female,19 - 24,11. student/ pupil,Studying/graduated from university/college and vocational school
1972,2024,Mekong,"15,000,001 - 30,000,000",Female,25 - 29,6. white collar (junior level),Studying/graduated from university/college and vocational school
1973,2024,Mekong,"15,000,001 - 30,000,000",Female,30 - 34,7. blue collar/ worker,Studying/graduated from high school
1974,2024,South,"15,000,001 - 30,000,000",Male,19 - 24,8. peddle/ freelancer,Studying/graduated from high school
1975,2024,North,"15,000,001 - 30,000,000",Male,30 - 34,5. white collar (managerial level and above),Studying/graduated from university/college and vocational school
1976,2024,North,"15,000,001 - 30,000,000",Male,25 - 29,8. peddle/ freelancer,Studying/graduated from high school
1977,2024,Mekong,"7,500,001 - 15,000,000",Male,19 - 24,8. peddle/ freelancer,Studying/graduated from high school
1978,2024,Mekong,"7,500,001 - 15,000,000",Female,36 - 40,8. peddle/ freelancer,Studying/graduated from high school
1979,2024,Mekong,"15,000,001 - 30,000,000",Female,19 - 24,7. blue collar/ worker,Studying/graduated from high school
1980,2024,North,"7,500,001 - 15,000,000",Female,36 - 40,17. unskilled labor,Studying/graduated from high school
1981,2024,Central,"7,500,001 - 15,000,000",Female,30 - 34,7. blue collar/ worker,Studying/graduated from university/college and vocational school
1982,2024,Central,"7,500,001 - 15,000,000",Female,30 - 34,6. white collar (junior level),Studying/graduated from university/college and vocational school
1983,2024,Central,"7,500,001 - 15,000,000",Female,30 - 34,8. peddle/ freelancer,Studying/graduated from high school
1984,2024,Central,"7,500,001 - 15,000,000",Female,36 - 40,6. white collar (junior level),Studying/graduated from university/college and vocational school
1985,2024,South,"7,500,001 - 15,000,000",Male,36 - 40,17. unskilled labor,Studying/graduated from secondary school
1986,2024,Central,"15,000,001 - 30,000,000",Male,19 - 24,11. student/ pupil,Studying/graduated from university/college and vocational school
1987,2024,Central,"7,500,001 - 15,000,000",Female,19 - 24,6. white collar (junior level),Studying/graduated from university/college and vocational school
1988,2024,North,"7,500,001 - 15,000,000",Female,36 - 40,6. white collar (junior level),Studying/graduated from university/college and vocational school
1989,2024,South,"7,500,001 - 15,000,000",Female,36 - 40,2. owner (small busisness),Studying/graduated from high school
1990,2024,Central,"15,000,001 - 30,000,000",Female,30 - 34,14. agricultural/ farmer,Studying/graduated from high school
1991,2024,Central,"15,000,001 - 30,000,000",Female,14 - 18,6. white collar (junior level),Studying/graduated from university/college and vocational school
1992,2024,North,"15,000,001 - 30,000,000",Female,25 - 29,6. white collar (junior level),Studying/graduated from university/college and vocational school
1993,2024,South,"15,000,001 - 30,000,000",Female,36 - 40,8. peddle/ freelancer,Studying/graduated from high school
1994,2024,South,"15,000,001 - 30,000,000",Female,19 - 24,11. student/ pupil,Studying/graduated from university/college and vocational school
1995,2024,North,"7,500,001 - 15,000,000",Female,36 - 40,17. unskilled labor,Studying/graduated from high school
1996,2024,Central,"7,500,001 - 15,000,000",Female,19 - 24,6. white collar (junior level),Studying/graduated from university/college and vocational school
1997,2024,South,"7,500,001 - 15,000,000",Female,30 - 34,10. housewife,Studying/graduated from high school
1998,2024,South,"30,000,001 - 45,000,000",Female,30 - 34,5. white collar (managerial level and above),Studying/graduated from high school
1999,2024,Central,"7,500,001 - 15,000,000",Male,19 - 24,6. white collar (junior level),Studying/graduated from university/college and vocational school
2000,2024,South,"Above 45,000,001",Male,19 - 24,5. white collar (managerial level and above),Studying/graduated from university/college and vocational school
2001,2024,North,"Above 45,000,001",Female,30 - 34,1. owner (large business),Studying/graduated from university/college and vocational school
2002,2024,North,"Above 45,000,001",Female,30 - 34,5. white collar (managerial level and above),Studying/graduated from university/college and vocational school
2003,2024,North,"30,000,001 - 45,000,000",Female,36 - 40,2. owner (small busisness),Studying/graduated from university/college and vocational school
2004,2024,South,"30,000,001 - 45,000,000",Male,30 - 34,5. white collar (managerial level and above),Studying/graduated from university/college and vocational school
2005,2024,South,"15,000,001 - 30,000,000",Female,19 - 24,6. white collar (junior level),Studying/graduated from university/college and vocational school
2006,2024,South,"Above 45,000,001",Male,30 - 34,6. white collar (junior level),Studying/graduated from university/college and vocational school
2007,2024,North,"15,000,001 - 30,000,000",Male,36 - 40,6. white collar (junior level),Studying/graduated from university/college and vocational school
2008,2024,North,"7,500,001 - 15,000,000",Female,36 - 40,6. white collar (junior level),Studying/graduated from university/college and vocational school
2009,2024,North,"4,500,001 - 7,500,000",Female,36 - 40,8. peddle/ freelancer,Studying/graduated from high school
2010,2024,North,"15,000,001 - 30,000,000",Female,19 - 24,11. student/ pupil,Studying/graduated from university/college and vocational school
2011,2024,South,"15,000,001 - 30,000,000",Female,25 - 29,6. white collar (junior level),Studying/graduated from university/college and vocational school
2012,2024,North,"15,000,001 - 30,000,000",Female,14 - 18,11. student/ pupil,Studying/graduated from university/college and vocational school
2013,2024,North,"7,500,001 - 15,000,000",Female,30 - 34,9. unemployed,Studying/graduated from high school
2014,2024,South,"15,000,001 - 30,000,000",Female,25 - 29,10. housewife,Studying/graduated from high school
2015,2024,North,"7,500,001 - 15,000,000",Female,19 - 24,6. white collar (junior level),Studying/graduated from university/college and vocational school
2016,2024,South,"Above 45,000,001",Male,30 - 34,5. white collar (managerial level and above),Studying/graduated from university/college and vocational school
2017,2024,North,"15,000,001 - 30,000,000",Female,30 - 34,13. technician,Studying/graduated from university/college and vocational school
2018,2024,South,"4,500,001 - 7,500,000",Female,19 - 24,11. student/ pupil,Studying/graduated from high school
2019,2024,North,"15,000,001 - 30,000,000",Female,30 - 34,6. white collar (junior level),Studying/graduated from university/college and vocational school
2020,2024,North,"Above 45,000,001",Female,25 - 29,4. professional,Studying/graduated from university/college and vocational school
2021,2024,North,"30,000,001 - 45,000,000",Male,36 - 40,4. professional,Studying/graduated from university/college and vocational school
2022,2024,North,"4,500,001 - 7,500,000",Female,14 - 18,11. student/ pupil,Studying/graduated from secondary school
2023,2024,North,"15,000,001 - 30,000,000",Female,30 - 34,6. white collar (junior level),Studying/graduated from university/college and vocational school
2024,2024,North,"30,000,001 - 45,000,000",Female,25 - 29,13. technician,Studying/graduated from university/college and vocational school
2025,2024,North,"15,000,001 - 30,000,000",Female,30 - 34,5. white collar (managerial level and above),Studying/graduated from university/college and vocational school
2026,2024,South,"15,000,001 - 30,000,000",Male,14 - 18,11. student/ pupil,Studying/graduated from university/college and vocational school
2027,2024,North,"30,000,001 - 45,000,000",Male,25 - 29,6. white collar (junior level),Studying/graduated from university/college and vocational school
2028,2024,North,"15,000,001 - 30,000,000",Female,30 - 34,5. white collar (managerial level and above),Studying/graduated from university/college and vocational school
2029,2024,North,"15,000,001 - 30,000,000",Female,30 - 34,5. white collar (managerial level and above),Studying/graduated from university/college and vocational school
2030,2024,North,"7,500,001 - 15,000,000",Female,30 - 34,5. white collar (managerial level and above),Studying/graduated from university/college and vocational school
2031,2024,North,"15,000,001 - 30,000,000",Female,30 - 34,5. white collar (managerial level and above),Studying/graduated from university/college and vocational school
2032,2024,North,"15,000,001 - 30,000,000",Male,30 - 34,8. peddle/ freelancer,Studying/graduated from high school
2033,2024,North,"30,000,001 - 45,000,000",Female,30 - 34,6. white collar (junior level),Studying/graduated from university/college and vocational school
2034,2024,South,"15,000,001 - 30,000,000",Female,25 - 29,17. unskilled labor,Studying/graduated from high school
2035,2024,South,"15,000,001 - 30,000,000",Male,19 - 24,11. student/ pupil,Studying/graduated from university/college and vocational school
2036,2024,North,"15,000,001 - 30,000,000",Male,19 - 24,8. peddle/ freelancer,Studying/graduated from high school
2037,2024,South,"15,000,001 - 30,000,000",Female,19 - 24,11. student/ pupil,Studying/graduated from university/college and vocational school
2038,2024,North,"7,500,001 - 15,000,000",Male,30 - 34,8. peddle/ freelancer,Studying/graduated from high school
2039,2024,North,"7,500,001 - 15,000,000",Female,14 - 18,11. student/ pupil,Studying/graduated from university/college and vocational school
2040,2024,South,"15,000,001 - 30,000,000",Female,36 - 40,7. blue collar/ worker,Studying/graduated from university/college and vocational school
2041,2024,South,"15,000,001 - 30,000,000",Female,19 - 24,8. peddle/ freelancer,Studying/graduated from high school
2042,2024,North,"7,500,001 - 15,000,000",Male,19 - 24,9. unemployed,Studying/graduated from high school
2043,2024,South,"15,000,001 - 30,000,000",Female,36 - 40,10. housewife,Studying/graduated from high school
2044,2024,South,"15,000,001 - 30,000,000",Female,19 - 24,11. student/ pupil,Studying/graduated from university/college and vocational school
2045,2024,South,"15,000,001 - 30,000,000",Male,36 - 40,7. blue collar/ worker,Studying/graduated from high school
2046,2024,South,"15,000,001 - 30,000,000",Female,14 - 18,11. student/ pupil,Studying/graduated from high school
2047,2024,South,"15,000,001 - 30,000,000",Male,14 - 18,11. student/ pupil,Studying/graduated from secondary school
2048,2024,South,"15,000,001 - 30,000,000",Female,30 - 34,10. housewife,Studying/graduated from high school
2049,2024,South,"30,000,001 - 45,000,000",Male,25 - 29,8. peddle/ freelancer,Studying/graduated from high school
2050,2024,South,"15,000,001 - 30,000,000",Male,25 - 29,5. white collar (managerial level and above),Studying/graduated from university/college and vocational school
2051,2024,South,"30,000,001 - 45,000,000",Female,36 - 40,5. white collar (managerial level and above),Studying/graduated from university/college and vocational school
2052,2024,South,"7,500,001 - 15,000,000",Male,30 - 34,8. peddle/ freelancer,Studying/graduated from university/college and vocational school
2053,2024,North,"15,000,001 - 30,000,000",Female,19 - 24,8. peddle/ freelancer,Studying/graduated from high school
2054,2024,North,"7,500,001 - 15,000,000",Male,19 - 24,17. unskilled labor,Studying/graduated from high school
2055,2024,North,"15,000,001 - 30,000,000",Female,36 - 40,6. white collar (junior level),Studying/graduated from university/college and vocational school
2056,2024,South,"30,000,001 - 45,000,000",Female,14 - 18,11. student/ pupil,Studying/graduated from high school
2057,2024,South,"15,000,001 - 30,000,000",Male,14 - 18,11. student/ pupil,Studying/graduated from high school
2058,2024,South,"15,000,001 - 30,000,000",Female,36 - 40,10. housewife,Studying/graduated from high school
2059,2024,North,"15,000,001 - 30,000,000",Male,36 - 40,6. white collar (junior level),Studying/graduated from university/college and vocational school
2060,2024,South,"7,500,001 - 15,000,000",Female,36 - 40,17. unskilled labor,Studying/graduated from high school
2061,2024,North,"15,000,001 - 30,000,000",Female,36 - 40,8. peddle/ freelancer,Studying/graduated from high school
2062,2024,South,"15,000,001 - 30,000,000",Female,36 - 40,6. white collar (junior level),Studying/graduated from university/college and vocational school
2063,2024,South,"15,000,001 - 30,000,000",Female,25 - 29,8. peddle/ freelancer,Studying/graduated from high school
2064,2024,North,"15,000,001 - 30,000,000",Female,19 - 24,17. unskilled labor,Studying/graduated from high school
2065,2024,South,"15,000,001 - 30,000,000",Male,30 - 34,7. blue collar/ worker,Studying/graduated from high school
2066,2024,North,"15,000,001 - 30,000,000",Male,30 - 34,8. peddle/ freelancer,Studying/graduated from high school
2067,2024,North,"15,000,001 - 30,000,000",Female,19 - 24,6. white collar (junior level),Studying/graduated from university/college and vocational school
2068,2024,South,"15,000,001 - 30,000,000",Male,19 - 24,7. blue collar/ worker,Studying/graduated from high school
2069,2024,South,"7,500,001 - 15,000,000",Female,19 - 24,6. white collar (junior level),Studying/graduated from university/college and vocational school
2070,2024,North,"15,000,001 - 30,000,000",Male,19 - 24,6. white collar (junior level),Studying/graduated from university/college and vocational school
2071,2024,North,"7,500,001 - 15,000,000",Female,25 - 29,8. peddle/ freelancer,Studying/graduated from high school
2072,2024,North,"7,500,001 - 15,000,000",Female,19 - 24,8. peddle/ freelancer,Studying/graduated from high school
2073,2024,North,"7,500,001 - 15,000,000",Male,19 - 24,8. peddle/ freelancer,Studying/graduated from high school
2074,2024,North,"15,000,001 - 30,000,000",Male,30 - 34,8. peddle/ freelancer,Studying/graduated from high school
2075,2024,North,"7,500,001 - 15,000,000",Female,36 - 40,8. peddle/ freelancer,Studying/graduated from high school
2076,2024,North,"15,000,001 - 30,000,000",Female,36 - 40,6. white collar (junior level),Studying/graduated from university/college and vocational school
2077,2024,North,"4,500,001 - 7,500,000",Female,14 - 18,11. student/ pupil,Studying/graduated from high school
2078,2024,North,"7,500,001 - 15,000,000",Male,25 - 29,8. peddle/ freelancer,Studying/graduated from university/college and vocational school
2079,2024,North,"7,500,001 - 15,000,000",Female,30 - 34,6. white collar (junior level),Studying/graduated from high school
2080,2024,North,"7,500,001 - 15,000,000",Male,19 - 24,8. peddle/ freelancer,Studying/graduated from high school
2081,2024,North,"7,500,001 - 15,000,000",Male,30 - 34,8. peddle/ freelancer,Studying/graduated from high school
2082,2024,North,"15,000,001 - 30,000,000",Male,19 - 24,8. peddle/ freelancer,Studying/graduated from high school
2083,2024,North,"4,500,001 - 7,500,000",Male,14 - 18,11. student/ pupil,Studying/graduated from high school
2084,2024,North,"7,500,001 - 15,000,000",Female,25 - 29,7. blue collar/ worker,Studying/graduated from high school
2085,2024,North,"7,500,001 - 15,000,000",Male,25 - 29,8. peddle/ freelancer,Studying/graduated from high school
2086,2024,North,"7,500,001 - 15,000,000",Male,36 - 40,17. unskilled labor,Studying/graduated from high school
2087,2024,North,"15,000,001 - 30,000,000",Male,36 - 40,8. peddle/ freelancer,Studying/graduated from high school
2088,2024,North,"7,500,001 - 15,000,000",Female,36 - 40,8. peddle/ freelancer,Studying/graduated from high school
2089,2024,North,"7,500,001 - 15,000,000",Male,14 - 18,11. student/ pupil,Studying/graduated from secondary school
2090,2024,North,"7,500,001 - 15,000,000",Male,30 - 34,2. owner (small busisness),Studying/graduated from university/college and vocational school
2091,2024,North,"15,000,001 - 30,000,000",Female,19 - 24,11. student/ pupil,Studying/graduated from university/college and vocational school
2092,2024,North,"15,000,001 - 30,000,000",Female,19 - 24,8. peddle/ freelancer,Studying/graduated from high school
2093,2024,North,"15,000,001 - 30,000,000",Male,25 - 29,8. peddle/ freelancer,Studying/graduated from university/college and vocational school
2094,2024,North,"7,500,001 - 15,000,000",Male,14 - 18,11. student/ pupil,Studying/graduated from university/college and vocational school
2095,2024,North,"7,500,001 - 15,000,000",Female,30 - 34,8. peddle/ freelancer,Studying/graduated from high school
2096,2024,North,"15,000,001 - 30,000,000",Male,25 - 29,8. peddle/ freelancer,Studying/graduated from university/college and vocational school
2097,2024,North,"7,500,001 - 15,000,000",Female,30 - 34,7. blue collar/ worker,Studying/graduated from high school
2098,2024,South,"30,000,001 - 45,000,000",Male,36 - 40,4. professional,Studying/graduated from university/college and vocational school
2099,2024,South,"7,500,001 - 15,000,000",Female,25 - 29,5. white collar (managerial level and above),Studying/graduated from university/college and vocational school
2100,2024,South,"15,000,001 - 30,000,000",Female,25 - 29,5. white collar (managerial level and above),Studying/graduated from university/college and vocational school
2101,2024,South,"15,000,001 - 30,000,000",Female,30 - 34,6. white collar (junior level),Studying/graduated from university/college and vocational school
2102,2024,South,"15,000,001 - 30,000,000",Female,30 - 34,1. owner (large business),Studying/graduated from university/college and vocational school
2103,2024,South,"15,000,001 - 30,000,000",Female,30 - 34,5. white collar (managerial level and above),Studying/graduated from university/college and vocational school
2104,2024,South,"15,000,001 - 30,000,000",Female,30 - 34,5. white collar (managerial level and above),Studying/graduated from university/college and vocational school
2105,2024,South,"15,000,001 - 30,000,000",Female,30 - 34,5. white collar (managerial level and above),Studying/graduated from university/college and vocational school
2106,2024,South,"30,000,001 - 45,000,000",Female,19 - 24,6. white collar (junior level),Studying/graduated from university/college and vocational school
2107,2024,South,"15,000,001 - 30,000,000",Female,30 - 34,6. white collar (junior level),Studying/graduated from university/college and vocational school
2108,2024,South,"7,500,001 - 15,000,000",Female,25 - 29,5. white collar (managerial level and above),Studying/graduated from university/college and vocational school
2109,2024,South,"15,000,001 - 30,000,000",Female,30 - 34,7. blue collar/ worker,Studying/graduated from university/college and vocational school
2110,2024,South,"15,000,001 - 30,000,000",Female,30 - 34,5. white collar (managerial level and above),Studying/graduated from university/college and vocational school
2111,2024,South,"15,000,001 - 30,000,000",Female,30 - 34,5. white collar (managerial level and above),Studying/graduated from university/college and vocational school
2112,2024,North,"7,500,001 - 15,000,000",Male,14 - 18,11. student/ pupil,Studying/graduated from high school
2113,2024,North,"15,000,001 - 30,000,000",Male,25 - 29,8. peddle/ freelancer,Studying/graduated from high school
2114,2024,North,"4,500,001 - 7,500,000",Female,36 - 40,8. peddle/ freelancer,Studying/graduated from high school
2115,2024,South,"15,000,001 - 30,000,000",Female,36 - 40,2. owner (small busisness),Studying/graduated from high school
2116,2024,North,"7,500,001 - 15,000,000",Male,30 - 34,17. unskilled labor,Studying/graduated from high school
2117,2024,North,"7,500,001 - 15,000,000",Male,36 - 40,17. unskilled labor,Studying/graduated from high school
2118,2024,North,"7,500,001 - 15,000,000",Male,14 - 18,11. student/ pupil,Studying/graduated from secondary school
2119,2024,North,"15,000,001 - 30,000,000",Male,14 - 18,11. student/ pupil,Studying/graduated from high school
2120,2024,North,"7,500,001 - 15,000,000",Male,25 - 29,8. peddle/ freelancer,Studying/graduated from high school
2121,2024,North,"7,500,001 - 15,000,000",Male,30 - 34,17. unskilled labor,Studying/graduated from high school
2122,2024,North,"15,000,001 - 30,000,000",Female,19 - 24,9. unemployed,Studying/graduated from high school
2123,2024,North,"7,500,001 - 15,000,000",Female,14 - 18,11. student/ pupil,Studying/graduated from high school
2124,2024,North,"15,000,001 - 30,000,000",Female,30 - 34,8. peddle/ freelancer,Studying/graduated from high school
2125,2024,South,"7,500,001 - 15,000,000",Female,30 - 34,8. peddle/ freelancer,Studying/graduated from high school
2126,2024,South,"15,000,001 - 30,000,000",Male,25 - 29,17. unskilled labor,Studying/graduated from high school
2127,2024,South,"7,500,001 - 15,000,000",Male,14 - 18,11. student/ pupil,Studying/graduated from university/college and vocational school
2128,2024,North,"15,000,001 - 30,000,000",Male,14 - 18,11. student/ pupil,Studying/graduated from high school
2129,2024,South,"15,000,001 - 30,000,000",Female,36 - 40,8. peddle/ freelancer,Studying/graduated from high school
2130,2024,North,"7,500,001 - 15,000,000",Female,25 - 29,6. white collar (junior level),Studying/graduated from university/college and vocational school
2131,2024,North,"15,000,001 - 30,000,000",Female,30 - 34,7. blue collar/ worker,Studying/graduated from university/college and vocational school
2132,2024,North,"7,500,001 - 15,000,000",Female,36 - 40,8. peddle/ freelancer,Studying/graduated from high school
2133,2024,North,"15,000,001 - 30,000,000",Female,30 - 34,8. peddle/ freelancer,Studying/graduated from high school
2134,2024,North,"15,000,001 - 30,000,000",Female,30 - 34,6. white collar (junior level),Studying/graduated from university/college and vocational school
2135,2024,North,"15,000,001 - 30,000,000",Female,14 - 18,11. student/ pupil,Studying/graduated from high school
2136,2024,North,"7,500,001 - 15,000,000",Male,30 - 34,7. blue collar/ worker,Studying/graduated from high school
2137,2024,North,"4,500,001 - 7,500,000",Female,25 - 29,17. unskilled labor,Studying/graduated from high school
2138,2024,North,"30,000,001 - 45,000,000",Female,30 - 34,2. owner (small busisness),Studying/graduated from university/college and vocational school
2139,2024,North,"15,000,001 - 30,000,000",Female,30 - 34,6. white collar (junior level),Studying/graduated from university/college and vocational school
2140,2024,North,"7,500,001 - 15,000,000",Female,14 - 18,8. peddle/ freelancer,Studying/graduated from secondary school
2141,2024,North,"15,000,001 - 30,000,000",Male,19 - 24,17. unskilled labor,Studying/graduated from high school
2142,2024,North,"7,500,001 - 15,000,000",Female,30 - 34,8. peddle/ freelancer,Studying/graduated from high school
2143,2024,North,"7,500,001 - 15,000,000",Female,30 - 34,10. housewife,Studying/graduated from high school
2144,2024,North,"7,500,001 - 15,000,000",Female,30 - 34,10. housewife,Studying/graduated from high school
2145,2024,North,"15,000,001 - 30,000,000",Female,19 - 24,10. housewife,Studying/graduated from high school
2146,2024,South,"15,000,001 - 30,000,000",Female,36 - 40,8. peddle/ freelancer,Studying/graduated from high school
2147,2024,North,"4,500,001 - 7,500,000",Female,19 - 24,7. blue collar/ worker,Studying/graduated from secondary school
2148,2024,North,"15,000,001 - 30,000,000",Male,36 - 40,7. blue collar/ worker,Studying/graduated from high school
2149,2024,South,"7,500,001 - 15,000,000",Male,14 - 18,11. student/ pupil,Studying/graduated from high school
2150,2024,North,"30,000,001 - 45,000,000",Female,19 - 24,9. unemployed,Studying/graduated from high school
2151,2024,South,"7,500,001 - 15,000,000",Female,19 - 24,8. peddle/ freelancer,Studying/graduated from high school
2152,2024,South,"15,000,001 - 30,000,000",Female,30 - 34,6. white collar (junior level),Studying/graduated from university/college and vocational school
2153,2024,South,"15,000,001 - 30,000,000",Male,19 - 24,17. unskilled labor,Studying/graduated from high school
2154,2024,South,"15,000,001 - 30,000,000",Female,25 - 29,13. technician,Studying/graduated from university/college and vocational school
2155,2024,South,"15,000,001 - 30,000,000",Male,30 - 34,7. blue collar/ worker,Studying/graduated from high school
2156,2024,South,"15,000,001 - 30,000,000",Female,30 - 34,6. white collar (junior level),Studying/graduated from university/college and vocational school
2157,2024,North,"7,500,001 - 15,000,000",Male,19 - 24,9. unemployed,Studying/graduated from high school
2158,2024,South,"15,000,001 - 30,000,000",Female,25 - 29,7. blue collar/ worker,Studying/graduated from high school
2159,2024,North,"7,500,001 - 15,000,000",Female,19 - 24,8. peddle/ freelancer,Studying/graduated from high school
2160,2024,North,"15,000,001 - 30,000,000",Male,14 - 18,11. student/ pupil,Studying/graduated from high school
2161,2024,North,"7,500,001 - 15,000,000",Male,36 - 40,8. peddle/ freelancer,Studying/graduated from secondary school
2162,2024,North,"15,000,001 - 30,000,000",Female,30 - 34,10. housewife,Studying/graduated from secondary school
2163,2024,North,"4,500,001 - 7,500,000",Female,25 - 29,10. housewife,Studying/graduated from secondary school
2164,2024,North,"7,500,001 - 15,000,000",Female,30 - 34,8. peddle/ freelancer,Studying/graduated from high school
2165,2024,North,"7,500,001 - 15,000,000",Female,19 - 24,10. housewife,Studying/graduated from high school
2166,2024,North,"7,500,001 - 15,000,000",Female,14 - 18,8. peddle/ freelancer,Studying/graduated from secondary school
2167,2024,North,"15,000,001 - 30,000,000",Female,19 - 24,2. owner (small busisness),Studying/graduated from high school
2168,2024,North,"7,500,001 - 15,000,000",Female,25 - 29,17. unskilled labor,Studying/graduated from high school
2169,2024,North,"4,500,001 - 7,500,000",Male,14 - 18,11. student/ pupil,Studying/graduated from high school
2170,2024,North,"15,000,001 - 30,000,000",Male,30 - 34,7. blue collar/ worker,Studying/graduated from high school
2171,2024,North,"7,500,001 - 15,000,000",Female,25 - 29,8. peddle/ freelancer,Studying/graduated from high school
2172,2024,North,"7,500,001 - 15,000,000",Male,25 - 29,8. peddle/ freelancer,Studying/graduated from university/college and vocational school
2173,2024,North,"7,500,001 - 15,000,000",Female,14 - 18,11. student/ pupil,Studying/graduated from high school
2174,2024,North,"15,000,001 - 30,000,000",Male,14 - 18,8. peddle/ freelancer,Studying/graduated from high school
2175,2024,North,"15,000,001 - 30,000,000",Female,25 - 29,6. white collar (junior level),Studying/graduated from university/college and vocational school
2176,2024,North,"7,500,001 - 15,000,000",Female,36 - 40,10. housewife,Studying/graduated from secondary school
2177,2024,North,"7,500,001 - 15,000,000",Male,14 - 18,11. student/ pupil,Studying/graduated from high school
2178,2024,North,"15,000,001 - 30,000,000",Female,25 - 29,17. unskilled labor,Studying/graduated from high school
2179,2024,North,"15,000,001 - 30,000,000",Male,30 - 34,8. peddle/ freelancer,Studying/graduated from high school
2180,2024,South,"15,000,001 - 30,000,000",Female,25 - 29,8. peddle/ freelancer,Studying/graduated from high school
2181,2024,North,"15,000,001 - 30,000,000",Male,30 - 34,6. white collar (junior level),Studying/graduated from university/college and vocational school
2182,2024,North,"15,000,001 - 30,000,000",Male,19 - 24,11. student/ pupil,Studying/graduated from university/college and vocational school
2183,2024,South,"7,500,001 - 15,000,000",Female,30 - 34,17. unskilled labor,Studying/graduated from high school
2184,2024,South,"15,000,001 - 30,000,000",Male,14 - 18,11. student/ pupil,Studying/graduated from high school
2185,2024,North,"7,500,001 - 15,000,000",Female,30 - 34,8. peddle/ freelancer,Studying/graduated from high school
2186,2024,North,"7,500,001 - 15,000,000",Male,30 - 34,17. unskilled labor,Studying/graduated from high school
2187,2024,North,"4,500,001 - 7,500,000",Male,30 - 34,7. blue collar/ worker,Studying/graduated from high school
2188,2024,North,"15,000,001 - 30,000,000",Male,25 - 29,6. white collar (junior level),Studying/graduated from university/college and vocational school
2189,2024,North,"7,500,001 - 15,000,000",Female,30 - 34,10. housewife,Studying/graduated from high school
2190,2024,North,"4,500,001 - 7,500,000",Male,36 - 40,7. blue collar/ worker,Studying/graduated from high school
2191,2024,North,"15,000,001 - 30,000,000",Female,25 - 29,8. peddle/ freelancer,Studying/graduated from high school
2192,2024,North,"15,000,001 - 30,000,000",Female,25 - 29,6. white collar (junior level),Studying/graduated from university/college and vocational school
2193,2024,North,"7,500,001 - 15,000,000",Female,19 - 24,8. peddle/ freelancer,Studying/graduated from high school
2194,2024,North,"7,500,001 - 15,000,000",Female,14 - 18,8. peddle/ freelancer,Studying/graduated from high school
2195,2024,North,"7,500,001 - 15,000,000",Male,25 - 29,8. peddle/ freelancer,Studying/graduated from high school
2196,2024,South,"15,000,001 - 30,000,000",Female,25 - 29,17. unskilled labor,Studying/graduated from high school
2197,2024,North,"7,500,001 - 15,000,000",Female,19 - 24,8. peddle/ freelancer,Studying/graduated from high school
2198,2024,South,"15,000,001 - 30,000,000",Female,30 - 34,10. housewife,Studying/graduated from high school
2199,2024,South,"15,000,001 - 30,000,000",Male,30 - 34,13. technician,Studying/graduated from university/college and vocational school
2200,2024,South,"15,000,001 - 30,000,000",Female,36 - 40,6. white collar (junior level),Studying/graduated from university/college and vocational school
2201,2024,North,"7,500,001 - 15,000,000",Female,19 - 24,6. white collar (junior level),Studying/graduated from university/college and vocational school
2202,2024,North,"15,000,001 - 30,000,000",Male,30 - 34,7. blue collar/ worker,Studying/graduated from university/college and vocational school
2203,2024,North,"7,500,001 - 15,000,000",Female,19 - 24,11. student/ pupil,Studying/graduated from university/college and vocational school
2204,2024,North,"7,500,001 - 15,000,000",Female,30 - 34,8. peddle/ freelancer,Studying/graduated from high school
2205,2024,North,"15,000,001 - 30,000,000",Male,14 - 18,11. student/ pupil,Studying/graduated from university/college and vocational school
2206,2024,South,"15,000,001 - 30,000,000",Female,14 - 18,11. student/ pupil,Studying/graduated from high school
2207,2024,North,"15,000,001 - 30,000,000",Female,14 - 18,11. student/ pupil,Studying/graduated from high school
2208,2024,South,"15,000,001 - 30,000,000",Female,36 - 40,17. unskilled labor,Studying/graduated from high school
2209,2024,North,"7,500,001 - 15,000,000",Female,19 - 24,16. salesperson,Studying/graduated from high school
2210,2024,North,"4,500,001 - 7,500,000",Female,14 - 18,11. student/ pupil,Studying/graduated from high school
2211,2024,North,"15,000,001 - 30,000,000",Female,30 - 34,4. professional,Studying/graduated from university/college and vocational school
2212,2024,South,"15,000,001 - 30,000,000",Female,25 - 29,16. salesperson,Studying/graduated from high school
2213,2024,North,"7,500,001 - 15,000,000",Male,36 - 40,7. blue collar/ worker,Studying/graduated from university/college and vocational school
2214,2024,North,"7,500,001 - 15,000,000",Female,14 - 18,11. student/ pupil,Studying/graduated from secondary school
2215,2024,North,"7,500,001 - 15,000,000",Male,25 - 29,17. unskilled labor,Studying/graduated from high school
2216,2024,North,"15,000,001 - 30,000,000",Female,30 - 34,8. peddle/ freelancer,Studying/graduated from high school
2217,2024,North,"4,500,001 - 7,500,000",Female,30 - 34,10. housewife,Studying/graduated from secondary school
2218,2024,North,"7,500,001 - 15,000,000",Male,14 - 18,11. student/ pupil,Studying/graduated from high school
2219,2024,North,"7,500,001 - 15,000,000",Male,19 - 24,10. housewife,Studying/graduated from secondary school
2220,2024,North,"7,500,001 - 15,000,000",Female,36 - 40,14. agricultural/ farmer,Studying/graduated from high school
2221,2024,North,"15,000,001 - 30,000,000",Female,25 - 29,17. unskilled labor,Studying/graduated from high school
2222,2024,North,"7,500,001 - 15,000,000",Female,25 - 29,17. unskilled labor,Studying/graduated from high school
2223,2024,North,"7,500,001 - 15,000,000",Female,14 - 18,11. student/ pupil,Studying/graduated from high school
2224,2024,North,"4,500,001 - 7,500,000",Male,19 - 24,8. peddle/ freelancer,Studying/graduated from high school
2225,2024,North,"15,000,001 - 30,000,000",Male,30 - 34,7. blue collar/ worker,Studying/graduated from high school
2226,2024,North,"4,500,001 - 7,500,000",Female,14 - 18,11. student/ pupil,Studying/graduated from high school
2227,2024,North,"7,500,001 - 15,000,000",Male,25 - 29,16. salesperson,Studying/graduated from university/college and vocational school
2228,2024,North,"15,000,001 - 30,000,000",Female,19 - 24,17. unskilled labor,Studying/graduated from high school
2229,2024,North,"15,000,001 - 30,000,000",Female,19 - 24,6. white collar (junior level),Studying/graduated from university/college and vocational school
2230,2024,North,"30,000,001 - 45,000,000",Male,30 - 34,8. peddle/ freelancer,Studying/graduated from high school
2231,2024,South,"15,000,001 - 30,000,000",Female,30 - 34,5. white collar (managerial level and above),Studying/graduated from university/college and vocational school
2232,2024,North,"7,500,001 - 15,000,000",Male,36 - 40,8. peddle/ freelancer,Studying/graduated from university/college and vocational school
2233,2024,North,"15,000,001 - 30,000,000",Female,30 - 34,6. white collar (junior level),Studying/graduated from university/college and vocational school
2234,2024,South,"15,000,001 - 30,000,000",Female,30 - 34,5. white collar (managerial level and above),Studying/graduated from university/college and vocational school
2235,2024,North,"30,000,001 - 45,000,000",Female,25 - 29,7. blue collar/ worker,Studying/graduated from university/college and vocational school
2236,2024,North,"7,500,001 - 15,000,000",Female,25 - 29,5. white collar (managerial level and above),Studying/graduated from university/college and vocational school
2237,2024,North,"15,000,001 - 30,000,000",Female,30 - 34,6. white collar (junior level),Studying/graduated from university/college and vocational school
2238,2024,North,"30,000,001 - 45,000,000",Female,25 - 29,4. professional,Studying/graduated from university/college and vocational school
2239,2024,North,"15,000,001 - 30,000,000",Female,30 - 34,5. white collar (managerial level and above),Studying/graduated from university/college and vocational school
2240,2024,North,"15,000,001 - 30,000,000",Female,30 - 34,5. white collar (managerial level and above),Studying/graduated from university/college and vocational school
2241,2024,North,"15,000,001 - 30,000,000",Female,30 - 34,5. white collar (managerial level and above),Studying/graduated from university/college and vocational school
2242,2024,North,"15,000,001 - 30,000,000",Male,25 - 29,8. peddle/ freelancer,Studying/graduated from high school
2243,2024,South,"30,000,001 - 45,000,000",Female,19 - 24,11. student/ pupil,Studying/graduated from university/college and vocational school
2244,2024,North,"7,500,001 - 15,000,000",Male,19 - 24,11. student/ pupil,Studying/graduated from university/college and vocational school
2245,2024,North,"15,000,001 - 30,000,000",Female,25 - 29,6. white collar (junior level),Studying/graduated from university/college and vocational school
2246,2024,South,"7,500,001 - 15,000,000",Female,19 - 24,7. blue collar/ worker,Studying/graduated from high school
2247,2024,North,"7,500,001 - 15,000,000",Female,30 - 34,8. peddle/ freelancer,Studying/graduated from high school
2248,2024,South,"15,000,001 - 30,000,000",Male,14 - 18,11. student/ pupil,Studying/graduated from high school
2249,2024,North,"15,000,001 - 30,000,000",Male,14 - 18,11. student/ pupil,Studying/graduated from high school
2250,2024,South,"7,500,001 - 15,000,000",Male,14 - 18,11. student/ pupil,Studying/graduated from university/college and vocational school
2251,2024,North,"15,000,001 - 30,000,000",Female,30 - 34,8. peddle/ freelancer,Studying/graduated from high school
2252,2024,South,"7,500,001 - 15,000,000",Male,25 - 29,8. peddle/ freelancer,Studying/graduated from high school
2253,2024,North,"15,000,001 - 30,000,000",Female,19 - 24,11. student/ pupil,Studying/graduated from university/college and vocational school
2254,2024,South,"15,000,001 - 30,000,000",Male,25 - 29,8. peddle/ freelancer,Studying/graduated from high school
2255,2024,North,"15,000,001 - 30,000,000",Female,36 - 40,8. peddle/ freelancer,Studying/graduated from high school
2256,2024,South,"15,000,001 - 30,000,000",Male,25 - 29,8. peddle/ freelancer,Studying/graduated from high school
2257,2024,South,"7,500,001 - 15,000,000",Female,36 - 40,8. peddle/ freelancer,Studying/graduated from high school
2258,2024,North,"7,500,001 - 15,000,000",Female,14 - 18,11. student/ pupil,Studying/graduated from high school
2259,2024,South,"15,000,001 - 30,000,000",Male,30 - 34,6. white collar (junior level),Studying/graduated from university/college and vocational school
2260,2024,South,"7,500,001 - 15,000,000",Male,25 - 29,6. white collar (junior level),Studying/graduated from university/college and vocational school
2261,2024,South,"30,000,001 - 45,000,000",Female,36 - 40,8. peddle/ freelancer,Studying/graduated from high school
2262,2024,South,"15,000,001 - 30,000,000",Female,14 - 18,11. student/ pupil,Studying/graduated from secondary school
2263,2024,South,"7,500,001 - 15,000,000",Female,19 - 24,8. peddle/ freelancer,Studying/graduated from high school
2264,2024,South,"15,000,001 - 30,000,000",Female,14 - 18,11. student/ pupil,Studying/graduated from university/college and vocational school
2265,2024,North,"15,000,001 - 30,000,000",Female,19 - 24,8. peddle/ freelancer,Studying/graduated from high school
2266,2024,North,"15,000,001 - 30,000,000",Female,25 - 29,8. peddle/ freelancer,Studying/graduated from high school
2267,2024,North,"7,500,001 - 15,000,000",Male,30 - 34,6. white collar (junior level),Studying/graduated from university/college and vocational school
2268,2024,South,"7,500,001 - 15,000,000",Female,19 - 24,11. student/ pupil,Studying/graduated from university/college and vocational school
2269,2024,North,"15,000,001 - 30,000,000",Female,19 - 24,11. student/ pupil,Studying/graduated from university/college and vocational school
2270,2024,North,"7,500,001 - 15,000,000",Male,30 - 34,7. blue collar/ worker,Studying/graduated from high school
2271,2024,North,"15,000,001 - 30,000,000",Female,25 - 29,16. salesperson,Studying/graduated from university/college and vocational school
2272,2024,South,"15,000,001 - 30,000,000",Female,30 - 34,6. white collar (junior level),Studying/graduated from university/college and vocational school
2273,2024,North,"30,000,001 - 45,000,000",Female,19 - 24,11. student/ pupil,Studying/graduated from university/college and vocational school
2274,2024,South,"15,000,001 - 30,000,000",Female,36 - 40,5. white collar (managerial level and above),Studying/graduated from university/college and vocational school
2275,2024,South,"7,500,001 - 15,000,000",Female,36 - 40,17. unskilled labor,Studying/graduated from high school
2276,2024,North,"7,500,001 - 15,000,000",Male,14 - 18,11. student/ pupil,Studying/graduated from secondary school
2277,2024,South,"30,000,001 - 45,000,000",Female,30 - 34,5. white collar (managerial level and above),Studying/graduated from university/college and vocational school
2278,2024,South,"15,000,001 - 30,000,000",Male,30 - 34,13. technician,Studying/graduated from high school
2279,2024,North,"30,000,001 - 45,000,000",Female,25 - 29,7. blue collar/ worker,Studying/graduated from university/college and vocational school
2280,2024,South,"15,000,001 - 30,000,000",Female,25 - 29,8. peddle/ freelancer,Studying/graduated from university/college and vocational school
2281,2024,North,"7,500,001 - 15,000,000",Female,19 - 24,6. white collar (junior level),Studying/graduated from university/college and vocational school
2282,2024,South,"7,500,001 - 15,000,000",Female,36 - 40,8. peddle/ freelancer,Studying/graduated from high school
2283,2024,South,"7,500,001 - 15,000,000",Female,19 - 24,11. student/ pupil,Studying/graduated from university/college and vocational school
2284,2024,South,"7,500,001 - 15,000,000",Female,25 - 29,5. white collar (managerial level and above),Studying/graduated from university/college and vocational school
2285,2024,North,"15,000,001 - 30,000,000",Female,30 - 34,6. white collar (junior level),Studying/graduated from university/college and vocational school
2286,2024,North,"15,000,001 - 30,000,000",Male,36 - 40,5. white collar (managerial level and above),Studying/graduated from university/college and vocational school
2287,2024,South,"4,500,001 - 7,500,000",Male,19 - 24,11. student/ pupil,Studying/graduated from university/college and vocational school
2288,2024,North,"15,000,001 - 30,000,000",Male,30 - 34,4. professional,Studying/graduated from university/college and vocational school
2289,2024,North,"7,500,001 - 15,000,000",Male,30 - 34,5. white collar (managerial level and above),Studying/graduated from university/college and vocational school
2290,2024,South,"15,000,001 - 30,000,000",Female,25 - 29,6. white collar (junior level),Studying/graduated from university/college and vocational school
2291,2024,North,"15,000,001 - 30,000,000",Male,25 - 29,4. professional,Studying/graduated from university/college and vocational school
2292,2024,South,"7,500,001 - 15,000,000",Female,36 - 40,6. white collar (junior level),Studying/graduated from university/college and vocational school
2293,2024,North,"7,500,001 - 15,000,000",Male,25 - 29,8. peddle/ freelancer,Studying/graduated from high school
2294,2024,North,"15,000,001 - 30,000,000",Male,19 - 24,11. student/ pupil,Studying/graduated from university/college and vocational school
2295,2024,North,"15,000,001 - 30,000,000",Male,19 - 24,11. student/ pupil,Studying/graduated from high school
2296,2024,North,"7,500,001 - 15,000,000",Male,25 - 29,8. peddle/ freelancer,Studying/graduated from high school
2297,2024,North,"15,000,001 - 30,000,000",Female,14 - 18,8. peddle/ freelancer,Studying/graduated from high school
2298,2024,North,"15,000,001 - 30,000,000",Male,19 - 24,11. student/ pupil,Studying/graduated from university/college and vocational school
2299,2024,North,"15,000,001 - 30,000,000",Female,19 - 24,8. peddle/ freelancer,Studying/graduated from high school
2300,2024,South,"15,000,001 - 30,000,000",Female,19 - 24,16. salesperson,Studying/graduated from high school
2301,2024,North,"15,000,001 - 30,000,000",Male,30 - 34,5. white collar (managerial level and above),Studying/graduated from university/college and vocational school
2302,2024,South,"15,000,001 - 30,000,000",Female,36 - 40,5. white collar (managerial level and above),Studying/graduated from university/college and vocational school
2303,2024,South,"30,000,001 - 45,000,000",Male,19 - 24,5. white collar (managerial level and above),Studying/graduated from university/college and vocational school
2304,2024,North,"30,000,001 - 45,000,000",Female,25 - 29,5. white collar (managerial level and above),Studying/graduated from university/college and vocational school
2305,2024,North,"15,000,001 - 30,000,000",Female,30 - 34,4. professional,Studying/graduated from university/college and vocational school
2306,2024,North,"4,500,001 - 7,500,000",Male,19 - 24,11. student/ pupil,Studying/graduated from university/college and vocational school
2307,2024,North,"15,000,001 - 30,000,000",Female,19 - 24,11. student/ pupil,Studying/graduated from university/college and vocational school
2308,2024,South,"30,000,001 - 45,000,000",Male,30 - 34,5. white collar (managerial level and above),Studying/graduated from university/college and vocational school
2309,2024,North,"15,000,001 - 30,000,000",Male,25 - 29,6. white collar (junior level),Studying/graduated from university/college and vocational school
2310,2024,South,"30,000,001 - 45,000,000",Female,36 - 40,4. professional,Studying/graduated from university/college and vocational school
2311,2024,North,"Above 45,000,001",Male,30 - 34,6. white collar (junior level),Studying/graduated from university/college and vocational school
2312,2024,South,"15,000,001 - 30,000,000",Male,30 - 34,5. white collar (managerial level and above),Studying/graduated from university/college and vocational school
2313,2024,South,"7,500,001 - 15,000,000",Female,25 - 29,5. white collar (managerial level and above),Not going to school
2314,2024,North,"30,000,001 - 45,000,000",Male,19 - 24,5. white collar (managerial level and above),Studying/graduated from university/college and vocational school
2315,2024,South,"Above 45,000,001",Male,25 - 29,5. white collar (managerial level and above),Studying/graduated from university/college and vocational school
2316,2024,North,"Above 45,000,001",Male,36 - 40,6. white collar (junior level),Studying/graduated from university/college and vocational school
2317,2024,North,"7,500,001 - 15,000,000",Female,25 - 29,8. peddle/ freelancer,Studying/graduated from high school
2318,2024,South,"15,000,001 - 30,000,000",Female,36 - 40,5. white collar (managerial level and above),Studying/graduated from university/college and vocational school
2319,2024,North,"7,500,001 - 15,000,000",Male,14 - 18,11. student/ pupil,Studying/graduated from high school
2320,2024,South,"15,000,001 - 30,000,000",Male,30 - 34,13. technician,Studying/graduated from university/college and vocational school
2321,2024,South,"15,000,001 - 30,000,000",Male,25 - 29,4. professional,Studying/graduated from university/college and vocational school
2322,2024,South,"30,000,001 - 45,000,000",Male,25 - 29,6. white collar (junior level),Studying/graduated from university/college and vocational school
2323,2024,North,"15,000,001 - 30,000,000",Male,25 - 29,6. white collar (junior level),Studying/graduated from university/college and vocational school
2324,2024,South,"15,000,001 - 30,000,000",Female,25 - 29,5. white collar (managerial level and above),Studying/graduated from university/college and vocational school
2325,2024,South,"15,000,001 - 30,000,000",Female,30 - 34,5. white collar (managerial level and above),Studying/graduated from university/college and vocational school
2326,2024,South,"15,000,001 - 30,000,000",Female,36 - 40,5. white collar (managerial level and above),Studying/graduated from university/college and vocational school
2327,2024,North,"15,000,001 - 30,000,000",Female,30 - 34,13. technician,Studying/graduated from university/college and vocational school
2328,2024,North,"7,500,001 - 15,000,000",Male,25 - 29,6. white collar (junior level),Studying/graduated from university/college and vocational school
2329,2024,North,"15,000,001 - 30,000,000",Male,14 - 18,11. student/ pupil,Studying/graduated from high school
2330,2024,South,"15,000,001 - 30,000,000",Female,30 - 34,2. owner (small busisness),Studying/graduated from high school
2331,2024,North,"15,000,001 - 30,000,000",Male,25 - 29,6. white collar (junior level),Studying/graduated from university/college and vocational school
2332,2024,South,"15,000,001 - 30,000,000",Female,19 - 24,11. student/ pupil,Studying/graduated from university/college and vocational school
2333,2024,North,"15,000,001 - 30,000,000",Female,14 - 18,11. student/ pupil,Studying/graduated from high school
2334,2024,South,"15,000,001 - 30,000,000",Female,36 - 40,17. unskilled labor,Studying/graduated from high school
2335,2024,North,"7,500,001 - 15,000,000",Female,19 - 24,11. student/ pupil,Studying/graduated from university/college and vocational school
2336,2024,South,"15,000,001 - 30,000,000",Male,30 - 34,6. white collar (junior level),Studying/graduated from university/college and vocational school
2337,2024,South,"15,000,001 - 30,000,000",Male,36 - 40,7. blue collar/ worker,Studying/graduated from high school
2338,2024,South,"15,000,001 - 30,000,000",Female,19 - 24,8. peddle/ freelancer,Studying/graduated from high school
2339,2024,South,"15,000,001 - 30,000,000",Male,36 - 40,7. blue collar/ worker,Studying/graduated from high school
2340,2024,South,"15,000,001 - 30,000,000",Female,25 - 29,8. peddle/ freelancer,Studying/graduated from high school
2341,2024,North,"7,500,001 - 15,000,000",Female,36 - 40,17. unskilled labor,Studying/graduated from high school
2342,2024,North,"15,000,001 - 30,000,000",Male,25 - 29,7. blue collar/ worker,Studying/graduated from university/college and vocational school
2343,2024,South,"15,000,001 - 30,000,000",Female,36 - 40,10. housewife,Studying/graduated from high school
2344,2024,North,"15,000,001 - 30,000,000",Female,36 - 40,7. blue collar/ worker,Studying/graduated from high school
2345,2024,South,"15,000,001 - 30,000,000",Female,25 - 29,10. housewife,Studying/graduated from high school
2346,2024,North,"7,500,001 - 15,000,000",Female,30 - 34,10. housewife,Studying/graduated from high school
2347,2024,South,"15,000,001 - 30,000,000",Male,14 - 18,11. student/ pupil,Studying/graduated from university/college and vocational school
2348,2024,North,"15,000,001 - 30,000,000",Male,19 - 24,11. student/ pupil,Studying/graduated from university/college and vocational school
2349,2024,South,"15,000,001 - 30,000,000",Female,36 - 40,10. housewife,Studying/graduated from university/college and vocational school
2350,2024,North,"15,000,001 - 30,000,000",Male,36 - 40,6. white collar (junior level),Studying/graduated from university/college and vocational school
2351,2024,South,"15,000,001 - 30,000,000",Female,36 - 40,10. housewife,Studying/graduated from high school
2352,2024,South,"7,500,001 - 15,000,000",Female,36 - 40,8. peddle/ freelancer,Studying/graduated from high school
2353,2024,South,"15,000,001 - 30,000,000",Female,25 - 29,5. white collar (managerial level and above),Studying/graduated from university/college and vocational school
2354,2024,South,"15,000,001 - 30,000,000",Female,19 - 24,7. blue collar/ worker,Studying/graduated from university/college and vocational school
2355,2024,North,"15,000,001 - 30,000,000",Male,36 - 40,17. unskilled labor,Studying/graduated from high school
2356,2024,North,"15,000,001 - 30,000,000",Female,25 - 29,16. salesperson,Studying/graduated from university/college and vocational school
2357,2024,South,"Above 45,000,001",Male,30 - 34,8. peddle/ freelancer,Studying/graduated from high school
2358,2024,South,"30,000,001 - 45,000,000",Female,36 - 40,17. unskilled labor,Studying/graduated from university/college and vocational school
2359,2024,South,"15,000,001 - 30,000,000",Male,19 - 24,8. peddle/ freelancer,Studying/graduated from high school
2360,2024,South,"7,500,001 - 15,000,000",Female,30 - 34,10. housewife,Studying/graduated from high school
2361,2024,North,"7,500,001 - 15,000,000",Female,25 - 29,7. blue collar/ worker,Studying/graduated from high school
2362,2024,South,"15,000,001 - 30,000,000",Female,36 - 40,8. peddle/ freelancer,Studying/graduated from high school
2363,2024,North,"15,000,001 - 30,000,000",Female,30 - 34,17. unskilled labor,Studying/graduated from high school
2364,2024,South,"7,500,001 - 15,000,000",Female,30 - 34,6. white collar (junior level),Studying/graduated from university/college and vocational school
2365,2024,North,"15,000,001 - 30,000,000",Male,14 - 18,11. student/ pupil,Studying/graduated from high school
2366,2024,North,"15,000,001 - 30,000,000",Male,25 - 29,8. peddle/ freelancer,Studying/graduated from high school
2367,2024,South,"15,000,001 - 30,000,000",Female,25 - 29,6. white collar (junior level),Studying/graduated from university/college and vocational school
2368,2024,North,"7,500,001 - 15,000,000",Female,36 - 40,7. blue collar/ worker,Studying/graduated from high school
2369,2024,South,"15,000,001 - 30,000,000",Female,36 - 40,7. blue collar/ worker,Studying/graduated from high school
2370,2024,South,"15,000,001 - 30,000,000",Female,14 - 18,11. student/ pupil,Studying/graduated from high school
2371,2024,North,"15,000,001 - 30,000,000",Female,19 - 24,6. white collar (junior level),Studying/graduated from university/college and vocational school
2372,2024,North,"15,000,001 - 30,000,000",Male,14 - 18,11. student/ pupil,Studying/graduated from university/college and vocational school
2373,2024,North,"7,500,001 - 15,000,000",Male,30 - 34,6. white collar (junior level),Studying/graduated from university/college and vocational school
2374,2024,North,"15,000,001 - 30,000,000",Female,36 - 40,5. white collar (managerial level and above),Studying/graduated from university/college and vocational school
2375,2024,South,"15,000,001 - 30,000,000",Female,30 - 34,5. white collar (managerial level and above),Studying/graduated from university/college and vocational school
2376,2024,South,"15,000,001 - 30,000,000",Female,36 - 40,6. white collar (junior level),Studying/graduated from university/college and vocational school
2377,2024,South,"Above 45,000,001",Female,30 - 34,8. peddle/ freelancer,Studying/graduated from university/college and vocational school
2378,2024,South,"15,000,001 - 30,000,000",Female,36 - 40,7. blue collar/ worker,Studying/graduated from university/college and vocational school
2379,2024,North,"30,000,001 - 45,000,000",Female,30 - 34,6. white collar (junior level),Studying/graduated from university/college and vocational school
2380,2024,South,"15,000,001 - 30,000,000",Female,19 - 24,6. white collar (junior level),Studying/graduated from university/college and vocational school
2381,2024,North,"15,000,001 - 30,000,000",Female,30 - 34,7. blue collar/ worker,Studying/graduated from university/college and vocational school
2382,2024,North,"15,000,001 - 30,000,000",Female,30 - 34,7. blue collar/ worker,Studying/graduated from university/college and vocational school
2383,2024,North,"30,000,001 - 45,000,000",Male,19 - 24,6. white collar (junior level),Studying/graduated from university/college and vocational school
2384,2024,North,"15,000,001 - 30,000,000",Female,30 - 34,6. white collar (junior level),Studying/graduated from university/college and vocational school
2385,2024,North,"15,000,001 - 30,000,000",Female,30 - 34,17. unskilled labor,Studying/graduated from high school
2386,2024,North,"15,000,001 - 30,000,000",Female,14 - 18,11. student/ pupil,Studying/graduated from high school
2387,2024,North,"7,500,001 - 15,000,000",Male,14 - 18,11. student/ pupil,Studying/graduated from high school
2388,2024,North,"7,500,001 - 15,000,000",Male,25 - 29,8. peddle/ freelancer,Studying/graduated from university/college and vocational school
2389,2024,North,"7,500,001 - 15,000,000",Female,19 - 24,8. peddle/ freelancer,Studying/graduated from high school
2390,2024,North,"15,000,001 - 30,000,000",Male,19 - 24,11. student/ pupil,Studying/graduated from high school
2391,2024,South,"15,000,001 - 30,000,000",Female,19 - 24,11. student/ pupil,Studying/graduated from university/college and vocational school
2392,2024,South,"15,000,001 - 30,000,000",Male,14 - 18,11. student/ pupil,Studying/graduated from secondary school
2393,2024,North,"15,000,001 - 30,000,000",Female,19 - 24,11. student/ pupil,Studying/graduated from university/college and vocational school
2394,2024,North,"15,000,001 - 30,000,000",Female,19 - 24,8. peddle/ freelancer,Studying/graduated from high school
2395,2024,North,"30,000,001 - 45,000,000",Female,14 - 18,11. student/ pupil,Studying/graduated from high school
2396,2024,South,"7,500,001 - 15,000,000",Male,19 - 24,8. peddle/ freelancer,Studying/graduated from high school
2397,2024,North,"7,500,001 - 15,000,000",Female,14 - 18,11. student/ pupil,Studying/graduated from high school
2398,2024,South,"7,500,001 - 15,000,000",Female,14 - 18,11. student/ pupil,Studying/graduated from secondary school
2399,2024,South,"15,000,001 - 30,000,000",Female,30 - 34,8. peddle/ freelancer,Studying/graduated from high school
2400,2024,North,"15,000,001 - 30,000,000",Male,30 - 34,11. student/ pupil,Studying/graduated from university/college and vocational school
2401,2024,South,"15,000,001 - 30,000,000",Male,25 - 29,4. professional,Studying/graduated from university/college and vocational school
2402,2024,South,"15,000,001 - 30,000,000",Female,25 - 29,6. white collar (junior level),Studying/graduated from university/college and vocational school
2403,2024,South,"15,000,001 - 30,000,000",Female,25 - 29,17. unskilled labor,Studying/graduated from university/college and vocational school
2404,2024,North,"4,500,001 - 7,500,000",Female,19 - 24,8. peddle/ freelancer,Studying/graduated from secondary school
2405,2024,North,"15,000,001 - 30,000,000",Male,30 - 34,7. blue collar/ worker,Studying/graduated from high school
2406,2024,North,"7,500,001 - 15,000,000",Male,30 - 34,17. unskilled labor,Studying/graduated from high school
2407,2024,North,"7,500,001 - 15,000,000",Female,14 - 18,11. student/ pupil,Studying/graduated from university/college and vocational school
2408,2024,South,"15,000,001 - 30,000,000",Female,30 - 34,2. owner (small busisness),Studying/graduated from university/college and vocational school
2409,2024,North,"7,500,001 - 15,000,000",Female,19 - 24,11. student/ pupil,Studying/graduated from university/college and vocational school
2410,2024,North,"15,000,001 - 30,000,000",Female,19 - 24,11. student/ pupil,Studying/graduated from university/college and vocational school
2411,2024,North,"7,500,001 - 15,000,000",Female,30 - 34,6. white collar (junior level),Studying/graduated from university/college and vocational school
2412,2024,South,"15,000,001 - 30,000,000",Female,25 - 29,6. white collar (junior level),Studying/graduated from university/college and vocational school
2413,2024,South,"15,000,001 - 30,000,000",Male,25 - 29,2. owner (small busisness),Studying/graduated from university/college and vocational school
2414,2024,North,"15,000,001 - 30,000,000",Male,30 - 34,6. white collar (junior level),Studying/graduated from university/college and vocational school
2415,2024,South,"15,000,001 - 30,000,000",Male,30 - 34,8. peddle/ freelancer,Studying/graduated from high school
2416,2024,South,"30,000,001 - 45,000,000",Male,19 - 24,11. student/ pupil,Studying/graduated from university/college and vocational school
2417,2024,North,"7,500,001 - 15,000,000",Male,36 - 40,17. unskilled labor,Studying/graduated from high school
2418,2024,North,"7,500,001 - 15,000,000",Female,25 - 29,8. peddle/ freelancer,Studying/graduated from high school
2419,2024,South,"7,500,001 - 15,000,000",Male,25 - 29,6. white collar (junior level),Studying/graduated from university/college and vocational school
2420,2024,North,"7,500,001 - 15,000,000",Female,30 - 34,10. housewife,Studying/graduated from high school
2421,2024,South,"7,500,001 - 15,000,000",Female,19 - 24,8. peddle/ freelancer,Studying/graduated from high school
2422,2024,North,"4,500,001 - 7,500,000",Female,19 - 24,10. housewife,Studying/graduated from high school
2423,2024,South,"15,000,001 - 30,000,000",Male,36 - 40,6. white collar (junior level),Studying/graduated from university/college and vocational school
2424,2024,South,"7,500,001 - 15,000,000",Female,36 - 40,17. unskilled labor,Studying/graduated from secondary school
2425,2024,North,"15,000,001 - 30,000,000",Female,19 - 24,8. peddle/ freelancer,Studying/graduated from high school
2426,2024,North,"15,000,001 - 30,000,000",Female,19 - 24,11. student/ pupil,Studying/graduated from university/college and vocational school
2427,2024,North,"15,000,001 - 30,000,000",Male,30 - 34,6. white collar (junior level),Studying/graduated from university/college and vocational school
2428,2024,South,"7,500,001 - 15,000,000",Male,19 - 24,17. unskilled labor,Studying/graduated from high school
2429,2024,South,"15,000,001 - 30,000,000",Female,19 - 24,7. blue collar/ worker,Studying/graduated from university/college and vocational school
2430,2024,South,"30,000,001 - 45,000,000",Male,30 - 34,7. blue collar/ worker,Studying/graduated from high school
2431,2024,South,"15,000,001 - 30,000,000",Female,19 - 24,7. blue collar/ worker,Studying/graduated from high school
2432,2024,North,"15,000,001 - 30,000,000",Male,25 - 29,8. peddle/ freelancer,Studying/graduated from high school
2433,2024,North,"15,000,001 - 30,000,000",Male,14 - 18,11. student/ pupil,Studying/graduated from university/college and vocational school
2434,2024,North,"15,000,001 - 30,000,000",Female,19 - 24,9. unemployed,Studying/graduated from high school
2435,2024,North,"15,000,001 - 30,000,000",Male,19 - 24,11. student/ pupil,Studying/graduated from university/college and vocational school
2436,2024,North,"7,500,001 - 15,000,000",Female,25 - 29,7. blue collar/ worker,Studying/graduated from high school
2437,2024,North,"15,000,001 - 30,000,000",Female,30 - 34,6. white collar (junior level),Studying/graduated from university/college and vocational school
2438,2024,North,"7,500,001 - 15,000,000",Female,30 - 34,10. housewife,Studying/graduated from high school
2439,2024,South,"15,000,001 - 30,000,000",Female,36 - 40,5. white collar (managerial level and above),Studying/graduated from university/college and vocational school
2440,2024,North,"15,000,001 - 30,000,000",Male,30 - 34,13. technician,Studying/graduated from university/college and vocational school
2441,2024,South,"15,000,001 - 30,000,000",Female,30 - 34,5. white collar (managerial level and above),Studying/graduated from university/college and vocational school
2442,2024,South,"15,000,001 - 30,000,000",Female,30 - 34,5. white collar (managerial level and above),Studying/graduated from university/college and vocational school
2443,2024,South,"30,000,001 - 45,000,000",Male,19 - 24,6. white collar (junior level),Studying/graduated from university/college and vocational school
2444,2024,South,"15,000,001 - 30,000,000",Female,30 - 34,5. white collar (managerial level and above),Studying/graduated from university/college and vocational school
2445,2024,South,"15,000,001 - 30,000,000",Female,30 - 34,5. white collar (managerial level and above),Studying/graduated from university/college and vocational school
2446,2024,North,"15,000,001 - 30,000,000",Female,25 - 29,6. white collar (junior level),Studying/graduated from university/college and vocational school
2447,2024,North,"15,000,001 - 30,000,000",Female,25 - 29,13. technician,Studying/graduated from university/college and vocational school
2448,2024,North,"15,000,001 - 30,000,000",Female,25 - 29,5. white collar (managerial level and above),Studying/graduated from university/college and vocational school
2449,2024,North,"15,000,001 - 30,000,000",Female,25 - 29,6. white collar (junior level),Studying/graduated from university/college and vocational school
2450,2024,North,"15,000,001 - 30,000,000",Female,25 - 29,5. white collar (managerial level and above),Studying/graduated from university/college and vocational school
2451,2024,North,"15,000,001 - 30,000,000",Female,25 - 29,13. technician,Studying/graduated from university/college and vocational school
2452,2024,North,"15,000,001 - 30,000,000",Female,25 - 29,6. white collar (junior level),Studying/graduated from university/college and vocational school
2453,2024,North,"15,000,001 - 30,000,000",Male,19 - 24,6. white collar (junior level),Studying/graduated from university/college and vocational school
2454,2024,North,"7,500,001 - 15,000,000",Female,19 - 24,9. unemployed,Studying/graduated from high school
2455,2024,North,"4,500,001 - 7,500,000",Female,36 - 40,14. agricultural/ farmer,Studying/graduated from high school
2456,2024,North,"7,500,001 - 15,000,000",Female,19 - 24,17. unskilled labor,Studying/graduated from secondary school
2457,2024,North,"7,500,001 - 15,000,000",Female,14 - 18,11. student/ pupil,Studying/graduated from high school
2458,2024,North,"7,500,001 - 15,000,000",Male,30 - 34,17. unskilled labor,Studying/graduated from secondary school
2459,2024,North,"15,000,001 - 30,000,000",Male,30 - 34,8. peddle/ freelancer,Studying/graduated from high school
2460,2024,North,"4,500,001 - 7,500,000",Female,30 - 34,10. housewife,Studying/graduated from high school
2461,2024,North,"15,000,001 - 30,000,000",Male,19 - 24,8. peddle/ freelancer,Studying/graduated from secondary school
2462,2024,North,"15,000,001 - 30,000,000",Female,19 - 24,6. white collar (junior level),Studying/graduated from university/college and vocational school
2463,2024,North,"7,500,001 - 15,000,000",Male,14 - 18,11. student/ pupil,Studying/graduated from secondary school
2464,2024,North,"7,500,001 - 15,000,000",Male,14 - 18,11. student/ pupil,Studying/graduated from secondary school
2465,2024,North,"7,500,001 - 15,000,000",Female,30 - 34,7. blue collar/ worker,Studying/graduated from high school
2466,2024,North,"15,000,001 - 30,000,000",Male,30 - 34,7. blue collar/ worker,Studying/graduated from university/college and vocational school
2467,2024,North,"7,500,001 - 15,000,000",Female,36 - 40,2. owner (small busisness),Studying/graduated from high school
2468,2024,North,"7,500,001 - 15,000,000",Female,19 - 24,11. student/ pupil,Studying/graduated from university/college and vocational school
2469,2024,South,"15,000,001 - 30,000,000",Female,14 - 18,11. student/ pupil,Studying/graduated from high school
2470,2024,South,"15,000,001 - 30,000,000",Male,14 - 18,12. retire,Studying/graduated from high school
2471,2024,North,"15,000,001 - 30,000,000",Male,14 - 18,6. white collar (junior level),Studying/graduated from university/college and vocational school
2472,2024,South,"7,500,001 - 15,000,000",Male,30 - 34,8. peddle/ freelancer,Studying/graduated from high school
2473,2024,South,"7,500,001 - 15,000,000",Female,36 - 40,8. peddle/ freelancer,Studying/graduated from high school
2474,2024,South,"15,000,001 - 30,000,000",Female,30 - 34,5. white collar (managerial level and above),Studying/graduated from university/college and vocational school
2475,2024,South,"15,000,001 - 30,000,000",Female,30 - 34,5. white collar (managerial level and above),Studying/graduated from university/college and vocational school
2476,2024,North,"15,000,001 - 30,000,000",Female,36 - 40,6. white collar (junior level),Studying/graduated from university/college and vocational school
2477,2024,North,"15,000,001 - 30,000,000",Female,25 - 29,5. white collar (managerial level and above),Studying/graduated from university/college and vocational school
2478,2024,North,"15,000,001 - 30,000,000",Female,25 - 29,5. white collar (managerial level and above),Studying/graduated from university/college and vocational school
2479,2024,North,"7,500,001 - 15,000,000",Female,25 - 29,7. blue collar/ worker,Studying/graduated from university/college and vocational school
2480,2024,South,"7,500,001 - 15,000,000",Female,19 - 24,17. unskilled labor,Studying/graduated from high school
2481,2024,South,"7,500,001 - 15,000,000",Female,19 - 24,17. unskilled labor,Studying/graduated from secondary school
2482,2024,South,"15,000,001 - 30,000,000",Male,30 - 34,8. peddle/ freelancer,Studying/graduated from high school
2483,2024,North,"7,500,001 - 15,000,000",Female,30 - 34,7. blue collar/ worker,Studying/graduated from university/college and vocational school
2484,2024,South,"15,000,001 - 30,000,000",Female,25 - 29,7. blue collar/ worker,Studying/graduated from university/college and vocational school
2485,2024,South,"7,500,001 - 15,000,000",Female,30 - 34,17. unskilled labor,Studying/graduated from high school
2486,2024,South,"15,000,001 - 30,000,000",Male,25 - 29,6. white collar (junior level),Studying/graduated from university/college and vocational school
2487,2024,North,"7,500,001 - 15,000,000",Female,19 - 24,8. peddle/ freelancer,Studying/graduated from high school
2488,2024,North,"7,500,001 - 15,000,000",Female,14 - 18,11. student/ pupil,Studying/graduated from secondary school
2489,2024,South,"15,000,001 - 30,000,000",Female,30 - 34,7. blue collar/ worker,Studying/graduated from high school
2490,2024,North,"15,000,001 - 30,000,000",Female,19 - 24,11. student/ pupil,Studying/graduated from university/college and vocational school
2491,2024,North,"7,500,001 - 15,000,000",Female,14 - 18,11. student/ pupil,Studying/graduated from secondary school
2492,2024,North,"15,000,001 - 30,000,000",Male,25 - 29,8. peddle/ freelancer,Studying/graduated from high school
2493,2024,North,"7,500,001 - 15,000,000",Male,14 - 18,17. unskilled labor,Studying/graduated from high school
2494,2024,South,"7,500,001 - 15,000,000",Female,14 - 18,11. student/ pupil,Studying/graduated from university/college and vocational school
2495,2024,North,"7,500,001 - 15,000,000",Female,25 - 29,17. unskilled labor,Studying/graduated from high school
2496,2024,North,"7,500,001 - 15,000,000",Female,30 - 34,8. peddle/ freelancer,Studying/graduated from high school
2497,2024,North,"15,000,001 - 30,000,000",Male,19 - 24,8. peddle/ freelancer,Studying/graduated from high school
2498,2024,North,"15,000,001 - 30,000,000",Female,36 - 40,8. peddle/ freelancer,Studying/graduated from high school
2499,2024,North,"7,500,001 - 15,000,000",Male,14 - 18,11. student/ pupil,Studying/graduated from high school
2500,2024,North,"15,000,001 - 30,000,000",Male,19 - 24,8. peddle/ freelancer,Studying/graduated from high school
2501,2024,North,"15,000,001 - 30,000,000",Female,36 - 40,14. agricultural/ farmer,Studying/graduated from high school
2502,2024,North,"7,500,001 - 15,000,000",Female,19 - 24,17. unskilled labor,Studying/graduated from high school
2503,2024,North,"15,000,001 - 30,000,000",Male,14 - 18,11. student/ pupil,Studying/graduated from high school
2504,2024,South,"15,000,001 - 30,000,000",Male,30 - 34,6. white collar (junior level),Studying/graduated from university/college and vocational school
2505,2024,North,"15,000,001 - 30,000,000",Male,14 - 18,11. student/ pupil,Studying/graduated from high school
2506,2024,North,"4,500,001 - 7,500,000",Male,14 - 18,11. student/ pupil,Studying/graduated from high school
2507,2024,North,"7,500,001 - 15,000,000",Male,19 - 24,8. peddle/ freelancer,Studying/graduated from secondary school
2508,2024,North,"15,000,001 - 30,000,000",Female,36 - 40,6. white collar (junior level),Studying/graduated from university/college and vocational school
2509,2024,North,"15,000,001 - 30,000,000",Female,30 - 34,4. professional,Studying/graduated from university/college and vocational school
2510,2024,North,"7,500,001 - 15,000,000",Female,30 - 34,17. unskilled labor,Studying/graduated from high school
2511,2024,North,"15,000,001 - 30,000,000",Male,36 - 40,6. white collar (junior level),Studying/graduated from university/college and vocational school
2512,2024,North,"7,500,001 - 15,000,000",Female,19 - 24,11. student/ pupil,Studying/graduated from university/college and vocational school
2513,2024,North,"7,500,001 - 15,000,000",Female,30 - 34,8. peddle/ freelancer,Studying/graduated from high school
2514,2024,North,"7,500,001 - 15,000,000",Female,30 - 34,8. peddle/ freelancer,Studying/graduated from high school
2515,2024,North,"3,000,001 - 4,500,000",Female,25 - 29,8. peddle/ freelancer,Studying/graduated from high school
2516,2024,North,"7,500,001 - 15,000,000",Male,14 - 18,11. student/ pupil,Studying/graduated from high school
2517,2024,North,"15,000,001 - 30,000,000",Male,19 - 24,11. student/ pupil,Studying/graduated from university/college and vocational school
2518,2024,North,"15,000,001 - 30,000,000",Male,25 - 29,13. technician,Studying/graduated from university/college and vocational school
2519,2024,North,"7,500,001 - 15,000,000",Female,19 - 24,11. student/ pupil,Studying/graduated from university/college and vocational school
2520,2024,North,"15,000,001 - 30,000,000",Female,30 - 34,8. peddle/ freelancer,Studying/graduated from high school
2521,2024,North,"4,500,001 - 7,500,000",Female,25 - 29,14. agricultural/ farmer,Studying/graduated from high school
2522,2024,North,"7,500,001 - 15,000,000",Male,30 - 34,8. peddle/ freelancer,Studying/graduated from secondary school
2523,2024,North,"7,500,001 - 15,000,000",Male,30 - 34,8. peddle/ freelancer,Studying/graduated from high school
2524,2024,North,"7,500,001 - 15,000,000",Female,19 - 24,17. unskilled labor,Studying/graduated from high school
2525,2024,North,"30,000,001 - 45,000,000",Male,14 - 18,11. student/ pupil,Studying/graduated from secondary school
2526,2024,North,"4,500,001 - 7,500,000",Female,14 - 18,11. student/ pupil,Studying/graduated from high school
2527,2024,North,"15,000,001 - 30,000,000",Female,30 - 34,7. blue collar/ worker,Studying/graduated from high school
2528,2024,North,"15,000,001 - 30,000,000",Female,36 - 40,14. agricultural/ farmer,Studying/graduated from secondary school
2529,2024,North,"7,500,001 - 15,000,000",Male,25 - 29,7. blue collar/ worker,Studying/graduated from university/college and vocational school
2530,2024,North,"15,000,001 - 30,000,000",Female,25 - 29,6. white collar (junior level),Studying/graduated from university/college and vocational school
2531,2024,North,"7,500,001 - 15,000,000",Male,25 - 29,7. blue collar/ worker,Studying/graduated from high school
2532,2024,North,"15,000,001 - 30,000,000",Male,36 - 40,6. white collar (junior level),Studying/graduated from university/college and vocational school
2533,2024,North,"7,500,001 - 15,000,000",Male,19 - 24,8. peddle/ freelancer,Studying/graduated from high school
2534,2024,North,"15,000,001 - 30,000,000",Male,25 - 29,8. peddle/ freelancer,Studying/graduated from high school
2535,2024,North,"7,500,001 - 15,000,000",Male,30 - 34,8. peddle/ freelancer,Studying/graduated from high school
2536,2024,North,"7,500,001 - 15,000,000",Female,36 - 40,17. unskilled labor,Studying/graduated from high school
2537,2024,South,"7,500,001 - 15,000,000",Female,25 - 29,8. peddle/ freelancer,Studying/graduated from high school
2538,2024,North,"15,000,001 - 30,000,000",Female,36 - 40,4. professional,Studying/graduated from university/college and vocational school
2539,2024,North,"7,500,001 - 15,000,000",Male,25 - 29,16. salesperson,Studying/graduated from university/college and vocational school
2540,2024,North,"7,500,001 - 15,000,000",Female,30 - 34,8. peddle/ freelancer,Studying/graduated from high school
2541,2024,North,"7,500,001 - 15,000,000",Male,19 - 24,8. peddle/ freelancer,Studying/graduated from high school
2542,2024,North,"30,000,001 - 45,000,000",Male,30 - 34,8. peddle/ freelancer,Studying/graduated from high school
2543,2024,North,"4,500,001 - 7,500,000",Female,14 - 18,11. student/ pupil,Studying/graduated from secondary school
2544,2024,North,"15,000,001 - 30,000,000",Female,25 - 29,6. white collar (junior level),Studying/graduated from university/college and vocational school
2545,2024,North,"15,000,001 - 30,000,000",Male,19 - 24,17. unskilled labor,Studying/graduated from high school
2546,2024,North,"4,500,001 - 7,500,000",Female,30 - 34,10. housewife,Studying/graduated from secondary school
2547,2024,North,"7,500,001 - 15,000,000",Female,25 - 29,7. blue collar/ worker,Studying/graduated from university/college and vocational school
2548,2024,North,"15,000,001 - 30,000,000",Female,19 - 24,8. peddle/ freelancer,Studying/graduated from high school
2549,2024,North,"7,500,001 - 15,000,000",Female,25 - 29,8. peddle/ freelancer,Studying/graduated from high school
2550,2024,North,"15,000,001 - 30,000,000",Male,25 - 29,7. blue collar/ worker,Studying/graduated from university/college and vocational school
2551,2024,North,"7,500,001 - 15,000,000",Female,30 - 34,10. housewife,Studying/graduated from high school
2552,2024,North,"7,500,001 - 15,000,000",Female,19 - 24,16. salesperson,Studying/graduated from university/college and vocational school
2553,2024,North,"15,000,001 - 30,000,000",Male,19 - 24,8. peddle/ freelancer,Studying/graduated from high school
2554,2024,North,"7,500,001 - 15,000,000",Female,19 - 24,11. student/ pupil,Studying/graduated from university/college and vocational school
2555,2024,North,"7,500,001 - 15,000,000",Male,30 - 34,10. housewife,Studying/graduated from secondary school
2556,2024,North,"7,500,001 - 15,000,000",Female,25 - 29,14. agricultural/ farmer,Studying/graduated from secondary school
2557,2024,North,"4,500,001 - 7,500,000",Female,30 - 34,14. agricultural/ farmer,Studying/graduated from high school
2558,2024,North,"15,000,001 - 30,000,000",Male,14 - 18,11. student/ pupil,Studying/graduated from university/college and vocational school
2559,2024,North,"7,500,001 - 15,000,000",Female,30 - 34,8. peddle/ freelancer,Studying/graduated from high school
2560,2024,North,"7,500,001 - 15,000,000",Male,25 - 29,7. blue collar/ worker,Studying/graduated from high school
2561,2024,North,"7,500,001 - 15,000,000",Female,19 - 24,7. blue collar/ worker,Studying/graduated from high school
2562,2024,North,"15,000,001 - 30,000,000",Female,36 - 40,6. white collar (junior level),Studying/graduated from university/college and vocational school
2563,2024,North,"7,500,001 - 15,000,000",Male,14 - 18,11. student/ pupil,Studying/graduated from secondary school
2564,2024,North,"7,500,001 - 15,000,000",Male,14 - 18,11. student/ pupil,Studying/graduated from university/college and vocational school
2565,2024,North,"15,000,001 - 30,000,000",Female,14 - 18,11. student/ pupil,Studying/graduated from high school
2566,2024,North,"15,000,001 - 30,000,000",Female,19 - 24,8. peddle/ freelancer,Studying/graduated from high school
2567,2024,South,"15,000,001 - 30,000,000",Male,25 - 29,17. unskilled labor,Studying/graduated from high school
2568,2024,South,"15,000,001 - 30,000,000",Male,25 - 29,8. peddle/ freelancer,Studying/graduated from high school
2569,2024,South,"15,000,001 - 30,000,000",Female,19 - 24,8. peddle/ freelancer,Studying/graduated from high school
2570,2024,South,"7,500,001 - 15,000,000",Female,30 - 34,8. peddle/ freelancer,Studying/graduated from secondary school
2571,2024,South,"15,000,001 - 30,000,000",Male,14 - 18,11. student/ pupil,Studying/graduated from high school
2572,2024,North,"7,500,001 - 15,000,000",Female,25 - 29,8. peddle/ freelancer,Studying/graduated from high school
2573,2024,North,"7,500,001 - 15,000,000",Male,14 - 18,11. student/ pupil,Studying/graduated from secondary school
2574,2024,North,"15,000,001 - 30,000,000",Male,30 - 34,8. peddle/ freelancer,Studying/graduated from high school
2575,2024,North,"15,000,001 - 30,000,000",Female,30 - 34,6. white collar (junior level),Studying/graduated from university/college and vocational school
2576,2024,North,"4,500,001 - 7,500,000",Male,14 - 18,11. student/ pupil,Studying/graduated from secondary school
2577,2024,South,"15,000,001 - 30,000,000",Female,19 - 24,11. student/ pupil,Studying/graduated from university/college and vocational school
2578,2024,North,"15,000,001 - 30,000,000",Male,19 - 24,8. peddle/ freelancer,Studying/graduated from high school
2579,2024,North,"15,000,001 - 30,000,000",Female,36 - 40,8. peddle/ freelancer,Studying/graduated from high school
2580,2024,South,"7,500,001 - 15,000,000",Female,25 - 29,5. white collar (managerial level and above),Studying/graduated from university/college and vocational school
2581,2024,North,"15,000,001 - 30,000,000",Female,25 - 29,7. blue collar/ worker,Studying/graduated from high school
2582,2024,North,"7,500,001 - 15,000,000",Female,14 - 18,17. unskilled labor,Studying/graduated from high school
2583,2024,South,"15,000,001 - 30,000,000",Male,36 - 40,7. blue collar/ worker,Studying/graduated from high school
2584,2024,North,"7,500,001 - 15,000,000",Female,19 - 24,11. student/ pupil,Studying/graduated from university/college and vocational school
2585,2024,North,"7,500,001 - 15,000,000",Male,14 - 18,11. student/ pupil,Studying/graduated from secondary school
2586,2024,North,"15,000,001 - 30,000,000",Male,19 - 24,7. blue collar/ worker,Studying/graduated from high school
2587,2024,North,"15,000,001 - 30,000,000",Male,36 - 40,17. unskilled labor,Studying/graduated from high school
2588,2024,South,"15,000,001 - 30,000,000",Female,19 - 24,8. peddle/ freelancer,Studying/graduated from high school
2589,2024,North,"7,500,001 - 15,000,000",Female,36 - 40,8. peddle/ freelancer,Studying/graduated from high school
2590,2024,North,"7,500,001 - 15,000,000",Male,19 - 24,7. blue collar/ worker,Studying/graduated from high school
2591,2024,North,"15,000,001 - 30,000,000",Female,30 - 34,8. peddle/ freelancer,Studying/graduated from high school
2592,2024,North,"7,500,001 - 15,000,000",Male,30 - 34,8. peddle/ freelancer,Studying/graduated from high school
2593,2024,North,"7,500,001 - 15,000,000",Female,30 - 34,6. white collar (junior level),Studying/graduated from university/college and vocational school
2594,2024,North,"4,500,001 - 7,500,000",Female,25 - 29,8. peddle/ freelancer,Studying/graduated from high school
2595,2024,North,"7,500,001 - 15,000,000",Male,25 - 29,8. peddle/ freelancer,Studying/graduated from high school
2596,2024,South,"15,000,001 - 30,000,000",Female,30 - 34,5. white collar (managerial level and above),Studying/graduated from university/college and vocational school
2597,2024,South,"15,000,001 - 30,000,000",Male,25 - 29,8. peddle/ freelancer,Studying/graduated from high school
2598,2024,South,"7,500,001 - 15,000,000",Female,14 - 18,11. student/ pupil,Studying/graduated from high school
2599,2024,South,"15,000,001 - 30,000,000",Female,25 - 29,8. peddle/ freelancer,Studying/graduated from high school
2600,2024,North,"Above 45,000,001",Female,30 - 34,5. white collar (managerial level and above),Studying/graduated from university/college and vocational school
