Serial number,Wave,Master_Id,TOM,BUMO,Previous_Master_Id,Previous_Master_Brand,Switch_Status,P3M,Consideration,Total_Spontanoues,Total_aided_awareness,P4W
1,2025,100,1,1,200.0,Olong Tea Plus,Switched,1,1,1,1,1
1,2025,200,0,0,,,,0,1,0,1,0
1,2025,300,0,0,,,,0,0,0,0,0
1,2025,400,0,0,,,,0,0,0,0,0
1,2025,500,0,0,,,,0,0,0,0,0
1,2025,600,0,0,,,,0,0,0,0,0
1,2025,700,0,0,,,,0,0,0,0,0
2,2025,100,0,0,,,,0,0,1,1,0
2,2025,200,0,0,,,,0,0,1,1,0
2,2025,300,1,0,,,,1,1,1,1,1
2,2025,400,0,0,,,,0,0,0,1,0
2,2025,500,0,1,300.0,Không Độ,Switched,1,1,0,1,1
2,2025,600,0,0,,,,0,0,0,1,0
2,2025,700,0,0,,,,1,0,0,1,0
3,2025,100,0,0,,,,0,0,0,0,0
3,2025,200,0,0,,,,0,0,0,0,0
3,2025,300,1,1,700.0,Khác,Switched,1,1,1,1,1
3,2025,400,0,0,,,,0,0,0,0,0
3,2025,500,0,0,,,,0,0,0,0,0
3,2025,600,0,0,,,,0,0,0,0,0
3,2025,700,0,0,,,,0,1,0,1,0
4,2025,100,0,0,,,,1,1,0,1,1
4,2025,200,0,0,,,,1,1,1,1,1
4,2025,300,1,0,,,,0,1,1,1,0
4,2025,400,0,1,200.0,Olong Tea Plus,Switched,1,1,1,1,1
4,2025,500,0,0,,,,0,0,0,1,0
4,2025,600,0,0,,,,0,1,0,1,0
4,2025,700,0,0,,,,1,1,0,1,1
5,2025,100,0,0,,,,0,0,1,1,0
5,2025,200,0,0,,,,0,1,1,1,0
5,2025,300,0,0,,,,1,1,0,1,1
5,2025,400,0,0,,,,1,1,0,1,1
5,2025,500,0,0,,,,0,0,0,1,0
5,2025,600,0,0,,,,0,0,0,1,0
5,2025,700,1,1,300.0,Không Độ,Switched,1,1,1,1,1
6,2025,100,1,0,,,,1,1,1,1,1
6,2025,200,0,0,,,,1,1,1,1,1
6,2025,300,0,1,100.0,C2,Switched,1,1,1,1,1
6,2025,400,0,0,,,,0,1,1,1,0
6,2025,500,0,0,,,,1,1,0,1,1
6,2025,600,0,0,,,,0,0,0,1,0
6,2025,700,0,0,,,,1,1,1,1,1
7,2025,100,0,0,,,,1,1,1,1,1
7,2025,200,0,0,,,,1,1,1,1,1
7,2025,300,1,1,100.0,C2,Switched,1,1,1,1,1
7,2025,400,0,0,,,,0,1,0,1,0
7,2025,500,0,0,,,,0,0,0,0,0
7,2025,600,0,0,,,,0,0,0,0,0
7,2025,700,0,0,,,,0,0,0,1,0
8,2025,100,1,0,,,,0,1,1,1,0
8,2025,200,0,1,100.0,C2,Switched,1,1,1,1,1
8,2025,300,0,0,,,,0,0,0,0,0
8,2025,400,0,0,,,,1,1,0,1,1
8,2025,500,0,0,,,,1,1,0,1,1
8,2025,600,0,0,,,,0,0,0,0,0
8,2025,700,0,0,,,,1,1,0,1,0
9,2025,100,0,0,,,,0,0,0,0,0
9,2025,200,0,0,,,,1,1,1,1,1
9,2025,300,1,0,,,,1,1,1,1,1
9,2025,400,0,0,,,,0,1,0,1,0
9,2025,500,0,1,300.0,Không Độ,Switched,1,1,1,1,1
9,2025,600,0,0,,,,0,0,0,0,0
9,2025,700,0,0,,,,1,0,0,1,0
10,2025,100,1,0,,,,1,1,1,1,1
10,2025,200,0,1,,,No Previous Data,1,1,0,1,1
10,2025,300,0,0,,,,1,0,1,1,0
10,2025,400,0,0,,,,1,1,0,1,1
10,2025,500,0,0,,,,0,0,0,1,0
10,2025,600,0,0,,,,0,1,0,1,0
10,2025,700,0,0,,,,0,1,0,1,0
11,2025,100,0,0,,,,0,0,0,0,0
11,2025,200,0,0,,,,0,0,0,0,0
11,2025,300,0,0,,,,0,0,0,0,0
11,2025,400,0,0,,,,0,0,0,0,0
11,2025,500,0,0,,,,0,0,0,0,0
11,2025,600,0,0,,,,0,0,0,0,0
11,2025,700,1,1,,,No Previous Data,1,1,1,1,1
12,2025,100,0,0,,,,0,0,0,0,0
12,2025,200,1,1,600.0,Dr. Thanh,Switched,1,1,1,1,1
12,2025,300,0,0,,,,0,0,0,0,0
12,2025,400,0,0,,,,1,1,1,1,1
12,2025,500,0,0,,,,0,0,0,0,0
12,2025,600,0,0,,,,0,1,0,1,0
12,2025,700,0,0,,,,0,0,0,0,0
13,2025,100,0,0,,,,0,0,0,0,0
13,2025,200,0,0,,,,0,0,0,0,0
13,2025,300,1,1,,,No Previous Data,1,1,1,1,1
13,2025,400,0,0,,,,0,0,0,0,0
13,2025,500,0,0,,,,0,0,0,0,0
13,2025,600,0,0,,,,0,0,0,0,0
13,2025,700,0,0,,,,0,0,0,0,0
14,2025,100,0,1,700.0,Khác,Switched,1,1,1,1,1
14,2025,200,0,0,,,,1,0,0,1,0
14,2025,300,0,0,,,,0,0,0,0,0
14,2025,400,0,0,,,,0,0,0,0,0
14,2025,500,0,0,,,,0,0,0,0,0
14,2025,600,0,0,,,,0,0,0,0,0
14,2025,700,0,0,,,,0,1,0,1,0
15,2025,100,0,0,,,,1,1,0,1,1
15,2025,200,0,0,,,,1,1,1,1,0
15,2025,300,1,1,200.0,Olong Tea Plus,Switched,1,1,1,1,1
15,2025,400,0,0,,,,0,0,0,1,0
15,2025,500,0,0,,,,0,0,0,1,0
15,2025,600,0,0,,,,0,0,0,1,0
15,2025,700,0,0,,,,1,1,0,1,1
16,2025,100,0,0,,,,1,1,0,1,1
16,2025,200,0,0,,,,1,1,0,1,1
16,2025,300,1,1,700.0,Khác,Switched,1,1,1,1,1
16,2025,400,0,0,,,,1,1,1,1,1
16,2025,500,0,0,,,,0,0,0,0,0
16,2025,600,0,0,,,,0,1,0,1,0
16,2025,700,0,0,,,,1,1,1,1,0
17,2025,100,1,0,,,,0,1,1,1,0
17,2025,200,0,1,600.0,Dr. Thanh,Switched,1,1,0,1,1
17,2025,300,0,0,,,,0,1,0,1,0
17,2025,400,0,0,,,,0,0,1,1,0
17,2025,500,0,0,,,,0,0,0,0,0
17,2025,600,0,0,,,,0,0,0,1,0
17,2025,700,0,0,,,,0,0,0,1,0
18,2025,100,0,0,,,,0,1,0,1,0
18,2025,200,0,0,,,,1,1,1,1,1
18,2025,300,1,0,,,,1,1,1,1,0
18,2025,400,0,0,,,,1,1,1,1,1
18,2025,500,0,0,,,,1,1,0,1,1
18,2025,600,0,1,400.0,Cozy,Switched,1,1,0,1,1
18,2025,700,0,0,,,,1,1,0,1,1
19,2025,100,0,0,,,,0,0,0,0,0
19,2025,200,0,0,,,,0,0,0,0,0
19,2025,300,1,1,,,No Previous Data,1,1,1,1,1
19,2025,400,0,0,,,,0,0,0,0,0
19,2025,500,0,0,,,,0,0,0,0,0
19,2025,600,0,0,,,,0,0,0,0,0
19,2025,700,0,0,,,,0,0,0,0,0
20,2025,100,0,0,,,,0,0,0,0,0
20,2025,200,0,0,,,,0,0,0,0,0
20,2025,300,0,0,,,,0,0,0,0,0
20,2025,400,0,0,,,,0,0,0,0,0
20,2025,500,0,0,,,,0,0,0,0,0
20,2025,600,0,0,,,,0,0,0,0,0
20,2025,700,1,1,,,No Previous Data,1,1,1,1,1
21,2025,100,0,0,,,,0,0,0,0,0
21,2025,200,0,0,,,,1,1,0,1,1
21,2025,300,1,1,200.0,Olong Tea Plus,Switched,1,1,1,1,1
21,2025,400,0,0,,,,1,1,0,1,1
21,2025,500,0,0,,,,0,0,0,0,0
21,2025,600,0,0,,,,1,1,0,1,1
21,2025,700,0,0,,,,1,1,0,1,0
22,2025,100,0,0,,,,0,0,1,1,0
22,2025,200,0,0,,,,0,0,1,1,0
22,2025,300,1,0,,,,1,1,1,1,0
22,2025,400,0,0,,,,1,1,0,1,1
22,2025,500,0,1,400.0,Cozy,Switched,1,1,0,1,1
22,2025,600,0,0,,,,0,0,0,1,0
22,2025,700,0,0,,,,0,0,0,0,0
23,2025,100,0,0,,,,0,0,0,0,0
23,2025,200,0,0,,,,0,0,0,0,0
23,2025,300,1,0,,,,1,1,1,1,0
23,2025,400,0,0,,,,0,0,0,0,0
23,2025,500,0,0,,,,0,0,0,0,0
23,2025,600,0,0,,,,0,0,0,0,0
23,2025,700,0,1,300.0,Không Độ,Switched,1,1,0,1,1
24,2025,100,0,0,,,,1,1,1,1,1
24,2025,200,1,1,100.0,C2,Switched,1,1,1,1,1
24,2025,300,0,0,,,,1,1,1,1,1
24,2025,400,0,0,,,,0,0,0,1,0
24,2025,500,0,0,,,,0,0,0,0,0
24,2025,600,0,0,,,,0,0,0,1,0
24,2025,700,0,0,,,,0,0,0,1,0
25,2025,100,1,1,200.0,Olong Tea Plus,Switched,1,1,1,1,1
25,2025,200,0,0,,,,0,0,1,1,0
25,2025,300,0,0,,,,0,1,0,1,0
25,2025,400,0,0,,,,0,0,0,1,0
25,2025,500,0,0,,,,0,0,0,1,0
25,2025,600,0,0,,,,0,0,0,1,0
25,2025,700,0,0,,,,0,0,0,1,0
26,2025,100,0,0,,,,0,0,0,1,0
26,2025,200,0,0,,,,0,0,1,1,0
26,2025,300,0,0,,,,1,1,1,1,1
26,2025,400,1,1,300.0,Không Độ,Switched,1,1,1,1,1
26,2025,500,0,0,,,,0,0,0,0,0
26,2025,600,0,0,,,,0,0,0,1,0
26,2025,700,0,0,,,,0,0,0,0,0
27,2025,100,0,0,,,,0,0,1,1,0
27,2025,200,0,0,,,,0,0,1,1,0
27,2025,300,1,1,,,No Previous Data,1,1,1,1,1
27,2025,400,0,0,,,,0,0,0,1,0
27,2025,500,0,0,,,,0,0,0,0,0
27,2025,600,0,0,,,,0,0,0,1,0
27,2025,700,0,0,,,,0,0,0,1,0
28,2025,100,1,1,,,No Previous Data,1,1,1,1,1
28,2025,200,0,0,,,,0,0,1,1,0
28,2025,300,0,0,,,,0,0,0,1,0
28,2025,400,0,0,,,,0,0,0,1,0
28,2025,500,0,0,,,,0,1,0,1,0
28,2025,600,0,0,,,,0,0,0,1,0
28,2025,700,0,0,,,,0,0,0,1,0
29,2025,100,0,0,,,,1,1,1,1,0
29,2025,200,1,1,,,No Previous Data,1,1,1,1,1
29,2025,300,0,0,,,,0,0,1,1,0
29,2025,400,0,0,,,,0,0,1,1,0
29,2025,500,0,0,,,,0,0,0,0,0
29,2025,600,0,0,,,,0,0,0,1,0
29,2025,700,0,0,,,,0,0,0,1,0
30,2025,100,0,0,,,,1,1,1,1,0
30,2025,200,1,1,,,No Previous Data,1,1,1,1,1
30,2025,300,0,0,,,,0,0,0,1,0
30,2025,400,0,0,,,,1,0,1,1,0
30,2025,500,0,0,,,,0,0,0,0,0
30,2025,600,0,0,,,,0,0,0,1,0
30,2025,700,0,0,,,,0,0,0,1,0
31,2025,100,0,0,,,,0,1,1,1,0
31,2025,200,1,1,,,No Previous Data,1,1,1,1,1
31,2025,300,0,0,,,,0,0,1,1,0
31,2025,400,0,0,,,,1,1,0,1,1
31,2025,500,0,0,,,,0,0,0,0,0
31,2025,600,0,0,,,,0,0,0,1,0
31,2025,700,0,0,,,,0,0,0,1,0
32,2025,100,0,0,,,,1,1,1,1,1
32,2025,200,1,1,,,No Previous Data,1,1,1,1,1
32,2025,300,0,0,,,,1,1,0,1,1
32,2025,400,0,0,,,,1,1,1,1,1
32,2025,500,0,0,,,,0,0,0,0,0
32,2025,600,0,0,,,,0,0,0,0,0
32,2025,700,0,0,,,,0,0,0,1,0
33,2025,100,0,0,,,,1,1,1,1,0
33,2025,200,0,0,,,,1,1,1,1,1
33,2025,300,1,1,,,No Previous Data,1,1,1,1,1
33,2025,400,0,0,,,,0,0,0,1,0
33,2025,500,0,0,,,,0,0,0,0,0
33,2025,600,0,0,,,,0,0,0,1,0
33,2025,700,0,0,,,,0,0,0,1,0
34,2025,100,1,1,,,No Previous Data,1,1,1,1,1
34,2025,200,0,0,,,,0,0,0,1,0
34,2025,300,0,0,,,,1,1,1,1,0
34,2025,400,0,0,,,,0,0,0,1,0
34,2025,500,0,0,,,,0,0,0,0,0
34,2025,600,0,0,,,,0,0,0,1,0
34,2025,700,0,0,,,,1,1,1,1,1
35,2025,100,0,0,,,,0,1,1,1,0
35,2025,200,0,0,,,,0,0,1,1,0
35,2025,300,0,0,,,,0,0,0,1,0
35,2025,400,0,0,,,,0,0,0,1,0
35,2025,500,0,0,,,,0,0,0,1,0
35,2025,600,0,0,,,,0,0,0,1,0
35,2025,700,1,1,200.0,Olong Tea Plus,Switched,1,1,1,1,1
36,2025,100,0,0,,,,0,1,1,1,0
36,2025,200,1,1,,,No Previous Data,1,1,1,1,1
36,2025,300,0,0,,,,0,0,1,1,0
36,2025,400,0,0,,,,0,0,0,1,0
36,2025,500,0,0,,,,0,0,0,1,0
36,2025,600,0,0,,,,0,0,0,1,0
36,2025,700,0,0,,,,0,0,0,1,0
37,2025,100,0,0,,,,1,1,0,1,1
37,2025,200,1,1,300.0,Không Độ,Switched,1,1,1,1,1
37,2025,300,0,0,,,,1,1,1,1,1
37,2025,400,0,0,,,,1,1,1,1,1
37,2025,500,0,0,,,,0,0,0,0,0
37,2025,600,0,0,,,,0,0,0,1,0
37,2025,700,0,0,,,,0,0,0,1,0
38,2025,100,0,0,,,,0,0,0,1,0
38,2025,200,0,0,,,,1,1,1,1,1
38,2025,300,1,1,,,No Previous Data,1,1,1,1,1
38,2025,400,0,0,,,,0,0,0,1,0
38,2025,500,0,0,,,,0,0,0,0,0
38,2025,600,0,0,,,,0,0,0,1,0
38,2025,700,0,0,,,,0,1,0,1,0
39,2025,100,0,0,,,,1,1,1,1,0
39,2025,200,1,1,,,No Previous Data,1,1,1,1,1
39,2025,300,0,0,,,,0,1,1,1,0
39,2025,400,0,0,,,,0,0,0,1,0
39,2025,500,0,0,,,,0,0,0,0,0
39,2025,600,0,0,,,,0,0,0,1,0
39,2025,700,0,0,,,,0,0,0,1,0
40,2025,100,1,1,,,No Previous Data,1,1,1,1,1
40,2025,200,0,0,,,,0,0,1,1,0
40,2025,300,0,0,,,,0,1,0,1,0
40,2025,400,0,0,,,,0,0,0,1,0
40,2025,500,0,0,,,,0,0,0,1,0
40,2025,600,0,0,,,,0,0,0,1,0
40,2025,700,0,0,,,,0,0,0,1,0
41,2025,100,1,1,,,No Previous Data,1,1,1,1,1
41,2025,200,0,0,,,,1,1,1,1,0
41,2025,300,0,0,,,,1,1,1,1,0
41,2025,400,0,0,,,,0,0,1,1,0
41,2025,500,0,0,,,,0,0,0,0,0
41,2025,600,0,0,,,,0,0,0,1,0
41,2025,700,0,0,,,,0,0,0,1,0
42,2025,100,1,1,,,No Previous Data,1,1,1,1,1
42,2025,200,0,0,,,,1,1,1,1,1
42,2025,300,0,0,,,,1,1,1,1,0
42,2025,400,0,0,,,,0,0,0,1,0
42,2025,500,0,0,,,,0,0,0,1,0
42,2025,600,0,0,,,,0,0,0,1,0
42,2025,700,0,0,,,,0,1,0,1,0
43,2025,100,0,0,,,,0,1,0,1,0
43,2025,200,0,0,,,,1,1,1,1,1
43,2025,300,0,0,,,,1,1,1,1,1
43,2025,400,1,1,200.0,Olong Tea Plus,Switched,1,1,1,1,1
43,2025,500,0,0,,,,0,0,0,0,0
43,2025,600,0,0,,,,0,0,0,1,0
43,2025,700,0,0,,,,1,1,0,1,0
44,2025,100,0,0,,,,1,0,1,1,0
44,2025,200,0,0,,,,1,1,1,1,1
44,2025,300,0,0,,,,0,1,0,1,0
44,2025,400,0,0,,,,0,0,0,0,0
44,2025,500,0,0,,,,0,0,0,1,0
44,2025,600,0,0,,,,0,0,0,0,0
44,2025,700,1,1,200.0,Olong Tea Plus,Switched,1,1,1,1,0
45,2025,100,1,1,,,No Previous Data,1,1,1,1,1
45,2025,200,0,0,,,,1,1,1,1,1
45,2025,300,0,0,,,,0,0,0,1,0
45,2025,400,0,0,,,,0,0,0,1,0
45,2025,500,0,0,,,,0,0,0,1,0
45,2025,600,0,0,,,,0,0,0,0,0
45,2025,700,0,0,,,,1,1,0,1,0
46,2025,100,0,0,,,,1,1,1,1,1
46,2025,200,0,0,,,,1,1,1,1,1
46,2025,300,1,1,,,No Previous Data,1,1,1,1,1
46,2025,400,0,0,,,,1,1,0,1,1
46,2025,500,0,0,,,,0,0,0,1,0
46,2025,600,0,0,,,,0,0,0,1,0
46,2025,700,0,0,,,,1,1,0,1,0
47,2025,100,1,1,,,No Previous Data,1,1,1,1,1
47,2025,200,0,0,,,,0,1,1,1,0
47,2025,300,0,0,,,,0,1,1,1,0
47,2025,400,0,0,,,,0,0,1,1,0
47,2025,500,0,0,,,,0,1,0,1,0
47,2025,600,0,0,,,,0,0,0,1,0
47,2025,700,0,0,,,,0,1,1,1,0
48,2025,100,0,0,,,,1,1,1,1,0
48,2025,200,1,1,,,No Previous Data,1,1,1,1,1
48,2025,300,0,0,,,,0,1,0,1,0
48,2025,400,0,0,,,,0,0,1,1,0
48,2025,500,0,0,,,,0,0,0,1,0
48,2025,600,0,0,,,,0,0,0,1,0
48,2025,700,0,0,,,,0,1,0,1,0
49,2025,100,0,0,,,,0,1,1,1,0
49,2025,200,1,1,300.0,Không Độ,Switched,1,1,1,1,1
49,2025,300,0,0,,,,1,1,1,1,1
49,2025,400,0,0,,,,0,0,0,1,0
49,2025,500,0,0,,,,0,0,0,0,0
49,2025,600,0,0,,,,0,0,0,1,0
49,2025,700,0,0,,,,0,1,0,1,0
50,2025,100,1,1,200.0,Olong Tea Plus,Switched,1,1,1,1,1
50,2025,200,0,0,,,,0,0,1,1,0
50,2025,300,0,0,,,,0,1,1,1,0
50,2025,400,0,0,,,,1,0,0,1,0
50,2025,500,0,0,,,,0,1,0,1,0
50,2025,600,0,0,,,,0,0,0,1,0
50,2025,700,0,0,,,,0,1,0,1,0
51,2025,100,0,0,,,,0,1,1,1,0
51,2025,200,0,0,,,,0,1,1,1,0
51,2025,300,1,1,600.0,Dr. Thanh,Switched,1,1,1,1,1
51,2025,400,0,0,,,,0,1,1,1,0
51,2025,500,0,0,,,,0,1,0,1,0
51,2025,600,0,0,,,,0,0,0,1,0
51,2025,700,0,0,,,,0,1,0,1,0
52,2025,100,0,0,,,,1,1,1,1,0
52,2025,200,1,1,100.0,C2,Switched,1,1,1,1,1
52,2025,300,0,0,,,,0,0,0,1,0
52,2025,400,0,0,,,,0,0,0,1,0
52,2025,500,0,0,,,,0,0,0,1,0
52,2025,600,0,0,,,,0,0,0,1,0
52,2025,700,0,0,,,,0,0,0,1,0
53,2025,100,0,0,,,,1,1,1,1,1
53,2025,200,1,1,,,No Previous Data,1,1,1,1,1
53,2025,300,0,0,,,,0,0,0,1,0
53,2025,400,0,0,,,,0,0,0,1,0
53,2025,500,0,0,,,,0,0,0,0,0
53,2025,600,0,0,,,,0,0,0,0,0
53,2025,700,0,0,,,,0,1,0,1,0
54,2025,100,1,1,200.0,Olong Tea Plus,Switched,1,1,1,1,1
54,2025,200,0,0,,,,0,1,0,1,0
54,2025,300,0,0,,,,0,1,1,1,0
54,2025,400,0,0,,,,0,0,0,1,0
54,2025,500,0,0,,,,0,0,0,1,0
54,2025,600,0,0,,,,0,0,0,1,0
54,2025,700,0,0,,,,0,0,0,1,0
55,2025,100,0,1,,,No Previous Data,1,1,1,1,1
55,2025,200,1,0,,,,1,1,1,1,1
55,2025,300,0,0,,,,0,1,0,1,0
55,2025,400,0,0,,,,0,0,0,1,0
55,2025,500,0,0,,,,0,0,0,0,0
55,2025,600,0,0,,,,0,0,0,1,0
55,2025,700,0,0,,,,0,0,0,0,0
56,2025,100,1,1,,,No Previous Data,1,1,1,1,1
56,2025,200,0,0,,,,1,1,1,1,1
56,2025,300,0,0,,,,0,0,1,1,0
56,2025,400,0,0,,,,0,0,1,1,0
56,2025,500,0,0,,,,0,1,0,1,0
56,2025,600,0,0,,,,1,0,0,1,0
56,2025,700,0,0,,,,0,0,0,1,0
57,2025,100,1,1,200.0,Olong Tea Plus,Switched,1,1,1,1,1
57,2025,200,0,0,,,,1,1,0,1,0
57,2025,300,0,0,,,,1,1,1,1,0
57,2025,400,0,0,,,,0,0,0,1,0
57,2025,500,0,0,,,,0,0,0,1,0
57,2025,600,0,0,,,,0,0,0,1,0
57,2025,700,0,0,,,,0,0,0,1,0
58,2025,100,0,0,,,,0,0,0,1,0
58,2025,200,0,0,,,,1,1,1,1,1
58,2025,300,1,1,200.0,Olong Tea Plus,Switched,1,1,1,1,1
58,2025,400,0,0,,,,1,1,0,1,1
58,2025,500,0,0,,,,0,0,0,0,0
58,2025,600,0,0,,,,0,0,0,1,0
58,2025,700,0,0,,,,0,0,0,1,0
59,2025,100,0,0,,,,0,0,0,1,0
59,2025,200,0,0,,,,1,1,1,1,1
59,2025,300,1,1,,,No Previous Data,1,1,1,1,1
59,2025,400,0,0,,,,0,0,0,1,0
59,2025,500,0,0,,,,0,0,0,1,0
59,2025,600,0,0,,,,0,0,0,1,0
59,2025,700,0,0,,,,0,1,0,1,0
60,2025,100,0,0,,,,0,0,0,1,0
60,2025,200,0,0,,,,1,0,1,1,0
60,2025,300,1,1,200.0,Olong Tea Plus,Switched,1,1,1,1,1
60,2025,400,0,0,,,,0,0,1,1,0
60,2025,500,0,0,,,,0,0,0,0,0
60,2025,600,0,0,,,,0,0,0,1,0
60,2025,700,0,0,,,,0,1,0,1,0
61,2025,100,0,0,,,,0,0,0,1,0
61,2025,200,0,0,,,,1,1,1,1,1
61,2025,300,0,0,,,,1,1,0,1,1
61,2025,400,1,1,,,No Previous Data,1,1,1,1,1
61,2025,500,0,0,,,,0,0,0,0,0
61,2025,600,0,0,,,,0,0,0,1,0
61,2025,700,0,0,,,,1,1,0,1,0
62,2025,100,0,0,,,,0,1,0,1,0
62,2025,200,0,0,,,,1,1,1,1,1
62,2025,300,0,0,,,,1,1,1,1,1
62,2025,400,0,0,,,,0,0,0,1,0
62,2025,500,0,0,,,,0,0,0,1,0
62,2025,600,0,0,,,,0,0,0,1,0
62,2025,700,1,1,200.0,Olong Tea Plus,Switched,1,1,1,1,0
63,2025,100,0,0,,,,0,0,1,1,0
63,2025,200,1,1,,,No Previous Data,1,1,1,1,1
63,2025,300,0,0,,,,1,1,0,1,1
63,2025,400,0,0,,,,1,1,1,1,1
63,2025,500,0,0,,,,0,0,0,0,0
63,2025,600,0,0,,,,0,0,0,1,0
63,2025,700,0,0,,,,0,1,0,1,0
64,2025,100,0,0,,,,0,1,0,1,0
64,2025,200,1,1,,,No Previous Data,1,1,1,1,1
64,2025,300,0,0,,,,1,1,1,1,1
64,2025,400,0,0,,,,0,1,0,1,0
64,2025,500,0,0,,,,0,0,0,0,0
64,2025,600,0,0,,,,0,0,0,1,0
64,2025,700,0,0,,,,0,0,0,0,0
65,2025,100,0,0,,,,0,0,1,1,0
65,2025,200,0,0,,,,1,1,0,1,1
65,2025,300,1,1,100.0,C2,Switched,1,1,1,1,1
65,2025,400,0,0,,,,1,1,0,1,1
65,2025,500,0,0,,,,0,0,0,0,0
65,2025,600,0,0,,,,0,0,0,0,0
65,2025,700,0,0,,,,0,1,0,1,0
66,2025,100,0,0,,,,1,1,1,1,1
66,2025,200,0,0,,,,1,1,0,1,0
66,2025,300,1,1,100.0,C2,Switched,1,1,1,1,1
66,2025,400,0,0,,,,0,0,0,1,0
66,2025,500,0,0,,,,0,0,0,0,0
66,2025,600,0,0,,,,0,0,0,1,0
66,2025,700,0,0,,,,1,0,1,1,0
67,2025,100,1,1,200.0,Olong Tea Plus,Switched,1,1,1,1,1
67,2025,200,0,0,,,,1,1,0,1,1
67,2025,300,0,0,,,,1,1,0,1,0
67,2025,400,0,0,,,,1,1,0,1,0
67,2025,500,0,0,,,,0,0,0,0,0
67,2025,600,0,0,,,,0,1,0,1,0
67,2025,700,0,0,,,,0,0,0,1,0
68,2025,100,0,0,,,,1,1,1,1,0
68,2025,200,1,1,,,No Previous Data,1,1,1,1,1
68,2025,300,0,0,,,,1,0,0,1,0
68,2025,400,0,0,,,,1,1,1,1,1
68,2025,500,0,0,,,,0,0,0,0,0
68,2025,600,0,0,,,,0,0,0,1,0
68,2025,700,0,0,,,,0,0,0,1,0
69,2025,100,0,0,,,,1,1,1,1,0
69,2025,200,0,0,,,,1,1,1,1,1
69,2025,300,0,0,,,,0,1,0,1,0
69,2025,400,1,1,200.0,Olong Tea Plus,Switched,1,1,1,1,1
69,2025,500,0,0,,,,0,0,0,0,0
69,2025,600,0,0,,,,0,0,0,0,0
69,2025,700,0,0,,,,0,0,0,0,0
70,2025,100,0,0,,,,1,0,0,1,0
70,2025,200,1,1,,,No Previous Data,1,1,1,1,1
70,2025,300,0,0,,,,1,1,1,1,1
70,2025,400,0,0,,,,1,1,1,1,1
70,2025,500,0,0,,,,0,0,0,1,0
70,2025,600,0,0,,,,0,0,0,1,0
70,2025,700,0,0,,,,1,0,0,1,0
71,2025,100,0,0,,,,1,1,1,1,1
71,2025,200,0,0,,,,0,0,0,1,0
71,2025,300,1,1,100.0,C2,Switched,1,1,1,1,1
71,2025,400,0,0,,,,0,1,1,1,0
71,2025,500,0,0,,,,0,1,0,1,0
71,2025,600,0,0,,,,0,0,0,1,0
71,2025,700,0,0,,,,0,0,0,1,0
72,2025,100,1,1,200.0,Olong Tea Plus,Switched,1,1,1,1,1
72,2025,200,0,0,,,,1,1,1,1,1
72,2025,300,0,0,,,,1,1,1,1,1
72,2025,400,0,0,,,,0,0,0,1,0
72,2025,500,0,0,,,,0,0,0,1,0
72,2025,600,0,0,,,,0,0,0,1,0
72,2025,700,0,0,,,,0,0,0,1,0
73,2025,100,1,1,,,No Previous Data,1,1,1,1,1
73,2025,200,0,0,,,,1,1,1,1,0
73,2025,300,0,0,,,,1,1,1,1,1
73,2025,400,0,0,,,,0,0,0,1,0
73,2025,500,0,0,,,,0,0,0,0,0
73,2025,600,0,0,,,,0,0,0,1,0
73,2025,700,0,0,,,,0,1,0,1,0
74,2025,100,0,0,,,,0,0,0,1,0
74,2025,200,0,0,,,,0,0,0,1,0
74,2025,300,0,0,,,,1,1,1,1,1
74,2025,400,1,1,300.0,Không Độ,Switched,1,1,1,1,1
74,2025,500,0,0,,,,0,0,0,0,0
74,2025,600,0,0,,,,1,1,1,1,0
74,2025,700,0,0,,,,0,0,0,1,0
75,2025,100,0,0,,,,1,1,1,1,1
75,2025,200,1,1,100.0,C2,Switched,1,1,1,1,1
75,2025,300,0,0,,,,0,1,0,1,0
75,2025,400,0,0,,,,0,1,0,1,0
75,2025,500,0,0,,,,0,1,0,1,0
75,2025,600,0,0,,,,0,0,0,1,0
75,2025,700,0,0,,,,0,0,0,1,0
76,2025,100,1,1,300.0,Không Độ,Switched,1,1,1,1,1
76,2025,200,0,0,,,,1,1,1,1,1
76,2025,300,0,0,,,,1,0,1,1,0
76,2025,400,0,0,,,,0,0,0,1,0
76,2025,500,0,0,,,,0,0,0,0,0
76,2025,600,0,0,,,,0,0,0,1,0
76,2025,700,0,0,,,,0,1,0,1,0
77,2025,100,0,0,,,,1,1,1,1,1
77,2025,200,0,0,,,,1,1,1,1,1
77,2025,300,0,0,,,,1,1,1,1,1
77,2025,400,0,0,,,,1,0,0,1,0
77,2025,500,0,0,,,,0,0,0,1,0
77,2025,600,0,0,,,,0,0,0,1,0
77,2025,700,1,1,300.0,Không Độ,Switched,1,1,1,1,1
78,2025,100,0,0,,,,1,1,1,1,0
78,2025,200,0,0,,,,1,1,1,1,1
78,2025,300,1,1,,,No Previous Data,1,1,1,1,1
78,2025,400,0,0,,,,0,1,1,1,0
78,2025,500,0,0,,,,0,0,0,0,0
78,2025,600,0,0,,,,0,0,0,0,0
78,2025,700,0,0,,,,0,0,0,1,0
79,2025,100,1,1,200.0,Olong Tea Plus,Switched,1,1,1,1,1
79,2025,200,0,0,,,,1,0,1,1,0
79,2025,300,0,0,,,,1,0,0,1,0
79,2025,400,0,0,,,,0,0,0,1,0
79,2025,500,0,0,,,,0,1,0,1,0
79,2025,600,0,0,,,,0,0,0,1,0
79,2025,700,0,0,,,,0,1,0,1,0
80,2025,100,1,1,200.0,Olong Tea Plus,Switched,1,1,1,1,1
80,2025,200,0,0,,,,0,0,0,1,0
80,2025,300,0,0,,,,1,1,1,1,1
80,2025,400,0,0,,,,0,0,0,1,0
80,2025,500,0,0,,,,0,1,0,1,0
80,2025,600,0,0,,,,0,0,0,1,0
80,2025,700,0,0,,,,0,1,0,1,0
81,2025,100,0,0,,,,0,0,1,1,0
81,2025,200,1,1,100.0,C2,Switched,1,1,1,1,1
81,2025,300,0,0,,,,0,1,0,1,0
81,2025,400,0,0,,,,0,0,0,1,0
81,2025,500,0,0,,,,0,0,0,1,0
81,2025,600,0,0,,,,0,0,0,1,0
81,2025,700,0,0,,,,1,1,0,1,0
82,2025,100,0,0,,,,1,1,1,1,1
82,2025,200,1,1,100.0,C2,Switched,1,1,1,1,1
82,2025,300,0,0,,,,0,1,0,1,0
82,2025,400,0,0,,,,0,0,0,1,0
82,2025,500,0,0,,,,0,1,0,1,0
82,2025,600,0,0,,,,0,0,0,1,0
82,2025,700,0,0,,,,0,0,0,1,0
83,2025,100,0,0,,,,0,0,0,1,0
83,2025,200,1,1,300.0,Không Độ,Switched,1,1,1,1,1
83,2025,300,0,0,,,,1,1,1,1,1
83,2025,400,0,0,,,,0,0,0,1,0
83,2025,500,0,0,,,,0,1,0,1,0
83,2025,600,0,0,,,,0,0,0,1,0
83,2025,700,0,0,,,,1,1,0,1,0
84,2025,100,1,1,200.0,Olong Tea Plus,Switched,1,1,1,1,1
84,2025,200,0,0,,,,0,0,1,1,0
84,2025,300,0,0,,,,0,1,1,1,0
84,2025,400,0,0,,,,0,0,0,1,0
84,2025,500,0,0,,,,0,1,0,1,0
84,2025,600,0,0,,,,0,1,0,1,0
84,2025,700,0,0,,,,0,1,0,1,0
85,2025,100,1,1,,,No Previous Data,1,1,1,1,1
85,2025,200,0,0,,,,1,1,1,1,0
85,2025,300,0,0,,,,1,1,0,1,1
85,2025,400,0,0,,,,0,0,0,1,0
85,2025,500,0,0,,,,0,0,0,1,0
85,2025,600,0,0,,,,0,0,0,1,0
85,2025,700,0,0,,,,1,0,1,1,0
86,2025,100,0,0,,,,1,1,1,1,0
86,2025,200,1,1,,,No Previous Data,1,1,1,1,1
86,2025,300,0,0,,,,0,1,1,1,0
86,2025,400,0,0,,,,0,0,0,1,0
86,2025,500,0,0,,,,0,0,0,1,0
86,2025,600,0,0,,,,0,0,0,1,0
86,2025,700,0,0,,,,0,0,0,1,0
87,2025,100,0,0,,,,1,1,1,1,1
87,2025,200,1,1,,,No Previous Data,1,1,1,1,1
87,2025,300,0,0,,,,0,1,1,1,0
87,2025,400,0,0,,,,0,0,0,1,0
87,2025,500,0,0,,,,0,0,0,0,0
87,2025,600,0,0,,,,0,1,0,1,0
87,2025,700,0,0,,,,0,0,0,1,0
88,2025,100,0,0,,,,1,1,0,1,0
88,2025,200,0,0,,,,1,1,0,1,0
88,2025,300,1,1,,,No Previous Data,1,1,1,1,1
88,2025,400,0,0,,,,0,0,0,1,0
88,2025,500,0,0,,,,0,0,0,0,0
88,2025,600,0,0,,,,0,0,0,1,0
88,2025,700,0,0,,,,0,0,0,1,0
89,2025,100,1,0,,,,0,0,1,1,0
89,2025,200,0,1,,,No Previous Data,1,1,1,1,1
89,2025,300,0,0,,,,0,1,0,1,0
89,2025,400,0,0,,,,0,0,0,1,0
89,2025,500,0,0,,,,0,0,0,1,0
89,2025,600,0,0,,,,0,0,0,1,0
89,2025,700,0,0,,,,0,0,0,1,0
90,2025,100,0,0,,,,1,1,1,1,0
90,2025,200,1,1,,,No Previous Data,1,1,1,1,1
90,2025,300,0,0,,,,0,0,0,1,0
90,2025,400,0,0,,,,0,0,0,0,0
90,2025,500,0,0,,,,0,0,0,0,0
90,2025,600,0,0,,,,0,0,0,0,0
90,2025,700,0,0,,,,1,1,0,1,1
91,2025,100,1,1,,,No Previous Data,1,1,1,1,1
91,2025,200,0,0,,,,1,1,1,1,1
91,2025,300,0,0,,,,0,0,0,1,0
91,2025,400,0,0,,,,0,0,0,0,0
91,2025,500,0,0,,,,0,0,0,0,0
91,2025,600,0,0,,,,0,0,0,0,0
91,2025,700,0,0,,,,0,1,0,1,0
92,2025,100,1,1,,,No Previous Data,1,1,1,1,1
92,2025,200,0,0,,,,1,1,1,1,1
92,2025,300,0,0,,,,0,1,1,1,0
92,2025,400,0,0,,,,0,0,1,1,0
92,2025,500,0,0,,,,0,0,0,1,0
92,2025,600,0,0,,,,0,1,0,1,0
92,2025,700,0,0,,,,0,1,0,1,0
93,2025,100,0,0,,,,1,1,1,1,1
93,2025,200,1,1,100.0,C2,Switched,1,1,1,1,1
93,2025,300,0,0,,,,1,1,1,1,0
93,2025,400,0,0,,,,0,1,0,1,0
93,2025,500,0,0,,,,0,0,0,0,0
93,2025,600,0,0,,,,0,0,0,1,0
93,2025,700,0,0,,,,0,0,0,0,0
94,2025,100,1,1,300.0,Không Độ,Switched,1,1,1,1,1
94,2025,200,0,0,,,,0,1,0,1,0
94,2025,300,0,0,,,,1,1,1,1,1
94,2025,400,0,0,,,,1,1,1,1,0
94,2025,500,0,0,,,,0,0,0,0,0
94,2025,600,0,0,,,,0,0,0,0,0
94,2025,700,0,0,,,,0,0,0,1,0
95,2025,100,0,0,,,,0,1,0,1,0
95,2025,200,1,1,,,No Previous Data,1,1,1,1,1
95,2025,300,0,0,,,,0,1,1,1,0
95,2025,400,0,0,,,,1,1,0,1,1
95,2025,500,0,0,,,,0,0,0,0,0
95,2025,600,0,0,,,,0,1,0,1,0
95,2025,700,0,0,,,,0,1,0,1,0
96,2025,100,1,1,,,No Previous Data,1,1,1,1,1
96,2025,200,0,0,,,,1,1,1,1,0
96,2025,300,0,0,,,,1,1,1,1,0
96,2025,400,0,0,,,,0,0,0,1,0
96,2025,500,0,0,,,,0,0,0,0,0
96,2025,600,0,0,,,,0,0,0,1,0
96,2025,700,0,0,,,,0,0,0,1,0
97,2025,100,0,0,,,,1,1,1,1,1
97,2025,200,0,0,,,,1,1,1,1,1
97,2025,300,0,0,,,,1,1,1,1,1
97,2025,400,1,1,,,No Previous Data,1,1,1,1,1
97,2025,500,0,0,,,,0,0,0,0,0
97,2025,600,0,0,,,,0,0,0,1,0
97,2025,700,0,0,,,,0,0,0,0,0
98,2025,100,0,0,,,,1,1,1,1,0
98,2025,200,0,0,,,,1,1,1,1,1
98,2025,300,0,0,,,,0,0,0,1,0
98,2025,400,1,1,,,No Previous Data,1,1,1,1,1
98,2025,500,0,0,,,,0,0,0,0,0
98,2025,600,0,0,,,,0,0,0,1,0
98,2025,700,0,0,,,,0,0,0,1,0
99,2025,100,0,0,,,,1,0,0,1,0
99,2025,200,0,0,,,,1,1,1,1,1
99,2025,300,1,1,100.0,C2,Switched,1,1,1,1,1
99,2025,400,0,0,,,,1,1,0,1,0
99,2025,500,0,0,,,,0,0,0,0,0
99,2025,600,0,0,,,,0,0,0,0,0
99,2025,700,0,0,,,,0,1,0,1,0
100,2025,100,0,0,,,,1,1,1,1,1
100,2025,200,1,1,700.0,Khác,Switched,1,1,1,1,1
100,2025,300,0,0,,,,0,0,0,1,0
100,2025,400,0,0,,,,0,0,1,1,0
100,2025,500,0,0,,,,0,0,0,0,0
100,2025,600,0,0,,,,0,0,0,0,0
100,2025,700,0,0,,,,1,0,1,1,0
101,2025,100,0,0,,,,0,1,1,1,0
101,2025,200,0,0,,,,0,1,1,1,0
101,2025,300,1,1,,,No Previous Data,1,1,1,1,1
101,2025,400,0,0,,,,0,0,0,1,0
101,2025,500,0,0,,,,0,0,0,0,0
101,2025,600,0,0,,,,0,0,0,0,0
101,2025,700,0,0,,,,0,1,0,1,0
102,2025,100,0,0,,,,1,1,1,1,1
102,2025,200,1,1,,,No Previous Data,1,1,1,1,1
102,2025,300,0,0,,,,0,0,0,1,0
102,2025,400,0,0,,,,0,0,0,1,0
102,2025,500,0,0,,,,0,0,0,1,0
102,2025,600,0,0,,,,0,0,0,1,0
102,2025,700,0,0,,,,1,1,1,1,0
103,2025,100,0,0,,,,0,1,1,1,0
103,2025,200,1,1,,,No Previous Data,1,1,1,1,1
103,2025,300,0,0,,,,1,0,1,1,0
103,2025,400,0,0,,,,0,0,1,1,0
103,2025,500,0,0,,,,0,0,0,1,0
103,2025,600,0,0,,,,0,1,0,1,0
103,2025,700,0,0,,,,0,0,0,1,0
104,2025,100,0,0,,,,0,1,0,1,0
104,2025,200,0,0,,,,1,1,0,1,1
104,2025,300,1,1,,,No Previous Data,1,1,1,1,1
104,2025,400,0,0,,,,1,1,1,1,1
104,2025,500,0,0,,,,0,0,0,0,0
104,2025,600,0,0,,,,0,0,0,0,0
104,2025,700,0,0,,,,0,0,0,1,0
105,2025,100,1,1,,,No Previous Data,1,1,1,1,1
105,2025,200,0,0,,,,1,1,1,1,1
105,2025,300,0,0,,,,0,1,0,1,0
105,2025,400,0,0,,,,0,0,1,1,0
105,2025,500,0,0,,,,0,0,0,1,0
105,2025,600,0,0,,,,0,0,0,1,0
105,2025,700,0,0,,,,0,1,0,1,0
106,2025,100,1,1,200.0,Olong Tea Plus,Switched,1,1,1,1,1
106,2025,200,0,0,,,,1,1,1,1,1
106,2025,300,0,0,,,,1,1,0,1,1
106,2025,400,0,0,,,,1,1,0,1,0
106,2025,500,0,0,,,,0,0,0,0,0
106,2025,600,0,0,,,,0,0,0,0,0
106,2025,700,0,0,,,,0,0,0,0,0
107,2025,100,1,1,,,No Previous Data,1,1,1,1,1
107,2025,200,0,0,,,,1,1,1,1,0
107,2025,300,0,0,,,,0,0,0,0,0
107,2025,400,0,0,,,,0,1,1,1,0
107,2025,500,0,0,,,,0,1,1,1,0
107,2025,600,0,0,,,,0,1,0,1,0
107,2025,700,0,0,,,,0,1,0,1,0
108,2025,100,0,0,,,,0,0,1,1,0
108,2025,200,1,1,,,No Previous Data,1,1,1,1,1
108,2025,300,0,0,,,,0,1,0,1,0
108,2025,400,0,0,,,,0,0,0,1,0
108,2025,500,0,0,,,,0,0,0,1,0
108,2025,600,0,0,,,,0,0,0,1,0
108,2025,700,0,0,,,,0,0,0,1,0
109,2025,100,0,0,,,,1,0,1,1,0
109,2025,200,1,1,,,No Previous Data,1,1,1,1,1
109,2025,300,0,0,,,,0,1,0,1,0
109,2025,400,0,0,,,,0,0,0,1,0
109,2025,500,0,0,,,,0,0,0,0,0
109,2025,600,0,0,,,,0,0,0,1,0
109,2025,700,0,0,,,,0,0,0,1,0
110,2025,100,0,0,,,,0,0,1,1,0
110,2025,200,1,1,,,No Previous Data,1,1,1,1,1
110,2025,300,0,0,,,,0,1,0,1,0
110,2025,400,0,0,,,,1,0,1,1,0
110,2025,500,0,0,,,,0,0,0,0,0
110,2025,600,0,0,,,,0,0,0,0,0
110,2025,700,0,0,,,,0,0,0,1,0
111,2025,100,0,0,,,,0,0,1,1,0
111,2025,200,1,1,,,No Previous Data,1,1,1,1,1
111,2025,300,0,0,,,,0,0,0,1,0
111,2025,400,0,0,,,,0,0,0,1,0
111,2025,500,0,0,,,,0,1,0,1,0
111,2025,600,0,0,,,,0,0,0,1,0
111,2025,700,0,0,,,,0,0,0,1,0
112,2025,100,0,0,,,,0,0,0,1,0
112,2025,200,0,0,,,,1,1,1,1,1
112,2025,300,0,0,,,,0,0,0,1,0
112,2025,400,0,0,,,,1,1,1,1,1
112,2025,500,0,0,,,,0,0,0,0,0
112,2025,600,0,1,,,No Previous Data,1,1,0,1,1
112,2025,700,0,0,,,,0,0,0,1,0
113,2025,100,0,0,,,,0,1,0,1,0
113,2025,200,1,1,,,No Previous Data,1,1,1,1,1
113,2025,300,0,0,,,,1,0,1,1,0
113,2025,400,0,0,,,,1,1,1,1,1
113,2025,500,0,0,,,,0,0,0,1,0
113,2025,600,0,0,,,,0,0,0,1,0
113,2025,700,0,0,,,,0,0,0,1,0
114,2025,100,1,1,200.0,Olong Tea Plus,Switched,1,1,1,1,1
114,2025,200,0,0,,,,0,0,1,1,0
114,2025,300,0,0,,,,0,0,0,1,0
114,2025,400,0,0,,,,0,0,0,1,0
114,2025,500,0,0,,,,0,1,0,1,0
114,2025,600,0,0,,,,0,0,0,1,0
114,2025,700,0,0,,,,0,0,0,1,0
115,2025,100,0,0,,,,0,0,0,1,0
115,2025,200,1,1,,,No Previous Data,1,1,1,1,1
115,2025,300,0,0,,,,1,0,0,1,0
115,2025,400,0,0,,,,1,1,1,1,1
115,2025,500,0,0,,,,0,0,0,0,0
115,2025,600,0,0,,,,0,0,0,1,0
115,2025,700,0,0,,,,0,0,0,1,0
116,2025,100,0,0,,,,1,1,1,1,1
116,2025,200,1,1,,,No Previous Data,1,1,1,1,1
116,2025,300,0,0,,,,0,0,0,1,0
116,2025,400,0,0,,,,0,0,1,1,0
116,2025,500,0,0,,,,0,0,0,1,0
116,2025,600,0,0,,,,0,0,0,1,0
116,2025,700,0,0,,,,0,0,0,1,0
117,2025,100,0,0,,,,0,1,1,1,0
117,2025,200,1,1,,,No Previous Data,1,1,1,1,1
117,2025,300,0,0,,,,1,1,1,1,0
117,2025,400,0,0,,,,0,0,1,1,0
117,2025,500,0,0,,,,0,0,0,0,0
117,2025,600,0,0,,,,0,1,0,1,0
117,2025,700,0,0,,,,0,0,0,1,0
118,2025,100,1,1,,,No Previous Data,1,1,1,1,1
118,2025,200,0,0,,,,0,0,0,1,0
118,2025,300,0,0,,,,1,1,1,1,1
118,2025,400,0,0,,,,0,0,0,1,0
118,2025,500,0,0,,,,1,0,1,1,0
118,2025,600,0,0,,,,0,0,0,1,0
118,2025,700,0,0,,,,0,1,0,1,0
119,2025,100,0,0,,,,0,1,1,1,0
119,2025,200,0,0,,,,0,0,1,1,0
119,2025,300,1,1,,,No Previous Data,1,1,1,1,1
119,2025,400,0,0,,,,0,0,0,1,0
119,2025,500,0,0,,,,0,0,0,1,0
119,2025,600,0,0,,,,0,0,0,1,0
119,2025,700,0,0,,,,0,0,0,1,0
120,2025,100,1,1,,,No Previous Data,1,1,1,1,1
120,2025,200,0,0,,,,0,0,1,1,0
120,2025,300,0,0,,,,0,0,0,1,0
120,2025,400,0,0,,,,0,0,0,1,0
120,2025,500,0,0,,,,1,1,0,1,0
120,2025,600,0,0,,,,0,0,0,1,0
120,2025,700,0,0,,,,0,0,0,1,0
121,2025,100,1,1,,,No Previous Data,1,1,1,1,1
121,2025,200,0,0,,,,1,1,1,1,0
121,2025,300,0,0,,,,0,0,0,1,0
121,2025,400,0,0,,,,0,0,1,1,0
121,2025,500,0,0,,,,0,0,0,0,0
121,2025,600,0,0,,,,1,1,1,1,0
121,2025,700,0,0,,,,0,0,0,1,0
122,2025,100,0,1,,,No Previous Data,1,1,1,1,1
122,2025,200,0,0,,,,0,0,0,1,0
122,2025,300,0,0,,,,0,0,0,1,0
122,2025,400,1,0,,,,1,1,1,1,1
122,2025,500,0,0,,,,0,0,0,0,0
122,2025,600,0,0,,,,0,0,0,0,0
122,2025,700,0,0,,,,1,1,1,1,0
123,2025,100,1,1,,,No Previous Data,1,1,1,1,1
123,2025,200,0,0,,,,1,1,1,1,1
123,2025,300,0,0,,,,0,0,0,1,0
123,2025,400,0,0,,,,0,0,1,1,0
123,2025,500,0,0,,,,0,0,0,1,0
123,2025,600,0,0,,,,0,0,0,1,0
123,2025,700,0,0,,,,0,0,0,1,0
124,2025,100,0,0,,,,1,1,1,1,1
124,2025,200,1,1,,,No Previous Data,1,1,1,1,1
124,2025,300,0,0,,,,0,0,1,1,0
124,2025,400,0,0,,,,0,0,0,1,0
124,2025,500,0,0,,,,0,0,0,0,0
124,2025,600,0,0,,,,1,1,1,1,0
124,2025,700,0,0,,,,0,0,0,0,0
125,2025,100,0,0,,,,0,0,0,0,0
125,2025,200,1,1,,,No Previous Data,1,1,1,1,1
125,2025,300,0,0,,,,0,1,1,1,0
125,2025,400,0,0,,,,0,0,1,1,0
125,2025,500,0,0,,,,0,0,0,0,0
125,2025,600,0,0,,,,0,0,0,1,0
125,2025,700,0,0,,,,0,1,0,1,0
126,2025,100,0,0,,,,0,0,1,1,0
126,2025,200,0,0,,,,1,1,1,1,1
126,2025,300,1,1,200.0,Olong Tea Plus,Switched,1,1,1,1,1
126,2025,400,0,0,,,,0,0,0,1,0
126,2025,500,0,0,,,,0,0,0,1,0
126,2025,600,0,0,,,,0,0,0,0,0
126,2025,700,0,0,,,,0,0,0,1,0
127,2025,100,0,0,,,,1,1,1,1,1
127,2025,200,0,0,,,,0,0,1,1,0
127,2025,300,1,1,,,No Previous Data,1,1,1,1,1
127,2025,400,0,0,,,,0,0,0,1,0
127,2025,500,0,0,,,,0,0,0,1,0
127,2025,600,0,0,,,,0,0,0,1,0
127,2025,700,0,0,,,,0,0,0,1,0
128,2025,100,0,0,,,,1,1,1,1,1
128,2025,200,1,1,,,No Previous Data,1,1,1,1,1
128,2025,300,0,0,,,,0,0,0,1,0
128,2025,400,0,0,,,,0,0,0,1,0
128,2025,500,0,0,,,,1,1,1,1,1
128,2025,600,0,0,,,,0,0,0,1,0
128,2025,700,0,0,,,,0,0,0,1,0
129,2025,100,0,0,,,,1,1,1,1,1
129,2025,200,1,1,,,No Previous Data,1,1,1,1,1
129,2025,300,0,0,,,,0,1,0,1,0
129,2025,400,0,0,,,,1,1,1,1,1
129,2025,500,0,0,,,,0,0,0,0,0
129,2025,600,0,0,,,,0,0,0,0,0
129,2025,700,0,0,,,,0,0,0,1,0
130,2025,100,0,0,,,,0,1,1,1,0
130,2025,200,1,1,,,No Previous Data,1,1,1,1,1
130,2025,300,0,0,,,,0,0,1,1,0
130,2025,400,0,0,,,,0,0,0,1,0
130,2025,500,0,0,,,,0,0,0,0,0
130,2025,600,0,0,,,,0,0,0,1,0
130,2025,700,0,0,,,,0,0,0,1,0
131,2025,100,0,0,,,,0,1,0,1,0
131,2025,200,0,0,,,,1,1,1,1,1
131,2025,300,0,0,,,,0,0,0,1,0
131,2025,400,1,1,,,No Previous Data,1,1,1,1,1
131,2025,500,0,0,,,,0,0,0,1,0
131,2025,600,0,0,,,,1,0,1,1,0
131,2025,700,0,0,,,,0,0,0,1,0
132,2025,100,0,0,,,,1,1,1,1,1
132,2025,200,1,1,,,No Previous Data,1,1,1,1,1
132,2025,300,0,0,,,,1,0,0,1,0
132,2025,400,0,0,,,,0,0,0,1,0
132,2025,500,0,0,,,,0,0,0,1,0
132,2025,600,0,0,,,,0,0,0,1,0
132,2025,700,0,0,,,,0,0,0,1,0
133,2025,100,0,1,,,No Previous Data,1,1,1,1,1
133,2025,200,1,0,,,,1,1,1,1,1
133,2025,300,0,0,,,,0,0,0,1,0
133,2025,400,0,0,,,,0,0,0,1,0
133,2025,500,0,0,,,,0,1,0,1,0
133,2025,600,0,0,,,,0,0,0,1,0
133,2025,700,0,0,,,,0,0,0,1,0
134,2025,100,0,0,,,,1,1,1,1,0
134,2025,200,1,1,100.0,C2,Switched,1,1,1,1,1
134,2025,300,0,0,,,,0,0,0,1,0
134,2025,400,0,0,,,,0,0,0,1,0
134,2025,500,0,0,,,,0,0,0,0,0
134,2025,600,0,0,,,,0,0,0,1,0
134,2025,700,0,0,,,,0,1,0,1,0
135,2025,100,0,0,,,,0,1,1,1,0
135,2025,200,1,1,,,No Previous Data,1,1,1,1,1
135,2025,300,0,0,,,,0,0,0,1,0
135,2025,400,0,0,,,,0,0,0,1,0
135,2025,500,0,0,,,,0,1,0,1,0
135,2025,600,0,0,,,,0,1,0,1,0
135,2025,700,0,0,,,,0,0,0,0,0
136,2025,100,1,1,,,No Previous Data,1,1,1,1,1
136,2025,200,0,0,,,,1,1,1,1,0
136,2025,300,0,0,,,,1,1,1,1,1
136,2025,400,0,0,,,,0,0,0,1,0
136,2025,500,0,0,,,,0,0,0,0,0
136,2025,600,0,0,,,,0,0,0,1,0
136,2025,700,0,0,,,,0,0,0,1,0
137,2025,100,1,1,,,No Previous Data,1,1,1,1,1
137,2025,200,0,0,,,,0,1,1,1,0
137,2025,300,0,0,,,,0,0,0,1,0
137,2025,400,0,0,,,,0,1,1,1,0
137,2025,500,0,0,,,,0,0,0,0,0
137,2025,600,0,0,,,,0,0,0,1,0
137,2025,700,0,0,,,,0,0,0,0,0
138,2025,100,0,0,,,,0,0,0,1,0
138,2025,200,1,1,,,No Previous Data,1,1,1,1,1
138,2025,300,0,0,,,,0,0,1,1,0
138,2025,400,0,0,,,,0,0,1,1,0
138,2025,500,0,0,,,,0,0,0,1,0
138,2025,600,0,0,,,,0,0,0,1,0
138,2025,700,0,0,,,,0,1,0,1,0
139,2025,100,0,0,,,,1,1,1,1,1
139,2025,200,0,0,,,,0,1,1,1,0
139,2025,300,1,1,,,No Previous Data,1,1,1,1,1
139,2025,400,0,0,,,,0,0,1,1,0
139,2025,500,0,0,,,,0,0,0,0,0
139,2025,600,0,0,,,,0,1,0,1,0
139,2025,700,0,0,,,,0,0,0,1,0
140,2025,100,0,0,,,,1,1,1,1,1
140,2025,200,0,0,,,,1,0,1,1,0
140,2025,300,0,0,,,,0,0,0,1,0
140,2025,400,0,0,,,,0,0,0,1,0
140,2025,500,0,0,,,,0,0,0,0,0
140,2025,600,0,0,,,,0,0,0,1,0
140,2025,700,1,1,,,No Previous Data,1,1,1,1,0
141,2025,100,0,0,,,,0,1,0,1,0
141,2025,200,1,0,,,,1,1,1,1,1
141,2025,300,0,0,,,,0,1,0,1,0
141,2025,400,0,1,200.0,Olong Tea Plus,Switched,1,1,1,1,1
141,2025,500,0,0,,,,0,0,0,1,0
141,2025,600,0,0,,,,0,1,0,1,0
141,2025,700,0,0,,,,0,1,0,1,0
142,2025,100,0,0,,,,0,0,0,0,0
142,2025,200,0,0,,,,0,1,0,1,0
142,2025,300,0,1,200.0,Olong Tea Plus,Switched,1,1,0,1,1
142,2025,400,0,0,,,,0,0,0,0,0
142,2025,500,0,0,,,,0,0,0,0,0
142,2025,600,0,0,,,,0,0,0,0,0
142,2025,700,0,0,,,,0,0,0,0,0
143,2025,100,0,0,,,,0,0,0,1,0
143,2025,200,0,1,300.0,Không Độ,Switched,1,1,1,1,1
143,2025,300,1,0,,,,1,1,1,1,0
143,2025,400,0,0,,,,1,1,1,1,1
143,2025,500,0,0,,,,0,0,0,0,0
143,2025,600,0,0,,,,0,0,0,1,0
143,2025,700,0,0,,,,0,0,0,0,0
144,2025,100,0,0,,,,0,1,1,1,0
144,2025,200,0,0,,,,0,1,1,1,0
144,2025,300,1,1,,,No Previous Data,1,1,1,1,1
144,2025,400,0,0,,,,0,0,0,1,0
144,2025,500,0,0,,,,0,0,0,0,0
144,2025,600,0,0,,,,0,0,0,1,0
144,2025,700,0,0,,,,0,0,0,1,0
145,2025,100,0,0,,,,0,1,1,1,0
145,2025,200,1,1,,,No Previous Data,1,1,1,1,1
145,2025,300,0,0,,,,0,1,1,1,0
145,2025,400,0,0,,,,1,1,0,1,1
145,2025,500,0,0,,,,0,0,0,0,0
145,2025,600,0,0,,,,0,0,0,1,0
145,2025,700,0,0,,,,0,0,0,1,0
146,2025,100,1,1,400.0,Cozy,Switched,1,1,1,1,1
146,2025,200,0,0,,,,1,1,1,1,0
146,2025,300,0,0,,,,1,0,0,1,0
146,2025,400,0,0,,,,1,1,1,1,1
146,2025,500,0,0,,,,0,0,0,0,0
146,2025,600,0,0,,,,0,0,0,1,0
146,2025,700,0,0,,,,0,0,0,1,0
147,2025,100,0,0,,,,0,0,0,0,0
147,2025,200,0,0,,,,0,0,0,0,0
147,2025,300,0,0,,,,1,1,1,1,1
147,2025,400,0,0,,,,0,1,0,1,0
147,2025,500,0,0,,,,0,0,0,1,0
147,2025,600,0,0,,,,0,0,0,0,0
147,2025,700,0,1,300.0,Không Độ,Switched,1,1,0,1,1
148,2025,100,1,1,600.0,Dr. Thanh,Switched,1,1,1,1,1
148,2025,200,0,0,,,,0,1,1,1,0
148,2025,300,0,0,,,,1,1,1,1,1
148,2025,400,0,0,,,,0,0,0,1,0
148,2025,500,0,0,,,,0,0,0,1,0
148,2025,600,0,0,,,,0,0,0,1,0
148,2025,700,0,0,,,,0,1,1,1,0
149,2025,100,1,1,,,No Previous Data,1,1,1,1,1
149,2025,200,0,0,,,,1,1,1,1,1
149,2025,300,0,0,,,,1,0,1,1,0
149,2025,400,0,0,,,,1,1,1,1,1
149,2025,500,0,0,,,,0,0,0,1,0
149,2025,600,0,0,,,,0,0,0,1,0
149,2025,700,0,0,,,,0,0,0,1,0
150,2025,100,0,0,,,,0,1,0,1,0
150,2025,200,0,0,,,,0,0,0,1,0
150,2025,300,1,1,,,No Previous Data,1,1,1,1,1
150,2025,400,0,0,,,,1,1,1,1,1
150,2025,500,0,0,,,,0,0,0,0,0
150,2025,600,0,0,,,,0,1,0,1,0
150,2025,700,0,0,,,,0,0,0,0,0
151,2025,100,0,0,,,,0,1,1,1,0
151,2025,200,1,1,,,No Previous Data,1,1,1,1,1
151,2025,300,0,0,,,,1,1,0,1,1
151,2025,400,0,0,,,,1,1,1,1,1
151,2025,500,0,0,,,,0,0,0,0,0
151,2025,600,0,0,,,,0,0,0,1,0
151,2025,700,0,0,,,,0,0,0,1,0
152,2025,100,0,0,,,,0,1,1,1,0
152,2025,200,1,1,,,No Previous Data,1,1,1,1,1
152,2025,300,0,0,,,,0,1,0,1,0
152,2025,400,0,0,,,,0,1,1,1,0
152,2025,500,0,0,,,,0,0,0,0,0
152,2025,600,0,0,,,,0,0,0,1,0
152,2025,700,0,0,,,,0,0,0,1,0
153,2025,100,0,0,,,,0,0,1,1,0
153,2025,200,0,0,,,,0,0,0,1,0
153,2025,300,0,0,,,,0,1,0,1,0
153,2025,400,1,1,,,No Previous Data,1,1,1,1,1
153,2025,500,0,0,,,,0,0,0,1,0
153,2025,600,0,0,,,,1,0,0,1,0
153,2025,700,0,0,,,,0,0,0,1,0
154,2025,100,0,0,,,,0,0,0,1,0
154,2025,200,0,0,,,,0,0,0,1,0
154,2025,300,0,0,,,,1,1,0,1,0
154,2025,400,1,1,,,No Previous Data,1,1,1,1,1
154,2025,500,0,0,,,,0,0,0,0,0
154,2025,600,0,0,,,,0,0,0,1,0
154,2025,700,0,0,,,,0,0,0,0,0
155,2025,100,1,1,700.0,Khác,Switched,1,1,1,1,1
155,2025,200,0,0,,,,1,1,0,1,0
155,2025,300,0,0,,,,1,1,1,1,1
155,2025,400,0,0,,,,0,0,0,0,0
155,2025,500,0,0,,,,1,1,0,1,1
155,2025,600,0,0,,,,0,0,0,0,0
155,2025,700,0,0,,,,1,1,1,1,1
156,2025,100,0,0,,,,0,0,0,1,0
156,2025,200,0,0,,,,0,0,0,1,0
156,2025,300,1,1,,,No Previous Data,1,1,1,1,1
156,2025,400,0,0,,,,0,0,0,1,0
156,2025,500,0,0,,,,0,0,0,0,0
156,2025,600,0,0,,,,0,0,0,0,0
156,2025,700,0,0,,,,0,0,0,0,0
157,2025,100,1,1,,,No Previous Data,1,1,1,1,1
157,2025,200,0,0,,,,1,1,1,1,1
157,2025,300,0,0,,,,0,1,1,1,0
157,2025,400,0,0,,,,0,1,1,1,0
157,2025,500,0,0,,,,0,0,0,0,0
157,2025,600,0,0,,,,1,0,0,1,0
157,2025,700,0,0,,,,0,0,0,0,0
158,2025,100,0,0,,,,1,1,1,1,1
158,2025,200,1,1,,,No Previous Data,1,1,1,1,1
158,2025,300,0,0,,,,1,1,1,1,1
158,2025,400,0,0,,,,0,0,0,1,0
158,2025,500,0,0,,,,0,0,0,1,0
158,2025,600,0,0,,,,0,0,0,1,0
158,2025,700,0,0,,,,0,1,0,1,0
159,2025,100,0,0,,,,0,1,0,1,0
159,2025,200,1,1,,,No Previous Data,1,1,1,1,1
159,2025,300,0,0,,,,1,1,1,1,1
159,2025,400,0,0,,,,1,1,0,1,0
159,2025,500,0,0,,,,0,0,0,0,0
159,2025,600,0,0,,,,0,1,0,1,0
159,2025,700,0,0,,,,1,1,1,1,0
160,2025,100,0,0,,,,1,1,1,1,1
160,2025,200,1,1,,,No Previous Data,1,1,1,1,1
160,2025,300,0,0,,,,0,1,0,1,0
160,2025,400,0,0,,,,0,0,0,1,0
160,2025,500,0,0,,,,0,0,0,0,0
160,2025,600,0,0,,,,0,0,0,1,0
160,2025,700,0,0,,,,1,1,1,1,0
161,2025,100,0,0,,,,0,1,1,1,0
161,2025,200,0,0,,,,1,1,1,1,1
161,2025,300,1,0,,,,1,1,1,1,1
161,2025,400,0,0,,,,0,0,0,0,0
161,2025,500,0,0,,,,1,1,0,1,1
161,2025,600,0,0,,,,0,0,0,0,0
161,2025,700,0,1,100.0,C2,Switched,1,1,0,1,1
162,2025,100,0,0,,,,0,1,1,1,0
162,2025,200,0,1,600.0,Dr. Thanh,Switched,1,1,0,1,1
162,2025,300,0,0,,,,1,1,1,1,0
162,2025,400,0,0,,,,0,0,0,1,0
162,2025,500,0,0,,,,0,0,0,1,0
162,2025,600,0,0,,,,0,0,0,1,0
162,2025,700,0,0,,,,1,1,1,1,1
163,2025,100,1,0,,,,1,1,1,1,1
163,2025,200,0,1,100.0,C2,Switched,1,1,1,1,1
163,2025,300,0,0,,,,0,1,1,1,0
163,2025,400,0,0,,,,0,0,0,1,0
163,2025,500,0,0,,,,0,0,0,0,0
163,2025,600,0,0,,,,1,1,0,1,1
163,2025,700,0,0,,,,0,1,0,1,0
164,2025,100,1,0,,,,1,1,1,1,1
164,2025,200,0,1,,,No Previous Data,1,1,1,1,1
164,2025,300,0,0,,,,0,1,1,1,0
164,2025,400,0,0,,,,0,0,0,1,0
164,2025,500,0,0,,,,0,0,0,0,0
164,2025,600,0,0,,,,0,0,0,1,0
164,2025,700,0,0,,,,0,1,0,1,0
165,2025,100,0,0,,,,1,1,0,1,1
165,2025,200,1,0,,,,1,1,1,1,1
165,2025,300,0,0,,,,1,1,0,1,1
165,2025,400,0,0,,,,1,1,0,1,1
165,2025,500,0,0,,,,0,0,0,1,0
165,2025,600,0,0,,,,0,0,0,1,0
165,2025,700,0,1,200.0,Olong Tea Plus,Switched,1,1,0,1,0
166,2025,100,0,0,,,,0,1,0,1,0
166,2025,200,0,1,,,No Previous Data,1,1,1,1,1
166,2025,300,0,0,,,,0,1,0,1,0
166,2025,400,1,0,,,,1,1,1,1,1
166,2025,500,0,0,,,,0,1,0,1,0
166,2025,600,0,0,,,,1,1,1,1,0
166,2025,700,0,0,,,,0,1,0,1,0
167,2025,100,0,0,,,,0,1,0,1,0
167,2025,200,0,0,,,,1,1,1,1,0
167,2025,300,1,1,200.0,Olong Tea Plus,Switched,1,1,1,1,1
167,2025,400,0,0,,,,0,0,0,1,0
167,2025,500,0,0,,,,0,0,0,0,0
167,2025,600,0,0,,,,0,0,0,0,0
167,2025,700,0,0,,,,0,0,0,0,0
168,2025,100,0,1,200.0,Olong Tea Plus,Switched,1,1,1,1,1
168,2025,200,0,0,,,,1,1,1,1,1
168,2025,300,0,0,,,,1,1,0,1,0
168,2025,400,1,0,,,,0,1,1,1,0
168,2025,500,0,0,,,,0,1,0,1,0
168,2025,600,0,0,,,,1,1,0,1,1
168,2025,700,0,0,,,,0,0,0,1,0
169,2025,100,0,0,,,,1,1,1,1,1
169,2025,200,0,0,,,,1,1,0,1,1
169,2025,300,0,0,,,,1,1,1,1,1
169,2025,400,0,0,,,,1,1,0,1,0
169,2025,500,0,0,,,,1,1,0,1,1
169,2025,600,0,0,,,,1,0,0,1,0
169,2025,700,0,1,100.0,C2,Switched,1,1,0,1,0
170,2025,100,0,0,,,,1,1,1,1,0
170,2025,200,0,0,,,,1,1,1,1,0
170,2025,300,0,0,,,,0,0,0,1,0
170,2025,400,1,1,,,No Previous Data,1,1,1,1,1
170,2025,500,0,0,,,,0,0,0,0,0
170,2025,600,0,0,,,,0,0,0,1,0
170,2025,700,0,0,,,,0,0,0,1,0
171,2025,100,0,0,,,,1,1,0,1,1
171,2025,200,0,1,100.0,C2,Switched,1,1,0,1,1
171,2025,300,0,0,,,,0,1,1,1,0
171,2025,400,0,0,,,,0,0,0,1,0
171,2025,500,0,0,,,,0,0,0,1,0
171,2025,600,0,0,,,,1,0,0,1,0
171,2025,700,0,0,,,,0,0,0,1,0
172,2025,100,0,0,,,,0,1,0,1,0
172,2025,200,1,1,,,No Previous Data,1,1,1,1,1
172,2025,300,0,0,,,,1,1,1,1,1
172,2025,400,0,0,,,,0,0,0,1,0
172,2025,500,0,0,,,,0,0,0,0,0
172,2025,600,0,0,,,,0,0,0,1,0
172,2025,700,0,0,,,,0,0,0,0,0
173,2025,100,0,0,,,,0,0,0,1,0
173,2025,200,0,0,,,,0,0,1,1,0
173,2025,300,1,0,,,,1,1,1,1,1
173,2025,400,0,0,,,,0,0,0,1,0
173,2025,500,0,0,,,,0,0,0,1,0
173,2025,600,0,1,,,No Previous Data,1,1,1,1,1
173,2025,700,0,0,,,,0,0,0,1,0
174,2025,100,0,0,,,,1,1,0,1,1
174,2025,200,1,1,100.0,C2,Switched,1,1,1,1,1
174,2025,300,0,0,,,,0,1,0,1,0
174,2025,400,0,0,,,,0,0,0,1,0
174,2025,500,0,0,,,,0,0,0,0,0
174,2025,600,0,0,,,,0,0,0,0,0
174,2025,700,0,0,,,,0,0,0,0,0
175,2025,100,0,1,200.0,Olong Tea Plus,Switched,1,1,0,1,1
175,2025,200,0,0,,,,1,1,0,1,1
175,2025,300,1,0,,,,1,1,1,1,1
175,2025,400,0,0,,,,1,1,0,1,1
175,2025,500,0,0,,,,0,0,0,0,0
175,2025,600,0,0,,,,0,0,0,0,0
175,2025,700,0,0,,,,1,1,0,1,0
176,2025,100,0,0,,,,0,0,0,0,0
176,2025,200,0,0,,,,1,1,1,1,1
176,2025,300,1,1,,,No Previous Data,1,1,1,1,1
176,2025,400,0,0,,,,0,0,0,1,0
176,2025,500,0,0,,,,0,0,0,0,0
176,2025,600,0,0,,,,0,0,0,1,0
176,2025,700,0,0,,,,0,1,0,1,0
177,2025,100,0,0,,,,0,1,0,1,0
177,2025,200,0,0,,,,0,0,0,1,0
177,2025,300,1,1,,,No Previous Data,1,1,1,1,1
177,2025,400,0,0,,,,0,0,0,1,0
177,2025,500,0,0,,,,1,0,1,1,0
177,2025,600,0,0,,,,0,0,0,1,0
177,2025,700,0,0,,,,1,1,1,1,1
178,2025,100,0,0,,,,1,1,1,1,1
178,2025,200,1,1,,,No Previous Data,1,1,1,1,1
178,2025,300,0,0,,,,1,1,0,1,1
178,2025,400,0,0,,,,0,1,0,1,0
178,2025,500,0,0,,,,0,1,0,1,0
178,2025,600,0,0,,,,0,1,0,1,0
178,2025,700,0,0,,,,1,1,1,1,0
179,2025,100,0,0,,,,0,1,0,1,0
179,2025,200,1,1,,,No Previous Data,1,1,1,1,1
179,2025,300,0,0,,,,0,1,0,1,0
179,2025,400,0,0,,,,0,0,0,1,0
179,2025,500,0,0,,,,0,0,0,1,0
179,2025,600,0,0,,,,0,0,0,1,0
179,2025,700,0,0,,,,0,1,1,1,0
180,2025,100,0,0,,,,0,1,1,1,0
180,2025,200,1,1,,,No Previous Data,1,1,1,1,1
180,2025,300,0,0,,,,1,1,1,1,1
180,2025,400,0,0,,,,0,0,1,1,0
180,2025,500,0,0,,,,0,0,0,0,0
180,2025,600,0,0,,,,0,1,0,1,0
180,2025,700,0,0,,,,0,0,0,1,0
181,2025,100,0,0,,,,0,0,1,1,0
181,2025,200,1,1,,,No Previous Data,1,1,1,1,1
181,2025,300,0,0,,,,0,0,0,1,0
181,2025,400,0,0,,,,0,0,1,1,0
181,2025,500,0,0,,,,0,0,0,1,0
181,2025,600,0,0,,,,0,0,0,1,0
181,2025,700,0,0,,,,0,0,0,1,0
182,2025,100,0,0,,,,1,1,1,1,1
182,2025,200,0,0,,,,0,0,0,1,0
182,2025,300,1,1,,,No Previous Data,1,1,1,1,1
182,2025,400,0,0,,,,1,1,0,1,0
182,2025,500,0,0,,,,0,0,0,0,0
182,2025,600,0,0,,,,0,1,0,1,0
182,2025,700,0,0,,,,0,0,0,1,0
183,2025,100,0,0,,,,1,1,1,1,1
183,2025,200,0,0,,,,1,0,1,1,0
183,2025,300,1,1,100.0,C2,Switched,1,1,1,1,1
183,2025,400,0,0,,,,0,0,1,1,0
183,2025,500,0,0,,,,0,0,0,0,0
183,2025,600,0,0,,,,0,0,0,1,0
183,2025,700,0,0,,,,0,0,0,1,0
184,2025,100,0,0,,,,0,1,1,1,0
184,2025,200,1,1,,,No Previous Data,1,1,1,1,1
184,2025,300,0,0,,,,0,0,0,1,0
184,2025,400,0,0,,,,0,0,0,1,0
184,2025,500,0,0,,,,0,0,0,0,0
184,2025,600,0,0,,,,0,0,1,1,0
184,2025,700,0,0,,,,0,0,0,1,0
185,2025,100,0,0,,,,1,1,1,1,1
185,2025,200,0,0,,,,1,1,1,1,1
185,2025,300,1,1,,,No Previous Data,1,1,1,1,1
185,2025,400,0,0,,,,0,0,0,1,0
185,2025,500,0,0,,,,0,0,0,1,0
185,2025,600,0,0,,,,0,0,0,1,0
185,2025,700,0,0,,,,0,1,0,1,0
186,2025,100,0,0,,,,1,1,0,1,1
186,2025,200,1,1,300.0,Không Độ,Switched,1,1,1,1,1
186,2025,300,0,0,,,,0,0,0,1,0
186,2025,400,0,0,,,,0,0,0,1,0
186,2025,500,0,0,,,,0,0,0,1,0
186,2025,600,0,0,,,,0,0,0,1,0
186,2025,700,0,0,,,,1,1,0,1,0
187,2025,100,0,0,,,,1,1,0,1,0
187,2025,200,0,0,,,,0,0,0,1,0
187,2025,300,1,1,,,No Previous Data,1,1,1,1,1
187,2025,400,0,0,,,,1,1,1,1,1
187,2025,500,0,0,,,,0,0,0,0,0
187,2025,600,0,0,,,,0,0,0,1,0
187,2025,700,0,0,,,,0,0,0,0,0
188,2025,100,0,0,,,,0,1,1,1,0
188,2025,200,0,0,,,,0,1,1,1,0
188,2025,300,1,1,100.0,C2,Switched,1,1,1,1,1
188,2025,400,0,0,,,,0,1,0,1,0
188,2025,500,0,0,,,,0,0,0,0,0
188,2025,600,0,0,,,,0,0,0,1,0
188,2025,700,0,0,,,,0,0,0,1,0
189,2025,100,1,1,,,No Previous Data,1,1,1,1,1
189,2025,200,0,0,,,,1,0,1,1,0
189,2025,300,0,0,,,,0,0,0,1,0
189,2025,400,0,0,,,,1,1,1,1,1
189,2025,500,0,0,,,,0,0,0,0,0
189,2025,600,0,0,,,,0,0,0,1,0
189,2025,700,0,0,,,,0,0,0,1,0
190,2025,100,0,0,,,,1,1,1,1,1
190,2025,200,0,0,,,,1,0,0,1,0
190,2025,300,0,0,,,,1,1,1,1,1
190,2025,400,0,0,,,,0,1,0,1,0
190,2025,500,0,0,,,,0,1,0,1,0
190,2025,600,0,0,,,,0,1,0,1,0
190,2025,700,1,1,,,No Previous Data,1,1,1,1,0
191,2025,100,1,1,600.0,Dr. Thanh,Switched,1,1,1,1,1
191,2025,200,0,0,,,,1,1,1,1,0
191,2025,300,0,0,,,,0,0,0,1,0
191,2025,400,0,0,,,,0,0,0,1,0
191,2025,500,0,0,,,,0,0,0,0,0
191,2025,600,0,0,,,,1,1,1,1,1
191,2025,700,0,0,,,,0,0,0,1,0
192,2025,100,1,1,,,No Previous Data,1,1,1,1,1
192,2025,200,0,0,,,,1,1,1,1,1
192,2025,300,0,0,,,,0,1,1,1,0
192,2025,400,0,0,,,,0,0,0,1,0
192,2025,500,0,0,,,,0,0,0,1,0
192,2025,600,0,0,,,,0,0,0,1,0
192,2025,700,0,0,,,,0,0,0,1,0
193,2025,100,0,0,,,,0,1,1,1,0
193,2025,200,1,1,,,No Previous Data,1,1,1,1,1
193,2025,300,0,0,,,,1,1,0,1,1
193,2025,400,0,0,,,,0,0,1,1,0
193,2025,500,0,0,,,,0,0,0,1,0
193,2025,600,0,0,,,,0,0,0,0,0
193,2025,700,0,0,,,,0,1,0,1,0
194,2025,100,1,1,,,No Previous Data,1,1,1,1,1
194,2025,200,0,0,,,,0,1,1,1,0
194,2025,300,0,0,,,,0,1,0,1,0
194,2025,400,0,0,,,,0,1,0,1,0
194,2025,500,0,0,,,,0,0,0,0,0
194,2025,600,0,0,,,,0,0,0,1,0
194,2025,700,0,0,,,,0,0,0,0,0
195,2025,100,1,1,,,No Previous Data,1,1,1,1,1
195,2025,200,0,0,,,,1,0,0,1,0
195,2025,300,0,0,,,,1,1,1,1,1
195,2025,400,0,0,,,,0,0,0,1,0
195,2025,500,0,0,,,,0,0,0,0,0
195,2025,600,0,0,,,,0,0,0,1,0
195,2025,700,0,0,,,,0,0,0,1,0
196,2025,100,1,1,,,No Previous Data,1,1,1,1,1
196,2025,200,0,0,,,,1,1,1,1,1
196,2025,300,0,0,,,,0,0,0,1,0
196,2025,400,0,0,,,,0,0,1,1,0
196,2025,500,0,0,,,,0,0,0,1,0
196,2025,600,0,0,,,,0,0,0,1,0
196,2025,700,0,0,,,,0,0,0,1,0
197,2025,100,0,1,200.0,Olong Tea Plus,Switched,1,1,0,1,1
197,2025,200,0,0,,,,0,1,0,1,0
197,2025,300,1,0,,,,0,1,1,1,0
197,2025,400,0,0,,,,0,0,0,1,0
197,2025,500,0,0,,,,0,0,0,1,0
197,2025,600,0,0,,,,0,0,0,0,0
197,2025,700,0,0,,,,0,0,0,1,0
198,2025,100,0,0,,,,1,1,0,1,0
198,2025,200,0,0,,,,1,1,1,1,1
198,2025,300,1,1,,,No Previous Data,1,1,1,1,1
198,2025,400,0,0,,,,0,0,0,1,0
198,2025,500,0,0,,,,0,0,0,0,0
198,2025,600,0,0,,,,0,0,0,1,0
198,2025,700,0,0,,,,0,0,0,0,0
199,2025,100,1,1,,,No Previous Data,1,1,1,1,1
199,2025,200,0,0,,,,0,1,1,1,0
199,2025,300,0,0,,,,0,0,0,1,0
199,2025,400,0,0,,,,0,0,0,1,0
199,2025,500,0,0,,,,0,0,0,0,0
199,2025,600,0,0,,,,0,0,0,1,0
199,2025,700,0,0,,,,0,0,0,1,0
200,2025,100,0,0,,,,0,0,1,1,0
200,2025,200,0,0,,,,0,0,1,1,0
200,2025,300,0,0,,,,0,0,0,1,0
200,2025,400,1,1,,,No Previous Data,1,1,1,1,1
200,2025,500,0,0,,,,0,0,0,1,0
200,2025,600,0,0,,,,0,0,0,1,0
200,2025,700,0,0,,,,0,0,0,1,0
201,2025,100,0,0,,,,1,1,1,1,1
201,2025,200,0,0,,,,1,0,0,1,0
201,2025,300,1,1,100.0,C2,Switched,1,1,1,1,1
201,2025,400,0,0,,,,0,0,0,1,0
201,2025,500,0,0,,,,0,0,0,0,0
201,2025,600,0,0,,,,0,0,0,1,0
201,2025,700,0,0,,,,0,0,0,1,0
202,2025,100,0,0,,,,0,1,0,1,0
202,2025,200,0,0,,,,1,1,0,1,0
202,2025,300,1,1,,,No Previous Data,1,1,1,1,1
202,2025,400,0,0,,,,0,0,0,1,0
202,2025,500,0,0,,,,0,0,0,0,0
202,2025,600,0,0,,,,0,0,0,1,0
202,2025,700,0,0,,,,0,0,0,1,0
203,2025,100,0,0,,,,0,0,0,1,0
203,2025,200,0,0,,,,1,1,1,1,1
203,2025,300,0,0,,,,0,1,1,1,0
203,2025,400,1,1,,,No Previous Data,1,1,1,1,1
203,2025,500,0,0,,,,0,0,0,0,0
203,2025,600,0,0,,,,0,1,0,1,0
203,2025,700,0,0,,,,0,1,0,1,0
204,2025,100,0,0,,,,0,1,0,1,0
204,2025,200,0,0,,,,1,1,1,1,0
204,2025,300,1,1,200.0,Olong Tea Plus,Switched,1,1,1,1,1
204,2025,400,0,0,,,,0,0,1,1,0
204,2025,500,0,0,,,,0,0,0,0,0
204,2025,600,0,0,,,,0,0,0,1,0
204,2025,700,0,0,,,,0,1,0,1,0
205,2025,100,0,0,,,,0,1,0,1,0
205,2025,200,0,0,,,,1,1,0,1,1
205,2025,300,1,1,,,No Previous Data,1,1,1,1,1
205,2025,400,0,0,,,,0,0,0,1,0
205,2025,500,0,0,,,,0,0,0,0,0
205,2025,600,0,0,,,,0,0,0,1,0
205,2025,700,0,0,,,,0,0,0,0,0
206,2025,100,1,1,,,No Previous Data,1,1,1,1,1
206,2025,200,0,0,,,,1,1,1,1,1
206,2025,300,0,0,,,,0,0,1,1,0
206,2025,400,0,0,,,,0,0,0,1,0
206,2025,500,0,0,,,,0,0,0,0,0
206,2025,600,0,0,,,,0,0,0,0,0
206,2025,700,0,0,,,,0,0,0,1,0
207,2025,100,0,1,,,No Previous Data,1,1,0,1,1
207,2025,200,1,0,,,,0,1,1,1,0
207,2025,300,0,0,,,,1,1,1,1,1
207,2025,400,0,0,,,,0,0,0,1,0
207,2025,500,0,0,,,,0,1,0,1,0
207,2025,600,0,0,,,,1,1,0,1,1
207,2025,700,0,0,,,,1,1,1,1,0
208,2025,100,0,0,,,,1,1,0,1,1
208,2025,200,1,1,,,No Previous Data,1,1,1,1,1
208,2025,300,0,0,,,,1,1,1,1,1
208,2025,400,0,0,,,,1,0,1,1,0
208,2025,500,0,0,,,,0,0,0,0,0
208,2025,600,0,0,,,,0,0,0,0,0
208,2025,700,0,0,,,,0,0,0,0,0
209,2025,100,0,0,,,,0,1,1,1,0
209,2025,200,1,1,,,No Previous Data,1,1,1,1,1
209,2025,300,0,0,,,,0,0,1,1,0
209,2025,400,0,0,,,,0,0,0,1,0
209,2025,500,0,0,,,,0,0,0,0,0
209,2025,600,0,0,,,,0,0,1,1,0
209,2025,700,0,0,,,,1,0,0,1,0
210,2025,100,0,0,,,,1,1,0,1,0
210,2025,200,0,1,,,No Previous Data,1,1,1,1,1
210,2025,300,1,0,,,,1,1,1,1,1
210,2025,400,0,0,,,,1,1,0,1,0
210,2025,500,0,0,,,,0,0,0,0,0
210,2025,600,0,0,,,,0,0,0,1,0
210,2025,700,0,0,,,,0,0,0,1,0
211,2025,100,0,0,,,,0,0,1,1,0
211,2025,200,1,1,100.0,C2,Switched,1,1,1,1,1
211,2025,300,0,0,,,,1,1,1,1,0
211,2025,400,0,0,,,,0,0,0,1,0
211,2025,500,0,0,,,,0,0,0,0,0
211,2025,600,0,0,,,,0,0,0,1,0
211,2025,700,0,0,,,,0,0,0,1,0
212,2025,100,0,0,,,,1,1,1,1,1
212,2025,200,0,0,,,,0,0,1,1,0
212,2025,300,0,0,,,,0,0,0,1,0
212,2025,400,0,0,,,,0,0,0,1,0
212,2025,500,0,0,,,,0,0,0,1,0
212,2025,600,0,0,,,,0,0,0,1,0
212,2025,700,1,1,600.0,Dr. Thanh,Switched,1,1,1,1,1
213,2025,100,0,0,,,,0,1,1,1,0
213,2025,200,0,0,,,,1,1,1,1,1
213,2025,300,0,0,,,,1,1,1,1,1
213,2025,400,1,1,200.0,Olong Tea Plus,Switched,1,1,1,1,1
213,2025,500,0,0,,,,0,0,0,0,0
213,2025,600,0,0,,,,0,0,0,1,0
213,2025,700,0,0,,,,0,0,0,0,0
214,2025,100,0,0,,,,1,1,1,1,1
214,2025,200,0,0,,,,1,1,1,1,1
214,2025,300,1,1,200.0,Olong Tea Plus,Switched,1,1,1,1,1
214,2025,400,0,0,,,,0,0,0,1,0
214,2025,500,0,0,,,,0,1,0,1,0
214,2025,600,0,0,,,,0,0,0,1,0
214,2025,700,0,0,,,,0,0,0,1,0
215,2025,100,1,1,,,No Previous Data,1,1,1,1,1
215,2025,200,0,0,,,,1,1,1,1,1
215,2025,300,0,0,,,,0,0,0,1,0
215,2025,400,0,0,,,,0,0,0,1,0
215,2025,500,0,0,,,,0,0,0,0,0
215,2025,600,0,0,,,,0,0,0,1,0
215,2025,700,0,0,,,,1,1,1,1,1
216,2025,100,0,0,,,,1,1,1,1,1
216,2025,200,1,1,,,No Previous Data,1,1,1,1,1
216,2025,300,0,0,,,,0,1,0,1,0
216,2025,400,0,0,,,,1,1,1,1,1
216,2025,500,0,0,,,,0,0,0,0,0
216,2025,600,0,0,,,,0,0,0,1,0
216,2025,700,0,0,,,,0,0,0,1,0
217,2025,100,0,0,,,,0,1,0,1,0
217,2025,200,0,0,,,,1,1,1,1,1
217,2025,300,0,0,,,,1,1,0,1,0
217,2025,400,0,0,,,,1,1,0,1,0
217,2025,500,0,0,,,,0,0,0,0,0
217,2025,600,0,0,,,,0,0,0,0,0
217,2025,700,1,1,,,No Previous Data,1,1,1,1,0
218,2025,100,0,0,,,,0,0,0,0,0
218,2025,200,0,0,,,,0,0,0,0,0
218,2025,300,1,0,,,,1,1,1,1,1
218,2025,400,0,1,300.0,Không Độ,Switched,1,1,0,1,1
218,2025,500,0,0,,,,0,1,0,1,0
218,2025,600,0,0,,,,0,0,0,0,0
218,2025,700,0,0,,,,0,0,0,1,0
219,2025,100,1,1,,,No Previous Data,1,1,1,1,1
219,2025,200,0,0,,,,1,0,1,1,0
219,2025,300,0,0,,,,1,0,1,1,0
219,2025,400,0,0,,,,0,0,0,1,0
219,2025,500,0,0,,,,0,0,0,1,0
219,2025,600,0,0,,,,0,0,0,1,0
219,2025,700,0,0,,,,1,0,0,1,0
220,2025,100,0,0,,,,0,0,0,1,0
220,2025,200,1,1,,,No Previous Data,1,1,1,1,1
220,2025,300,0,0,,,,0,0,0,1,0
220,2025,400,0,0,,,,1,1,1,1,1
220,2025,500,0,0,,,,0,0,0,0,0
220,2025,600,0,0,,,,0,0,0,1,0
220,2025,700,0,0,,,,0,0,1,1,0
221,2025,100,1,1,,,No Previous Data,1,1,1,1,1
221,2025,200,0,0,,,,0,1,1,1,0
221,2025,300,0,0,,,,0,0,0,1,0
221,2025,400,0,0,,,,0,0,0,1,0
221,2025,500,0,0,,,,0,0,0,0,0
221,2025,600,0,0,,,,0,0,0,1,0
221,2025,700,0,0,,,,0,0,0,1,0
222,2025,100,0,0,,,,0,1,0,1,0
222,2025,200,1,1,,,No Previous Data,1,1,1,1,1
222,2025,300,0,0,,,,1,1,0,1,1
222,2025,400,0,0,,,,0,0,0,1,0
222,2025,500,0,0,,,,0,0,0,0,0
222,2025,600,0,0,,,,0,0,0,1,0
222,2025,700,0,0,,,,0,0,0,1,0
223,2025,100,1,1,,,No Previous Data,1,1,1,1,1
223,2025,200,0,0,,,,1,1,0,1,1
223,2025,300,0,0,,,,0,1,0,1,0
223,2025,400,0,0,,,,1,1,0,1,1
223,2025,500,0,0,,,,0,1,0,1,0
223,2025,600,0,0,,,,0,1,0,1,0
223,2025,700,0,0,,,,1,1,1,1,0
224,2025,100,0,0,,,,0,0,1,1,0
224,2025,200,1,1,,,No Previous Data,1,1,1,1,1
224,2025,300,0,0,,,,1,1,1,1,0
224,2025,400,0,0,,,,1,1,0,1,1
224,2025,500,0,0,,,,0,0,0,0,0
224,2025,600,0,0,,,,0,0,0,1,0
224,2025,700,0,0,,,,0,0,0,0,0
225,2025,100,0,0,,,,1,1,1,1,1
225,2025,200,1,1,,,No Previous Data,1,1,1,1,1
225,2025,300,0,0,,,,0,0,0,1,0
225,2025,400,0,0,,,,0,0,0,1,0
225,2025,500,0,0,,,,0,0,0,1,0
225,2025,600,0,0,,,,0,0,0,1,0
225,2025,700,0,0,,,,0,0,0,1,0
226,2025,100,1,1,,,No Previous Data,1,1,1,1,1
226,2025,200,0,0,,,,0,1,0,1,0
226,2025,300,0,0,,,,0,0,1,1,0
226,2025,400,0,0,,,,0,0,0,1,0
226,2025,500,0,0,,,,0,0,0,0,0
226,2025,600,0,0,,,,0,0,0,1,0
226,2025,700,0,0,,,,0,0,0,1,0
227,2025,100,0,0,,,,0,0,1,1,0
227,2025,200,1,1,,,No Previous Data,1,1,1,1,1
227,2025,300,0,0,,,,0,1,0,1,0
227,2025,400,0,0,,,,0,0,0,1,0
227,2025,500,0,0,,,,0,0,0,1,0
227,2025,600,0,0,,,,0,0,0,1,0
227,2025,700,0,0,,,,0,0,0,1,0
228,2025,100,0,0,,,,0,0,1,1,0
228,2025,200,0,0,,,,0,0,1,1,0
228,2025,300,1,1,100.0,C2,Switched,1,1,1,1,1
228,2025,400,0,0,,,,0,0,0,1,0
228,2025,500,0,0,,,,0,0,0,0,0
228,2025,600,0,0,,,,1,0,0,1,0
228,2025,700,0,0,,,,0,0,1,1,0
229,2025,100,0,0,,,,0,1,1,1,0
229,2025,200,0,0,,,,0,1,1,1,0
229,2025,300,0,0,,,,0,1,0,1,0
229,2025,400,1,1,,,No Previous Data,1,1,1,1,1
229,2025,500,0,0,,,,0,0,0,0,0
229,2025,600,0,0,,,,0,1,0,1,0
229,2025,700,0,0,,,,0,1,0,1,0
230,2025,100,0,0,,,,0,0,1,1,0
230,2025,200,0,0,,,,1,1,0,1,1
230,2025,300,0,0,,,,0,1,1,1,0
230,2025,400,1,1,,,No Previous Data,1,1,1,1,1
230,2025,500,0,0,,,,0,0,0,1,0
230,2025,600,0,0,,,,0,0,0,1,0
230,2025,700,0,0,,,,0,0,0,1,0
231,2025,100,0,0,,,,1,1,1,1,1
231,2025,200,0,0,,,,1,1,1,1,1
231,2025,300,0,0,,,,1,1,0,1,0
231,2025,400,1,1,200.0,Olong Tea Plus,Switched,1,1,1,1,1
231,2025,500,0,0,,,,0,0,0,0,0
231,2025,600,0,0,,,,0,0,0,1,0
231,2025,700,0,0,,,,1,1,0,1,0
232,2025,100,1,1,200.0,Olong Tea Plus,Switched,1,1,1,1,1
232,2025,200,0,0,,,,1,1,1,1,1
232,2025,300,0,0,,,,0,1,0,1,0
232,2025,400,0,0,,,,0,0,0,1,0
232,2025,500,0,0,,,,0,1,0,1,0
232,2025,600,0,0,,,,0,1,0,1,0
232,2025,700,0,0,,,,0,1,0,1,0
233,2025,100,0,0,,,,0,0,1,1,0
233,2025,200,0,0,,,,1,1,1,1,1
233,2025,300,0,0,,,,1,1,0,1,1
233,2025,400,1,1,,,No Previous Data,1,1,1,1,1
233,2025,500,0,0,,,,0,0,0,0,0
233,2025,600,0,0,,,,0,1,0,1,0
233,2025,700,0,0,,,,0,0,0,1,0
234,2025,100,0,0,,,,0,0,0,1,0
234,2025,200,0,0,,,,0,0,1,1,0
234,2025,300,1,1,,,No Previous Data,1,1,1,1,1
234,2025,400,0,0,,,,0,0,0,1,0
234,2025,500,0,0,,,,0,0,0,0,0
234,2025,600,0,0,,,,0,0,0,1,0
234,2025,700,0,0,,,,0,1,0,1,0
235,2025,100,0,0,,,,0,1,0,1,0
235,2025,200,1,1,,,No Previous Data,1,1,1,1,1
235,2025,300,0,0,,,,0,1,1,1,0
235,2025,400,0,0,,,,0,1,0,1,0
235,2025,500,0,0,,,,0,0,0,0,0
235,2025,600,0,0,,,,0,0,0,0,0
235,2025,700,0,0,,,,1,1,0,1,0
236,2025,100,0,0,,,,1,0,0,1,0
236,2025,200,0,0,,,,1,1,1,1,1
236,2025,300,1,1,200.0,Olong Tea Plus,Switched,1,1,1,1,1
236,2025,400,0,0,,,,1,0,1,1,0
236,2025,500,0,0,,,,0,0,0,0,0
236,2025,600,0,0,,,,0,0,0,1,0
236,2025,700,0,0,,,,1,1,0,1,0
237,2025,100,1,1,,,No Previous Data,1,1,1,1,1
237,2025,200,0,0,,,,1,1,1,1,1
237,2025,300,0,0,,,,1,1,1,1,1
237,2025,400,0,0,,,,0,0,0,1,0
237,2025,500,0,0,,,,0,0,0,0,0
237,2025,600,0,0,,,,0,1,0,1,0
237,2025,700,0,0,,,,0,0,0,1,0
238,2025,100,1,1,,,No Previous Data,1,1,1,1,1
238,2025,200,0,0,,,,0,1,0,1,0
238,2025,300,0,0,,,,0,0,0,1,0
238,2025,400,0,0,,,,0,0,1,1,0
238,2025,500,0,0,,,,0,0,0,0,0
238,2025,600,0,0,,,,0,0,0,1,0
238,2025,700,0,0,,,,0,0,0,1,0
239,2025,100,0,0,,,,0,0,1,1,0
239,2025,200,0,0,,,,1,1,1,1,1
239,2025,300,1,1,,,No Previous Data,1,1,1,1,1
239,2025,400,0,0,,,,1,1,0,1,1
239,2025,500,0,0,,,,0,0,0,0,0
239,2025,600,0,0,,,,0,0,0,0,0
239,2025,700,0,0,,,,0,0,0,1,0
240,2025,100,0,0,,,,0,1,1,1,0
240,2025,200,1,1,,,No Previous Data,1,1,1,1,1
240,2025,300,0,0,,,,1,1,1,1,1
240,2025,400,0,0,,,,0,0,1,1,0
240,2025,500,0,0,,,,0,0,0,0,0
240,2025,600,0,0,,,,0,0,0,1,0
240,2025,700,0,0,,,,0,1,0,1,0
241,2025,100,0,0,,,,0,1,1,1,0
241,2025,200,0,0,,,,0,0,1,1,0
241,2025,300,0,0,,,,0,1,1,1,0
241,2025,400,1,1,200.0,Olong Tea Plus,Switched,1,1,1,1,1
241,2025,500,0,0,,,,0,0,0,0,0
241,2025,600,0,0,,,,0,0,0,1,0
241,2025,700,0,0,,,,0,0,0,1,0
242,2025,100,0,0,,,,0,0,1,1,0
242,2025,200,0,0,,,,0,0,1,1,0
242,2025,300,0,1,,,No Previous Data,1,1,0,1,1
242,2025,400,0,0,,,,0,0,0,1,0
242,2025,500,0,0,,,,0,0,0,1,0
242,2025,600,0,0,,,,0,1,1,1,0
242,2025,700,0,0,,,,0,1,0,1,0
243,2025,100,0,0,,,,0,1,1,1,0
243,2025,200,1,1,,,No Previous Data,1,1,1,1,1
243,2025,300,0,0,,,,0,1,0,1,0
243,2025,400,0,0,,,,0,0,0,1,0
243,2025,500,0,0,,,,0,0,0,1,0
243,2025,600,0,0,,,,0,0,1,1,0
243,2025,700,0,0,,,,0,1,0,1,0
244,2025,100,0,0,,,,0,0,0,1,0
244,2025,200,0,0,,,,0,0,1,1,0
244,2025,300,1,1,200.0,Olong Tea Plus,Switched,1,1,1,1,1
244,2025,400,0,0,,,,1,0,1,1,0
244,2025,500,0,0,,,,0,0,0,1,0
244,2025,600,0,0,,,,0,0,0,1,0
244,2025,700,0,0,,,,0,0,0,1,0
245,2025,100,0,0,,,,0,0,0,0,0
245,2025,200,1,1,,,No Previous Data,1,1,1,1,1
245,2025,300,0,0,,,,0,1,1,1,0
245,2025,400,0,0,,,,1,0,0,1,0
245,2025,500,0,0,,,,0,0,0,0,0
245,2025,600,0,0,,,,0,0,0,1,0
245,2025,700,0,0,,,,1,1,1,1,0
246,2025,100,0,0,,,,1,1,1,1,1
246,2025,200,1,1,,,No Previous Data,1,1,1,1,1
246,2025,300,0,0,,,,0,1,0,1,0
246,2025,400,0,0,,,,0,0,0,1,0
246,2025,500,0,0,,,,0,0,0,0,0
246,2025,600,0,0,,,,1,1,0,1,1
246,2025,700,0,0,,,,0,1,0,1,0
247,2025,100,0,0,,,,0,0,1,1,0
247,2025,200,0,0,,,,0,0,0,1,0
247,2025,300,0,0,,,,0,0,0,1,0
247,2025,400,0,0,,,,0,0,0,1,0
247,2025,500,0,0,,,,0,1,0,1,0
247,2025,600,1,1,,,No Previous Data,1,1,1,1,1
247,2025,700,0,0,,,,0,0,0,1,0
248,2025,100,0,0,,,,1,1,1,1,1
248,2025,200,1,1,100.0,C2,Switched,1,1,1,1,1
248,2025,300,0,0,,,,0,0,1,1,0
248,2025,400,0,0,,,,0,0,0,1,0
248,2025,500,0,0,,,,0,0,0,0,0
248,2025,600,0,0,,,,0,0,0,0,0
248,2025,700,0,0,,,,0,0,0,1,0
249,2025,100,0,0,,,,0,0,0,1,0
249,2025,200,1,1,100.0,C2,Switched,1,1,1,1,1
249,2025,300,0,0,,,,0,1,0,1,0
249,2025,400,0,0,,,,0,1,0,1,0
249,2025,500,0,0,,,,0,0,0,0,0
249,2025,600,0,0,,,,0,1,0,1,0
249,2025,700,0,0,,,,0,1,1,1,0
250,2025,100,0,0,,,,1,1,1,1,1
250,2025,200,0,0,,,,1,1,1,1,0
250,2025,300,1,1,,,No Previous Data,1,1,1,1,1
250,2025,400,0,0,,,,0,1,0,1,0
250,2025,500,0,0,,,,0,1,0,1,0
250,2025,600,0,0,,,,1,1,0,1,1
250,2025,700,0,0,,,,1,1,0,1,0
251,2025,100,0,0,,,,1,1,1,1,0
251,2025,200,1,1,,,No Previous Data,1,1,1,1,1
251,2025,300,0,0,,,,0,1,1,1,0
251,2025,400,0,0,,,,0,0,0,1,0
251,2025,500,0,0,,,,0,0,0,0,0
251,2025,600,0,0,,,,0,0,0,1,0
251,2025,700,0,0,,,,0,0,0,0,0
252,2025,100,0,0,,,,0,0,0,1,0
252,2025,200,0,0,,,,1,1,1,1,0
252,2025,300,1,1,,,No Previous Data,1,1,1,1,1
252,2025,400,0,0,,,,0,0,0,1,0
252,2025,500,0,0,,,,0,0,0,0,0
252,2025,600,0,0,,,,0,0,0,0,0
252,2025,700,0,0,,,,0,0,0,1,0
253,2025,100,1,1,,,No Previous Data,1,1,1,1,1
253,2025,200,0,0,,,,1,1,1,1,0
253,2025,300,0,0,,,,0,1,0,1,0
253,2025,400,0,0,,,,0,0,1,1,0
253,2025,500,0,0,,,,0,0,0,0,0
253,2025,600,0,0,,,,1,1,0,1,0
253,2025,700,0,0,,,,1,1,0,1,0
254,2025,100,1,1,,,No Previous Data,1,1,1,1,1
254,2025,200,0,0,,,,1,0,1,1,0
254,2025,300,0,0,,,,0,0,0,1,0
254,2025,400,0,0,,,,1,1,1,1,1
254,2025,500,0,0,,,,0,0,0,1,0
254,2025,600,0,0,,,,0,0,0,1,0
254,2025,700,0,0,,,,0,0,0,1,0
255,2025,100,1,1,,,No Previous Data,1,1,1,1,1
255,2025,200,0,0,,,,1,1,1,1,1
255,2025,300,0,0,,,,0,0,0,1,0
255,2025,400,0,0,,,,0,0,0,1,0
255,2025,500,0,0,,,,0,0,0,0,0
255,2025,600,0,0,,,,0,0,0,0,0
255,2025,700,0,0,,,,0,0,0,1,0
256,2025,100,0,0,,,,1,1,1,1,1
256,2025,200,0,0,,,,1,1,1,1,1
256,2025,300,1,1,100.0,C2,Switched,1,1,1,1,1
256,2025,400,0,0,,,,0,0,0,1,0
256,2025,500,0,0,,,,0,0,0,0,0
256,2025,600,0,0,,,,0,0,0,1,0
256,2025,700,0,0,,,,0,0,0,0,0
257,2025,100,0,0,,,,1,1,1,1,1
257,2025,200,0,0,,,,0,0,0,1,0
257,2025,300,0,0,,,,0,0,1,1,0
257,2025,400,1,1,100.0,C2,Switched,1,1,1,1,1
257,2025,500,0,0,,,,0,0,0,1,0
257,2025,600,0,0,,,,0,0,0,1,0
257,2025,700,0,0,,,,0,0,0,1,0
258,2025,100,0,0,,,,0,0,0,1,0
258,2025,200,0,0,,,,0,1,0,1,0
258,2025,300,0,0,,,,1,1,1,1,1
258,2025,400,1,1,,,No Previous Data,1,1,1,1,1
258,2025,500,0,0,,,,0,0,0,1,0
258,2025,600,0,0,,,,0,0,0,1,0
258,2025,700,0,0,,,,0,0,0,1,0
259,2025,100,0,0,,,,1,0,0,1,0
259,2025,200,1,1,300.0,Không Độ,Switched,1,1,1,1,1
259,2025,300,0,0,,,,1,1,1,1,1
259,2025,400,0,0,,,,1,0,1,1,0
259,2025,500,0,0,,,,0,0,0,0,0
259,2025,600,0,0,,,,1,0,0,1,0
259,2025,700,0,0,,,,0,0,0,0,0
260,2025,100,0,0,,,,0,1,1,1,0
260,2025,200,0,0,,,,1,0,1,1,0
260,2025,300,0,0,,,,0,1,0,1,0
260,2025,400,0,0,,,,1,1,1,1,1
260,2025,500,0,0,,,,0,1,0,1,0
260,2025,600,0,0,,,,0,0,0,1,0
260,2025,700,1,1,200.0,Olong Tea Plus,Switched,1,1,1,1,0
261,2025,100,0,0,,,,0,0,0,1,0
261,2025,200,0,0,,,,0,1,0,1,0
261,2025,300,0,0,,,,0,0,0,1,0
261,2025,400,0,0,,,,1,1,1,1,1
261,2025,500,0,0,,,,0,0,0,1,0
261,2025,600,1,1,,,No Previous Data,1,1,1,1,1
261,2025,700,0,0,,,,0,0,0,1,0
262,2025,100,0,0,,,,1,1,0,1,1
262,2025,200,1,1,,,No Previous Data,1,1,1,1,1
262,2025,300,0,0,,,,1,1,0,1,1
262,2025,400,0,0,,,,0,0,0,1,0
262,2025,500,0,0,,,,0,0,0,0,0
262,2025,600,0,0,,,,0,0,0,1,0
262,2025,700,0,0,,,,0,0,0,1,0
263,2025,100,0,0,,,,0,0,1,1,0
263,2025,200,0,0,,,,0,0,0,1,0
263,2025,300,0,0,,,,0,0,0,1,0
263,2025,400,1,1,,,No Previous Data,1,1,1,1,1
263,2025,500,0,0,,,,0,0,0,0,0
263,2025,600,0,0,,,,0,0,0,1,0
263,2025,700,0,0,,,,0,0,0,0,0
264,2025,100,0,0,,,,0,1,1,1,0
264,2025,200,1,1,,,No Previous Data,1,1,1,1,1
264,2025,300,0,0,,,,0,0,0,1,0
264,2025,400,0,0,,,,0,0,0,1,0
264,2025,500,0,0,,,,0,1,0,1,0
264,2025,600,0,0,,,,1,1,1,1,1
264,2025,700,0,0,,,,0,1,0,1,0
265,2025,100,0,0,,,,1,1,1,1,1
265,2025,200,0,0,,,,1,1,1,1,1
265,2025,300,0,0,,,,1,1,1,1,1
265,2025,400,1,1,,,No Previous Data,1,1,1,1,1
265,2025,500,0,0,,,,0,0,0,1,0
265,2025,600,0,0,,,,0,0,0,1,0
265,2025,700,0,0,,,,1,1,0,1,0
266,2025,100,0,0,,,,1,0,1,1,0
266,2025,200,1,1,700.0,Khác,Switched,1,1,1,1,1
266,2025,300,0,0,,,,1,1,1,1,1
266,2025,400,0,0,,,,0,0,0,1,0
266,2025,500,0,0,,,,0,0,1,1,0
266,2025,600,0,0,,,,0,0,0,1,0
266,2025,700,0,0,,,,1,0,0,1,0
267,2025,100,0,0,,,,1,1,1,1,0
267,2025,200,1,1,,,No Previous Data,1,1,1,1,1
267,2025,300,0,0,,,,0,1,1,1,0
267,2025,400,0,0,,,,0,1,0,1,0
267,2025,500,0,0,,,,0,1,0,1,0
267,2025,600,0,0,,,,0,1,0,1,0
267,2025,700,0,0,,,,0,0,0,0,0
268,2025,100,0,0,,,,0,0,1,1,0
268,2025,200,0,0,,,,1,1,1,1,1
268,2025,300,1,1,,,No Previous Data,1,1,1,1,1
268,2025,400,0,0,,,,0,0,1,1,0
268,2025,500,0,0,,,,0,0,0,0,0
268,2025,600,0,0,,,,0,0,0,0,0
268,2025,700,0,0,,,,0,0,0,1,0
269,2025,100,0,0,,,,0,1,0,1,0
269,2025,200,1,1,,,No Previous Data,1,1,1,1,1
269,2025,300,0,0,,,,0,0,0,1,0
269,2025,400,0,0,,,,0,0,0,1,0
269,2025,500,0,0,,,,0,0,0,0,0
269,2025,600,0,0,,,,0,0,0,0,0
269,2025,700,0,0,,,,0,1,1,1,0
270,2025,100,0,0,,,,0,1,1,1,0
270,2025,200,0,0,,,,1,1,1,1,1
270,2025,300,0,0,,,,1,1,1,1,1
270,2025,400,0,0,,,,1,1,1,1,1
270,2025,500,0,0,,,,0,0,0,0,0
270,2025,600,0,0,,,,0,1,0,1,0
270,2025,700,1,1,200.0,Olong Tea Plus,Switched,1,1,1,1,0
271,2025,100,0,0,,,,1,1,1,1,1
271,2025,200,0,0,,,,0,1,1,1,0
271,2025,300,0,0,,,,0,1,0,1,0
271,2025,400,1,1,,,No Previous Data,1,1,1,1,1
271,2025,500,0,0,,,,0,1,0,1,0
271,2025,600,0,0,,,,0,0,0,0,0
271,2025,700,0,0,,,,0,0,0,0,0
272,2025,100,0,1,200.0,Olong Tea Plus,Switched,1,1,1,1,1
272,2025,200,1,0,,,,0,1,1,1,0
272,2025,300,0,0,,,,0,1,1,1,0
272,2025,400,0,0,,,,0,1,0,1,0
272,2025,500,0,0,,,,0,1,0,1,0
272,2025,600,0,0,,,,0,1,0,1,0
272,2025,700,0,0,,,,0,1,0,1,0
273,2025,100,0,0,,,,1,1,1,1,1
273,2025,200,1,1,,,No Previous Data,1,1,1,1,1
273,2025,300,0,0,,,,0,1,0,1,0
273,2025,400,0,0,,,,0,0,0,1,0
273,2025,500,0,0,,,,0,0,0,0,0
273,2025,600,0,0,,,,0,0,0,1,0
273,2025,700,0,0,,,,0,0,0,1,0
274,2025,100,0,0,,,,1,1,1,1,1
274,2025,200,1,1,400.0,Cozy,Switched,1,1,1,1,1
274,2025,300,0,0,,,,0,0,0,1,0
274,2025,400,0,0,,,,1,1,0,1,1
274,2025,500,0,0,,,,0,0,0,0,0
274,2025,600,0,0,,,,0,0,0,1,0
274,2025,700,0,0,,,,0,0,0,0,0
275,2025,100,1,1,,,No Previous Data,1,1,1,1,1
275,2025,200,0,0,,,,1,1,1,1,0
275,2025,300,0,0,,,,0,1,0,1,0
275,2025,400,0,0,,,,1,1,1,1,1
275,2025,500,0,0,,,,0,1,0,1,0
275,2025,600,0,0,,,,0,1,0,1,0
275,2025,700,0,0,,,,0,1,0,1,0
276,2025,100,0,0,,,,0,1,1,1,0
276,2025,200,1,1,,,No Previous Data,1,1,1,1,1
276,2025,300,0,0,,,,1,1,1,1,1
276,2025,400,0,0,,,,1,1,1,1,1
276,2025,500,0,0,,,,0,0,0,0,0
276,2025,600,0,0,,,,0,1,0,1,0
276,2025,700,0,0,,,,0,0,0,1,0
277,2025,100,0,0,,,,1,1,1,1,1
277,2025,200,0,0,,,,0,1,1,1,0
277,2025,300,0,0,,,,0,1,0,1,0
277,2025,400,0,0,,,,0,1,0,1,0
277,2025,500,0,0,,,,0,0,0,0,0
277,2025,600,0,1,100.0,C2,Switched,1,1,0,1,1
277,2025,700,0,0,,,,0,0,0,0,0
278,2025,100,0,0,,,,0,1,1,1,0
278,2025,200,1,1,,,No Previous Data,1,1,1,1,1
278,2025,300,0,0,,,,0,0,0,0,0
278,2025,400,0,0,,,,0,1,0,1,0
278,2025,500,0,0,,,,0,1,1,1,0
278,2025,600,0,0,,,,0,0,0,1,0
278,2025,700,0,0,,,,0,0,0,1,0
279,2025,100,0,0,,,,1,1,1,1,1
279,2025,200,0,1,600.0,Dr. Thanh,Switched,1,1,1,1,1
279,2025,300,0,0,,,,1,1,0,1,1
279,2025,400,0,0,,,,1,0,0,1,0
279,2025,500,0,0,,,,0,1,0,1,0
279,2025,600,0,0,,,,0,0,0,1,0
279,2025,700,0,0,,,,1,1,0,1,0
280,2025,100,1,0,,,,1,1,1,1,1
280,2025,200,0,1,,,No Previous Data,1,1,1,1,1
280,2025,300,0,0,,,,0,0,0,1,0
280,2025,400,0,0,,,,0,0,0,1,0
280,2025,500,0,0,,,,0,0,0,0,0
280,2025,600,0,0,,,,0,0,0,1,0
280,2025,700,0,0,,,,0,0,0,1,0
281,2025,100,0,0,,,,1,1,1,1,1
281,2025,200,1,1,,,No Previous Data,1,1,1,1,1
281,2025,300,0,0,,,,0,1,0,1,0
281,2025,400,0,0,,,,0,1,0,1,0
281,2025,500,0,0,,,,0,1,0,1,0
281,2025,600,0,0,,,,1,1,0,1,0
281,2025,700,0,0,,,,0,1,0,1,0
282,2025,100,1,1,,,No Previous Data,1,1,1,1,1
282,2025,200,0,0,,,,0,1,1,1,0
282,2025,300,0,0,,,,0,1,0,1,0
282,2025,400,0,0,,,,0,1,1,1,0
282,2025,500,0,0,,,,0,1,0,1,0
282,2025,600,0,0,,,,0,1,1,1,0
282,2025,700,0,0,,,,0,0,0,0,0
283,2025,100,0,0,,,,1,1,1,1,0
283,2025,200,1,1,,,No Previous Data,1,1,1,1,1
283,2025,300,0,0,,,,0,0,0,1,0
283,2025,400,0,0,,,,0,0,0,1,0
283,2025,500,0,0,,,,0,1,0,1,0
283,2025,600,0,0,,,,0,1,0,1,0
283,2025,700,0,0,,,,1,1,1,1,1
284,2025,100,0,0,,,,0,1,0,1,0
284,2025,200,0,0,,,,1,1,1,1,1
284,2025,300,1,1,,,No Previous Data,1,1,1,1,1
284,2025,400,0,0,,,,0,0,1,1,0
284,2025,500,0,0,,,,0,0,0,1,0
284,2025,600,0,0,,,,0,0,1,1,0
284,2025,700,0,0,,,,0,1,0,1,0
285,2025,100,0,0,,,,0,0,0,0,0
285,2025,200,1,1,,,No Previous Data,1,1,1,1,1
285,2025,300,0,0,,,,0,0,0,0,0
285,2025,400,0,0,,,,0,0,0,0,0
285,2025,500,0,0,,,,0,0,0,0,0
285,2025,600,0,0,,,,0,0,0,0,0
285,2025,700,0,0,,,,0,0,0,0,0
286,2025,100,0,0,,,,0,0,1,1,0
286,2025,200,1,1,,,No Previous Data,1,1,1,1,1
286,2025,300,0,0,,,,1,1,0,1,1
286,2025,400,0,0,,,,0,0,1,1,0
286,2025,500,0,0,,,,0,1,0,1,0
286,2025,600,0,0,,,,0,0,0,1,0
286,2025,700,0,0,,,,0,1,0,1,0
287,2025,100,0,0,,,,0,0,0,1,0
287,2025,200,0,1,300.0,Không Độ,Switched,1,1,0,1,1
287,2025,300,1,0,,,,0,0,1,1,0
287,2025,400,0,0,,,,0,0,0,1,0
287,2025,500,0,0,,,,0,0,0,1,0
287,2025,600,0,0,,,,0,0,0,1,0
287,2025,700,0,0,,,,0,1,0,1,0
288,2025,100,0,0,,,,0,0,1,1,0
288,2025,200,0,0,,,,0,1,0,1,0
288,2025,300,0,0,,,,0,0,0,1,0
288,2025,400,1,1,,,No Previous Data,1,1,1,1,1
288,2025,500,0,0,,,,0,0,0,1,0
288,2025,600,0,0,,,,0,0,0,1,0
288,2025,700,0,0,,,,0,0,0,1,0
289,2025,100,1,1,,,No Previous Data,1,1,1,1,1
289,2025,200,0,0,,,,0,0,1,1,0
289,2025,300,0,0,,,,0,1,0,1,0
289,2025,400,0,0,,,,0,0,0,1,0
289,2025,500,0,0,,,,0,0,0,1,0
289,2025,600,0,0,,,,0,0,0,1,0
289,2025,700,0,0,,,,0,0,0,1,0
290,2025,100,0,0,,,,1,1,1,1,1
290,2025,200,0,0,,,,0,1,0,1,0
290,2025,300,1,1,100.0,C2,Switched,1,1,1,1,1
290,2025,400,0,0,,,,0,0,0,1,0
290,2025,500,0,0,,,,0,0,0,0,0
290,2025,600,0,0,,,,0,1,0,1,0
290,2025,700,0,0,,,,0,0,0,0,0
291,2025,100,0,0,,,,1,1,1,1,1
291,2025,200,0,0,,,,1,1,0,1,0
291,2025,300,0,0,,,,0,0,0,1,0
291,2025,400,1,1,,,No Previous Data,1,1,1,1,1
291,2025,500,0,0,,,,0,0,0,0,0
291,2025,600,0,0,,,,1,1,0,1,1
291,2025,700,0,0,,,,0,0,0,0,0
292,2025,100,0,0,,,,1,1,0,1,1
292,2025,200,0,0,,,,0,0,0,1,0
292,2025,300,0,0,,,,0,0,0,1,0
292,2025,400,1,1,,,No Previous Data,1,1,1,1,1
292,2025,500,0,0,,,,0,0,0,0,0
292,2025,600,0,0,,,,1,1,0,1,1
292,2025,700,0,0,,,,0,0,0,1,0
293,2025,100,1,1,400.0,Cozy,Switched,1,1,1,1,1
293,2025,200,0,0,,,,1,1,1,1,0
293,2025,300,0,0,,,,0,0,0,1,0
293,2025,400,0,0,,,,1,1,1,1,1
293,2025,500,0,0,,,,0,0,0,0,0
293,2025,600,0,0,,,,1,1,0,1,1
293,2025,700,0,0,,,,1,1,0,1,0
294,2025,100,0,0,,,,0,0,1,1,0
294,2025,200,0,0,,,,0,1,1,1,0
294,2025,300,0,0,,,,0,0,1,1,0
294,2025,400,1,1,,,No Previous Data,1,1,1,1,1
294,2025,500,0,0,,,,0,0,0,0,0
294,2025,600,0,0,,,,1,1,0,1,1
294,2025,700,0,0,,,,0,0,0,1,0
295,2025,100,0,0,,,,1,1,1,1,1
295,2025,200,1,1,100.0,C2,Switched,1,1,1,1,1
295,2025,300,0,0,,,,1,1,0,1,0
295,2025,400,0,0,,,,1,1,1,1,1
295,2025,500,0,0,,,,0,0,0,0,0
295,2025,600,0,0,,,,1,1,0,1,0
295,2025,700,0,0,,,,0,1,0,1,0
296,2025,100,0,0,,,,1,1,0,1,1
296,2025,200,0,0,,,,1,1,1,1,1
296,2025,300,0,0,,,,0,1,0,1,0
296,2025,400,1,1,200.0,Olong Tea Plus,Switched,1,1,1,1,1
296,2025,500,0,0,,,,0,0,0,0,0
296,2025,600,0,0,,,,1,1,0,1,1
296,2025,700,0,0,,,,1,0,0,1,0
297,2025,100,1,1,,,No Previous Data,1,1,1,1,1
297,2025,200,0,0,,,,1,0,1,1,0
297,2025,300,0,0,,,,0,0,0,0,0
297,2025,400,0,0,,,,1,1,1,1,1
297,2025,500,0,0,,,,0,0,0,0,0
297,2025,600,0,0,,,,0,1,0,1,0
297,2025,700,0,0,,,,0,0,0,1,0
298,2025,100,0,0,,,,1,0,1,1,0
298,2025,200,1,1,,,No Previous Data,1,1,1,1,1
298,2025,300,0,0,,,,0,1,0,1,0
298,2025,400,0,0,,,,1,1,1,1,1
298,2025,500,0,0,,,,0,0,0,0,0
298,2025,600,0,0,,,,0,0,0,0,0
298,2025,700,0,0,,,,0,0,0,1,0
299,2025,100,0,0,,,,1,1,1,1,1
299,2025,200,0,0,,,,1,1,1,1,1
299,2025,300,1,1,200.0,Olong Tea Plus,Switched,1,1,1,1,1
299,2025,400,0,0,,,,0,0,0,0,0
299,2025,500,0,0,,,,0,0,0,0,0
299,2025,600,0,0,,,,0,0,0,0,0
299,2025,700,0,0,,,,1,1,0,1,0
300,2025,100,0,0,,,,1,1,1,1,1
300,2025,200,0,0,,,,1,1,1,1,1
300,2025,300,0,0,,,,0,0,0,1,0
300,2025,400,1,1,200.0,Olong Tea Plus,Switched,1,1,1,1,1
300,2025,500,0,0,,,,0,0,0,0,0
300,2025,600,0,0,,,,1,1,0,1,1
300,2025,700,0,0,,,,0,1,0,1,0
301,2025,100,1,1,,,No Previous Data,1,1,1,1,1
301,2025,200,0,0,,,,1,1,1,1,1
301,2025,300,0,0,,,,0,0,0,1,0
301,2025,400,0,0,,,,1,1,1,1,1
301,2025,500,0,0,,,,0,0,0,0,0
301,2025,600,0,0,,,,1,0,0,1,0
301,2025,700,0,0,,,,1,1,0,1,0
302,2025,100,0,0,,,,1,1,0,1,1
302,2025,200,0,0,,,,0,0,0,1,0
302,2025,300,0,0,,,,0,0,0,1,0
302,2025,400,1,1,200.0,Olong Tea Plus,Switched,1,1,1,1,1
302,2025,500,0,0,,,,0,0,0,0,0
302,2025,600,0,0,,,,0,0,0,1,0
302,2025,700,0,0,,,,0,1,0,1,0
303,2025,100,1,1,,,No Previous Data,1,1,1,1,1
303,2025,200,0,0,,,,1,0,0,1,0
303,2025,300,0,0,,,,1,0,0,1,0
303,2025,400,0,0,,,,1,1,1,1,1
303,2025,500,0,0,,,,0,0,0,0,0
303,2025,600,0,0,,,,1,0,0,1,0
303,2025,700,0,0,,,,1,1,1,1,0
304,2025,100,0,0,,,,1,0,1,1,0
304,2025,200,1,1,,,No Previous Data,1,1,1,1,1
304,2025,300,0,0,,,,1,0,0,1,0
304,2025,400,0,0,,,,1,1,1,1,0
304,2025,500,0,0,,,,0,0,0,0,0
304,2025,600,0,0,,,,1,1,0,1,1
304,2025,700,0,0,,,,1,0,0,1,0
305,2025,100,0,1,300.0,Không Độ,Switched,1,1,0,1,1
305,2025,200,0,0,,,,1,1,0,1,1
305,2025,300,0,0,,,,1,0,0,1,0
305,2025,400,0,0,,,,0,0,0,1,0
305,2025,500,0,0,,,,0,0,0,1,0
305,2025,600,0,0,,,,0,0,0,1,0
305,2025,700,0,0,,,,0,1,1,1,0
306,2025,100,0,0,,,,0,0,1,1,0
306,2025,200,0,0,,,,0,0,1,1,0
306,2025,300,0,0,,,,0,0,0,1,0
306,2025,400,1,1,,,No Previous Data,1,1,1,1,1
306,2025,500,0,0,,,,0,0,0,0,0
306,2025,600,0,0,,,,0,0,0,1,0
306,2025,700,0,0,,,,0,0,0,1,0
307,2025,100,1,1,,,No Previous Data,1,1,1,1,1
307,2025,200,0,0,,,,1,0,0,1,0
307,2025,300,0,0,,,,1,1,1,1,1
307,2025,400,0,0,,,,0,0,0,1,0
307,2025,500,0,0,,,,0,0,0,0,0
307,2025,600,0,0,,,,0,0,0,1,0
307,2025,700,0,0,,,,0,1,0,1,0
308,2025,100,0,0,,,,0,0,0,1,0
308,2025,200,1,1,,,No Previous Data,1,1,1,1,1
308,2025,300,0,0,,,,1,1,1,1,1
308,2025,400,0,0,,,,0,0,0,1,0
308,2025,500,0,0,,,,0,0,0,1,0
308,2025,600,0,0,,,,0,0,0,1,0
308,2025,700,0,0,,,,0,0,0,1,0
309,2025,100,0,0,,,,1,0,0,1,0
309,2025,200,0,0,,,,1,1,1,1,1
309,2025,300,0,0,,,,1,0,0,1,0
309,2025,400,1,1,,,No Previous Data,1,1,1,1,1
309,2025,500,0,0,,,,0,0,0,0,0
309,2025,600,0,0,,,,0,0,0,1,0
309,2025,700,0,0,,,,0,0,0,1,0
310,2025,100,0,0,,,,1,1,0,1,1
310,2025,200,0,0,,,,0,0,0,1,0
310,2025,300,1,1,,,No Previous Data,1,1,1,1,1
310,2025,400,0,0,,,,1,1,1,1,1
310,2025,500,0,0,,,,0,0,0,1,0
310,2025,600,0,0,,,,1,1,1,1,0
310,2025,700,0,0,,,,0,0,0,1,0
311,2025,100,0,0,,,,0,1,1,1,0
311,2025,200,0,1,,,No Previous Data,1,1,0,1,1
311,2025,300,1,0,,,,0,1,1,1,0
311,2025,400,0,0,,,,1,1,1,1,1
311,2025,500,0,0,,,,0,1,0,1,0
311,2025,600,0,0,,,,1,1,1,1,0
311,2025,700,0,0,,,,1,1,0,1,0
312,2025,100,1,1,,,No Previous Data,1,1,1,1,1
312,2025,200,0,0,,,,0,0,0,1,0
312,2025,300,0,0,,,,1,1,1,1,1
312,2025,400,0,0,,,,1,0,0,1,0
312,2025,500,0,0,,,,0,0,0,1,0
312,2025,600,0,0,,,,1,1,1,1,1
312,2025,700,0,0,,,,0,0,0,1,0
313,2025,100,0,0,,,,1,1,0,1,1
313,2025,200,0,0,,,,1,1,0,1,1
313,2025,300,1,1,700.0,Khác,Switched,1,1,1,1,1
313,2025,400,0,0,,,,0,0,0,1,0
313,2025,500,0,0,,,,0,1,0,1,0
313,2025,600,0,0,,,,0,0,0,0,0
313,2025,700,0,0,,,,0,1,0,1,0
314,2025,100,1,0,,,,1,1,1,1,0
314,2025,200,0,0,,,,1,1,0,1,1
314,2025,300,0,0,,,,0,0,0,0,0
314,2025,400,0,0,,,,0,0,0,0,0
314,2025,500,0,1,,,No Previous Data,1,1,0,1,1
314,2025,600,0,0,,,,0,0,0,0,0
314,2025,700,0,0,,,,1,1,0,1,0
315,2025,100,0,0,,,,0,1,1,1,0
315,2025,200,1,0,,,,1,1,1,1,1
315,2025,300,0,0,,,,0,0,0,1,0
315,2025,400,0,0,,,,0,0,0,1,0
315,2025,500,0,0,,,,0,0,0,1,0
315,2025,600,0,1,200.0,Olong Tea Plus,Switched,1,1,1,1,1
315,2025,700,0,0,,,,0,0,0,1,0
316,2025,100,1,1,,,No Previous Data,1,1,1,1,1
316,2025,200,0,0,,,,1,1,0,1,1
316,2025,300,0,0,,,,0,0,0,0,0
316,2025,400,0,0,,,,1,1,0,1,1
316,2025,500,0,0,,,,0,0,0,0,0
316,2025,600,0,0,,,,0,0,0,0,0
316,2025,700,0,0,,,,0,0,0,0,0
317,2025,100,0,0,,,,1,1,0,1,1
317,2025,200,1,1,300.0,Không Độ,Switched,1,1,1,1,1
317,2025,300,0,0,,,,1,1,0,1,1
317,2025,400,0,0,,,,1,1,0,1,1
317,2025,500,0,0,,,,0,0,0,0,0
317,2025,600,0,0,,,,0,0,0,0,0
317,2025,700,0,0,,,,0,0,0,0,0
318,2025,100,1,0,,,,1,1,1,1,1
318,2025,200,0,1,,,No Previous Data,1,1,0,1,1
318,2025,300,0,0,,,,0,0,0,0,0
318,2025,400,0,0,,,,1,1,0,1,1
318,2025,500,0,0,,,,0,0,0,0,0
318,2025,600,0,0,,,,0,0,0,0,0
318,2025,700,0,0,,,,0,0,0,0,0
319,2025,100,0,1,,,No Previous Data,1,1,1,1,1
319,2025,200,0,0,,,,1,1,1,1,1
319,2025,300,0,0,,,,1,1,1,1,1
319,2025,400,1,0,,,,1,1,1,1,0
319,2025,500,0,0,,,,1,0,0,1,0
319,2025,600,0,0,,,,0,0,0,1,0
319,2025,700,0,0,,,,1,1,0,1,0
320,2025,100,1,0,,,,1,1,1,1,1
320,2025,200,0,0,,,,1,1,0,1,1
320,2025,300,0,0,,,,1,1,0,1,0
320,2025,400,0,0,,,,1,1,0,1,0
320,2025,500,0,0,,,,0,1,0,1,0
320,2025,600,0,0,,,,0,0,0,0,0
320,2025,700,0,1,,,No Previous Data,1,1,0,1,1
321,2025,100,1,0,,,,0,1,1,1,0
321,2025,200,0,1,,,No Previous Data,1,1,0,1,1
321,2025,300,0,0,,,,0,0,0,0,0
321,2025,400,0,0,,,,0,0,0,0,0
321,2025,500,0,0,,,,1,1,0,1,1
321,2025,600,0,0,,,,0,0,0,0,0
321,2025,700,0,0,,,,0,1,0,1,0
322,2025,100,0,0,,,,1,1,1,1,1
322,2025,200,0,0,,,,1,1,1,1,1
322,2025,300,1,1,100.0,C2,Switched,1,1,1,1,1
322,2025,400,0,0,,,,1,1,0,1,1
322,2025,500,0,0,,,,0,0,0,0,0
322,2025,600,0,0,,,,1,1,0,1,1
322,2025,700,0,0,,,,1,1,0,1,1
323,2025,100,1,1,,,No Previous Data,1,1,1,1,1
323,2025,200,0,0,,,,1,1,0,1,1
323,2025,300,0,0,,,,0,0,0,0,0
323,2025,400,0,0,,,,1,1,0,1,1
323,2025,500,0,0,,,,0,0,0,0,0
323,2025,600,0,0,,,,0,0,0,0,0
323,2025,700,0,0,,,,0,0,0,0,0
324,2025,100,0,0,,,,0,0,0,0,0
324,2025,200,0,0,,,,1,1,1,1,1
324,2025,300,1,1,200.0,Olong Tea Plus,Switched,1,1,1,1,1
324,2025,400,0,0,,,,1,1,0,1,1
324,2025,500,0,0,,,,0,0,0,0,0
324,2025,600,0,0,,,,0,0,0,0,0
324,2025,700,0,0,,,,0,0,0,0,0
325,2025,100,1,0,,,,1,1,1,1,1
325,2025,200,0,0,,,,1,1,0,1,1
325,2025,300,0,0,,,,0,0,0,0,0
325,2025,400,0,0,,,,0,0,0,0,0
325,2025,500,0,1,,,No Previous Data,1,1,0,1,1
325,2025,600,0,0,,,,0,0,0,0,0
325,2025,700,0,0,,,,1,1,0,1,0
326,2025,100,1,1,,,No Previous Data,1,1,1,1,1
326,2025,200,0,0,,,,0,1,0,1,0
326,2025,300,0,0,,,,0,1,0,1,0
326,2025,400,0,0,,,,1,1,0,1,1
326,2025,500,0,0,,,,0,0,0,1,0
326,2025,600,0,0,,,,0,0,0,1,0
326,2025,700,0,0,,,,0,0,0,1,0
327,2025,100,0,0,,,,1,1,1,1,1
327,2025,200,1,1,,,No Previous Data,1,1,1,1,1
327,2025,300,0,0,,,,0,0,0,1,0
327,2025,400,0,0,,,,1,0,0,1,0
327,2025,500,0,0,,,,0,0,0,0,0
327,2025,600,0,0,,,,0,0,0,1,0
327,2025,700,0,0,,,,0,0,0,1,0
328,2025,100,0,0,,,,1,1,0,1,1
328,2025,200,1,1,,,No Previous Data,1,1,1,1,1
328,2025,300,0,0,,,,0,0,0,0,0
328,2025,400,0,0,,,,1,1,0,1,1
328,2025,500,0,0,,,,0,0,0,0,0
328,2025,600,0,0,,,,0,0,0,0,0
328,2025,700,0,0,,,,0,0,0,0,0
329,2025,100,1,0,,,,1,1,1,1,1
329,2025,200,0,0,,,,1,1,0,1,1
329,2025,300,0,0,,,,0,0,0,0,0
329,2025,400,0,0,,,,0,0,0,0,0
329,2025,500,0,1,,,No Previous Data,1,1,0,1,1
329,2025,600,0,0,,,,0,0,0,0,0
329,2025,700,0,0,,,,1,1,0,1,0
330,2025,100,0,1,700.0,Khác,Switched,1,1,0,1,1
330,2025,200,0,0,,,,1,1,0,1,1
330,2025,300,1,0,,,,1,1,1,1,1
330,2025,400,0,0,,,,0,0,0,1,0
330,2025,500,0,0,,,,0,0,0,1,0
330,2025,600,0,0,,,,0,0,0,1,0
330,2025,700,0,0,,,,0,1,0,1,0
331,2025,100,0,0,,,,1,1,1,1,1
331,2025,200,1,0,,,,1,1,1,1,1
331,2025,300,0,0,,,,0,1,0,1,0
331,2025,400,0,1,,,No Previous Data,1,1,1,1,1
331,2025,500,0,0,,,,1,1,0,1,1
331,2025,600,0,0,,,,0,0,0,1,0
331,2025,700,0,0,,,,0,0,0,0,0
332,2025,100,1,0,,,,0,1,1,1,0
332,2025,200,0,1,,,No Previous Data,1,1,0,1,1
332,2025,300,0,0,,,,1,1,1,1,0
332,2025,400,0,0,,,,1,1,1,1,1
332,2025,500,0,0,,,,0,1,0,1,0
332,2025,600,0,0,,,,1,1,0,1,1
332,2025,700,0,0,,,,0,1,0,1,0
333,2025,100,1,0,,,,0,1,1,1,0
333,2025,200,0,0,,,,1,1,0,1,1
333,2025,300,0,0,,,,0,0,0,0,0
333,2025,400,0,0,,,,0,0,0,0,0
333,2025,500,0,1,,,No Previous Data,1,1,0,1,1
333,2025,600,0,0,,,,0,0,0,0,0
333,2025,700,0,0,,,,1,1,0,1,0
334,2025,100,0,0,,,,1,1,0,1,1
334,2025,200,1,1,300.0,Không Độ,Switched,1,1,1,1,1
334,2025,300,0,0,,,,1,1,0,1,1
334,2025,400,0,0,,,,1,1,0,1,1
334,2025,500,0,0,,,,0,0,0,0,0
334,2025,600,0,0,,,,0,0,0,0,0
334,2025,700,0,0,,,,0,0,0,0,0
335,2025,100,1,1,,,No Previous Data,1,1,1,1,1
335,2025,200,0,0,,,,1,1,0,1,1
335,2025,300,0,0,,,,0,0,0,0,0
335,2025,400,0,0,,,,1,1,0,1,1
335,2025,500,0,0,,,,0,0,0,0,0
335,2025,600,0,0,,,,0,0,0,0,0
335,2025,700,0,0,,,,0,0,0,0,0
336,2025,100,1,0,,,,1,1,1,1,1
336,2025,200,0,1,100.0,C2,Switched,1,1,1,1,1
336,2025,300,0,0,,,,0,1,1,1,0
336,2025,400,0,0,,,,0,1,1,1,0
336,2025,500,0,0,,,,0,0,0,0,0
336,2025,600,0,0,,,,0,0,0,0,0
336,2025,700,0,0,,,,0,0,0,0,0
337,2025,100,0,0,,,,1,1,0,1,1
337,2025,200,0,0,,,,0,0,0,1,0
337,2025,300,0,0,,,,0,0,0,1,0
337,2025,400,1,1,,,No Previous Data,1,1,1,1,1
337,2025,500,0,0,,,,0,0,0,1,0
337,2025,600,0,0,,,,0,0,0,1,0
337,2025,700,0,0,,,,0,0,0,1,0
338,2025,100,1,1,,,No Previous Data,1,1,1,1,1
338,2025,200,0,0,,,,1,1,0,1,1
338,2025,300,0,0,,,,1,1,0,1,1
338,2025,400,0,0,,,,0,0,0,0,0
338,2025,500,0,0,,,,0,0,0,0,0
338,2025,600,0,0,,,,0,0,0,0,0
338,2025,700,0,0,,,,0,0,0,0,0
339,2025,100,1,0,,,,0,1,1,1,0
339,2025,200,0,0,,,,1,1,0,1,1
339,2025,300,0,0,,,,0,0,0,0,0
339,2025,400,0,0,,,,0,0,0,0,0
339,2025,500,0,1,,,No Previous Data,1,1,0,1,1
339,2025,600,0,0,,,,0,0,0,0,0
339,2025,700,0,0,,,,0,1,0,1,0
340,2025,100,1,1,,,No Previous Data,1,1,1,1,1
340,2025,200,0,0,,,,1,1,1,1,1
340,2025,300,0,0,,,,0,0,0,1,0
340,2025,400,0,0,,,,0,0,0,1,0
340,2025,500,0,0,,,,0,1,0,1,0
340,2025,600,0,0,,,,1,1,0,1,0
340,2025,700,0,0,,,,0,1,0,1,0
341,2025,100,0,0,,,,0,1,0,1,0
341,2025,200,1,1,,,No Previous Data,1,1,1,1,1
341,2025,300,0,0,,,,0,1,1,1,0
341,2025,400,0,0,,,,1,1,1,1,1
341,2025,500,0,0,,,,0,0,0,0,0
341,2025,600,0,0,,,,0,0,0,0,0
341,2025,700,0,0,,,,0,1,1,1,0
342,2025,100,1,1,,,No Previous Data,1,1,1,1,1
342,2025,200,0,0,,,,1,1,1,1,0
342,2025,300,0,0,,,,0,1,1,1,0
342,2025,400,0,0,,,,1,1,1,1,0
342,2025,500,0,0,,,,0,1,0,1,0
342,2025,600,0,0,,,,0,0,0,0,0
342,2025,700,0,0,,,,0,0,0,1,0
343,2025,100,0,0,,,,1,1,1,1,1
343,2025,200,0,0,,,,0,0,0,1,0
343,2025,300,1,1,100.0,C2,Switched,1,1,1,1,1
343,2025,400,0,0,,,,1,1,0,1,1
343,2025,500,0,0,,,,0,0,0,0,0
343,2025,600,0,0,,,,0,0,0,1,0
343,2025,700,0,0,,,,0,0,0,1,0
344,2025,100,1,1,200.0,Olong Tea Plus,Switched,1,1,1,1,1
344,2025,200,0,0,,,,1,1,0,1,1
344,2025,300,0,0,,,,1,1,1,1,1
344,2025,400,0,0,,,,0,0,0,1,0
344,2025,500,0,0,,,,0,0,0,0,0
344,2025,600,0,0,,,,1,0,0,1,0
344,2025,700,0,0,,,,0,0,0,1,0
345,2025,100,1,1,400.0,Cozy,Switched,1,1,1,1,1
345,2025,200,0,0,,,,1,1,1,1,0
345,2025,300,0,0,,,,1,1,1,1,1
345,2025,400,0,0,,,,0,0,0,1,0
345,2025,500,0,0,,,,0,0,0,0,0
345,2025,600,0,0,,,,0,0,0,1,0
345,2025,700,0,0,,,,0,0,0,1,0
346,2025,100,0,0,,,,0,1,1,1,0
346,2025,200,0,0,,,,1,1,1,1,1
346,2025,300,0,0,,,,0,0,0,1,0
346,2025,400,0,0,,,,0,0,0,1,0
346,2025,500,0,0,,,,0,1,0,1,0
346,2025,600,1,1,200.0,Olong Tea Plus,Switched,1,1,1,1,1
346,2025,700,0,0,,,,1,1,1,1,1
347,2025,100,0,0,,,,0,1,1,1,0
347,2025,200,0,0,,,,0,1,0,1,0
347,2025,300,0,0,,,,1,1,0,1,1
347,2025,400,1,0,,,,1,1,1,1,1
347,2025,500,0,0,,,,0,0,0,0,0
347,2025,600,0,0,,,,0,0,0,0,0
347,2025,700,0,1,,,No Previous Data,1,1,1,1,0
348,2025,100,1,1,,,No Previous Data,1,1,1,1,1
348,2025,200,0,0,,,,0,0,1,1,0
348,2025,300,0,0,,,,0,0,0,1,0
348,2025,400,0,0,,,,1,1,1,1,1
348,2025,500,0,0,,,,0,0,1,1,0
348,2025,600,0,0,,,,0,0,0,1,0
348,2025,700,0,0,,,,0,0,0,1,0
349,2025,100,1,1,,,No Previous Data,1,1,1,1,1
349,2025,200,0,0,,,,1,1,1,1,1
349,2025,300,0,0,,,,1,0,1,1,0
349,2025,400,0,0,,,,0,0,0,1,0
349,2025,500,0,0,,,,0,0,0,0,0
349,2025,600,0,0,,,,0,0,0,0,0
349,2025,700,0,0,,,,0,0,0,1,0
350,2025,100,0,0,,,,1,1,1,1,1
350,2025,200,0,0,,,,1,0,0,1,0
350,2025,300,1,1,,,No Previous Data,1,1,1,1,1
350,2025,400,0,0,,,,0,0,0,1,0
350,2025,500,0,0,,,,0,0,0,0,0
350,2025,600,0,0,,,,0,0,0,1,0
350,2025,700,0,0,,,,0,1,0,1,0
351,2025,100,0,0,,,,0,0,0,1,0
351,2025,200,0,0,,,,1,1,0,1,0
351,2025,300,0,0,,,,1,1,0,1,1
351,2025,400,0,0,,,,0,0,0,1,0
351,2025,500,0,0,,,,0,0,0,0,0
351,2025,600,0,0,,,,0,0,0,1,0
351,2025,700,1,1,200.0,Olong Tea Plus,Switched,1,1,1,1,0
352,2025,100,0,0,,,,1,1,1,1,0
352,2025,200,1,1,,,No Previous Data,1,1,1,1,1
352,2025,300,0,0,,,,0,1,0,1,0
352,2025,400,0,0,,,,1,1,1,1,1
352,2025,500,0,0,,,,0,1,1,1,0
352,2025,600,0,0,,,,0,1,1,1,0
352,2025,700,0,0,,,,0,0,0,1,0
353,2025,100,0,0,,,,1,1,0,1,1
353,2025,200,1,1,,,No Previous Data,1,1,1,1,1
353,2025,300,0,0,,,,1,1,1,1,1
353,2025,400,0,0,,,,0,0,0,1,0
353,2025,500,0,0,,,,0,0,0,0,0
353,2025,600,0,0,,,,0,0,0,1,0
353,2025,700,0,0,,,,0,1,1,1,0
354,2025,100,1,1,,,No Previous Data,1,1,1,1,1
354,2025,200,0,0,,,,0,0,0,1,0
354,2025,300,0,0,,,,0,0,0,1,0
354,2025,400,0,0,,,,1,1,1,1,1
354,2025,500,0,0,,,,0,0,0,1,0
354,2025,600,0,0,,,,1,1,0,1,1
354,2025,700,0,0,,,,0,0,0,1,0
355,2025,100,0,0,,,,0,1,0,1,0
355,2025,200,1,1,,,No Previous Data,1,1,1,1,1
355,2025,300,0,0,,,,0,0,1,1,0
355,2025,400,0,0,,,,0,0,0,1,0
355,2025,500,0,0,,,,0,0,0,1,0
355,2025,600,0,0,,,,0,0,0,0,0
355,2025,700,0,0,,,,1,1,1,1,1
356,2025,100,1,0,,,,1,1,1,1,1
356,2025,200,0,0,,,,1,1,0,1,0
356,2025,300,0,0,,,,0,0,1,1,0
356,2025,400,0,1,700.0,Khác,Switched,1,1,0,1,1
356,2025,500,0,0,,,,1,1,0,1,1
356,2025,600,0,0,,,,0,0,0,0,0
356,2025,700,0,0,,,,0,1,0,1,0
357,2025,100,0,0,,,,1,1,0,1,1
357,2025,200,1,1,,,No Previous Data,1,1,1,1,1
357,2025,300,0,0,,,,1,1,1,1,1
357,2025,400,0,0,,,,0,0,0,1,0
357,2025,500,0,0,,,,0,0,0,0,0
357,2025,600,0,0,,,,0,0,0,1,0
357,2025,700,0,0,,,,0,1,0,1,0
358,2025,100,0,0,,,,1,1,1,1,1
358,2025,200,0,0,,,,1,1,1,1,0
358,2025,300,0,0,,,,1,1,0,1,0
358,2025,400,1,0,,,,1,0,1,1,0
358,2025,500,0,0,,,,0,0,0,1,0
358,2025,600,0,0,,,,0,0,0,1,0
358,2025,700,0,1,200.0,Olong Tea Plus,Switched,1,1,0,1,1
359,2025,100,0,0,,,,0,0,0,0,0
359,2025,200,1,1,,,No Previous Data,1,1,1,1,1
359,2025,300,0,0,,,,1,1,1,1,1
359,2025,400,0,0,,,,0,0,1,1,0
359,2025,500,0,0,,,,0,0,0,0,0
359,2025,600,0,0,,,,0,0,0,0,0
359,2025,700,0,0,,,,0,1,1,1,0
360,2025,100,1,1,,,No Previous Data,1,1,1,1,1
360,2025,200,0,0,,,,0,1,1,1,0
360,2025,300,0,0,,,,0,0,0,1,0
360,2025,400,0,0,,,,0,0,0,1,0
360,2025,500,0,0,,,,1,1,1,1,0
360,2025,600,0,0,,,,0,1,0,1,0
360,2025,700,0,0,,,,1,1,0,1,1
361,2025,100,0,0,,,,1,1,1,1,1
361,2025,200,1,1,,,No Previous Data,1,1,1,1,1
361,2025,300,0,0,,,,0,0,0,0,0
361,2025,400,0,0,,,,0,1,1,1,0
361,2025,500,0,0,,,,0,1,0,1,0
361,2025,600,0,0,,,,0,0,0,0,0
361,2025,700,0,0,,,,0,1,1,1,0
362,2025,100,0,0,,,,1,1,0,1,1
362,2025,200,1,1,100.0,C2,Switched,1,1,1,1,1
362,2025,300,0,0,,,,1,1,1,1,1
362,2025,400,0,0,,,,0,0,1,1,0
362,2025,500,0,0,,,,0,0,0,1,0
362,2025,600,0,0,,,,0,0,0,0,0
362,2025,700,0,0,,,,0,0,0,1,0
363,2025,100,0,0,,,,0,1,1,1,0
363,2025,200,0,0,,,,0,1,1,1,0
363,2025,300,1,1,200.0,Olong Tea Plus,Switched,1,1,1,1,1
363,2025,400,0,0,,,,1,1,1,1,1
363,2025,500,0,0,,,,0,1,0,1,0
363,2025,600,0,0,,,,0,1,0,1,0
363,2025,700,0,0,,,,1,1,0,1,0
364,2025,100,0,0,,,,1,1,1,1,1
364,2025,200,0,0,,,,1,0,0,1,0
364,2025,300,1,1,100.0,C2,Switched,1,1,1,1,1
364,2025,400,0,0,,,,0,0,0,1,0
364,2025,500,0,0,,,,0,0,0,0,0
364,2025,600,0,0,,,,0,0,0,1,0
364,2025,700,0,0,,,,0,0,0,1,0
365,2025,100,1,0,,,,1,1,1,1,1
365,2025,200,0,0,,,,0,0,0,1,0
365,2025,300,0,0,,,,1,0,1,1,0
365,2025,400,0,0,,,,0,1,0,1,0
365,2025,500,0,1,700.0,Khác,Switched,1,1,1,1,1
365,2025,600,0,0,,,,0,0,0,0,0
365,2025,700,0,0,,,,1,1,1,1,1
366,2025,100,1,1,,,No Previous Data,1,1,1,1,1
366,2025,200,0,0,,,,1,1,1,1,1
366,2025,300,0,0,,,,0,0,0,1,0
366,2025,400,0,0,,,,0,0,0,1,0
366,2025,500,0,0,,,,0,0,0,0,0
366,2025,600,0,0,,,,0,0,0,0,0
366,2025,700,0,0,,,,0,1,0,1,0
367,2025,100,0,0,,,,1,1,1,1,1
367,2025,200,1,1,,,No Previous Data,1,1,1,1,1
367,2025,300,0,0,,,,1,1,0,1,1
367,2025,400,0,0,,,,0,0,0,1,0
367,2025,500,0,0,,,,0,0,0,1,0
367,2025,600,0,0,,,,0,0,0,0,0
367,2025,700,0,0,,,,0,0,0,1,0
368,2025,100,0,0,,,,0,0,0,0,0
368,2025,200,0,0,,,,0,1,0,1,0
368,2025,300,1,1,,,No Previous Data,1,1,1,1,1
368,2025,400,0,0,,,,1,0,1,1,0
368,2025,500,0,0,,,,0,0,0,0,0
368,2025,600,0,0,,,,0,0,0,0,0
368,2025,700,0,0,,,,1,1,1,1,0
369,2025,100,1,1,200.0,Olong Tea Plus,Switched,1,1,1,1,1
369,2025,200,0,0,,,,1,1,1,1,1
369,2025,300,0,0,,,,0,1,0,1,0
369,2025,400,0,0,,,,0,0,0,1,0
369,2025,500,0,0,,,,0,0,0,1,0
369,2025,600,0,0,,,,0,0,0,0,0
369,2025,700,0,0,,,,0,0,0,0,0
370,2025,100,0,0,,,,0,1,0,1,0
370,2025,200,0,0,,,,1,1,1,1,1
370,2025,300,0,0,,,,1,1,1,1,0
370,2025,400,1,1,700.0,Khác,Switched,1,1,1,1,1
370,2025,500,0,0,,,,0,1,0,1,0
370,2025,600,0,0,,,,0,1,0,1,0
370,2025,700,0,0,,,,1,1,0,1,0
371,2025,100,0,0,,,,1,1,1,1,0
371,2025,200,0,0,,,,1,1,1,1,1
371,2025,300,1,1,200.0,Olong Tea Plus,Switched,1,1,1,1,1
371,2025,400,0,0,,,,0,0,1,1,0
371,2025,500,0,0,,,,0,0,0,0,0
371,2025,600,0,0,,,,0,0,0,1,0
371,2025,700,0,0,,,,0,0,0,1,0
372,2025,100,0,0,,,,0,1,0,1,0
372,2025,200,1,1,,,No Previous Data,1,1,1,1,1
372,2025,300,0,0,,,,0,1,1,1,0
372,2025,400,0,0,,,,1,1,0,1,0
372,2025,500,0,0,,,,0,0,0,0,0
372,2025,600,0,0,,,,0,0,0,0,0
372,2025,700,0,0,,,,0,1,1,1,0
373,2025,100,0,0,,,,0,1,0,1,0
373,2025,200,1,1,,,No Previous Data,1,1,1,1,1
373,2025,300,0,0,,,,0,1,1,1,0
373,2025,400,0,0,,,,0,0,1,1,0
373,2025,500,0,0,,,,0,0,0,0,0
373,2025,600,0,0,,,,0,0,0,0,0
373,2025,700,0,0,,,,0,1,0,1,0
374,2025,100,0,0,,,,0,1,1,1,0
374,2025,200,1,1,,,No Previous Data,1,1,1,1,1
374,2025,300,0,0,,,,0,1,1,1,0
374,2025,400,0,0,,,,0,0,0,1,0
374,2025,500,0,0,,,,0,0,0,0,0
374,2025,600,0,0,,,,0,0,0,1,0
374,2025,700,0,0,,,,0,0,0,1,0
375,2025,100,0,0,,,,0,1,1,1,0
375,2025,200,0,0,,,,0,1,0,1,0
375,2025,300,1,0,,,,0,1,1,1,0
375,2025,400,0,0,,,,0,1,1,1,0
375,2025,500,0,0,,,,0,0,0,0,0
375,2025,600,0,0,,,,0,0,0,0,0
375,2025,700,0,1,,,No Previous Data,1,1,1,1,0
376,2025,100,0,0,,,,1,1,0,1,1
376,2025,200,1,1,,,No Previous Data,1,1,1,1,1
376,2025,300,0,0,,,,0,1,0,1,0
376,2025,400,0,0,,,,1,1,1,1,1
376,2025,500,0,0,,,,0,0,0,0,0
376,2025,600,0,0,,,,0,0,0,1,0
376,2025,700,0,0,,,,0,0,0,0,0
377,2025,100,0,0,,,,1,1,1,1,0
377,2025,200,1,1,,,No Previous Data,1,1,1,1,1
377,2025,300,0,0,,,,0,0,0,1,0
377,2025,400,0,0,,,,0,0,1,1,0
377,2025,500,0,0,,,,0,0,0,0,0
377,2025,600,0,0,,,,0,0,0,1,0
377,2025,700,0,0,,,,0,0,0,0,0
378,2025,100,0,0,,,,0,1,0,1,0
378,2025,200,1,1,,,No Previous Data,1,1,1,1,1
378,2025,300,0,0,,,,0,1,1,1,0
378,2025,400,0,0,,,,1,0,1,1,0
378,2025,500,0,0,,,,0,0,0,0,0
378,2025,600,0,0,,,,0,0,0,1,0
378,2025,700,0,0,,,,1,1,1,1,0
379,2025,100,1,1,,,No Previous Data,1,1,1,1,1
379,2025,200,0,0,,,,1,1,1,1,1
379,2025,300,0,0,,,,0,0,0,1,0
379,2025,400,0,0,,,,1,1,1,1,1
379,2025,500,0,0,,,,0,0,0,1,0
379,2025,600,0,0,,,,0,0,0,1,0
379,2025,700,0,0,,,,0,0,0,1,0
380,2025,100,0,0,,,,0,1,0,1,0
380,2025,200,1,1,,,No Previous Data,1,1,1,1,1
380,2025,300,0,0,,,,0,1,0,1,0
380,2025,400,0,0,,,,1,1,1,1,1
380,2025,500,0,0,,,,0,0,0,0,0
380,2025,600,0,0,,,,0,0,0,0,0
380,2025,700,0,0,,,,0,1,1,1,0
381,2025,100,1,1,,,No Previous Data,1,1,1,1,1
381,2025,200,0,0,,,,1,1,1,1,1
381,2025,300,0,0,,,,0,0,1,1,0
381,2025,400,0,0,,,,0,0,0,1,0
381,2025,500,0,0,,,,0,0,0,0,0
381,2025,600,0,0,,,,0,0,0,1,0
381,2025,700,0,0,,,,0,0,0,1,0
382,2025,100,1,1,,,No Previous Data,1,1,1,1,1
382,2025,200,0,0,,,,1,1,1,1,1
382,2025,300,0,0,,,,0,0,0,1,0
382,2025,400,0,0,,,,0,0,0,1,0
382,2025,500,0,0,,,,0,0,0,0,0
382,2025,600,0,0,,,,0,0,0,1,0
382,2025,700,0,0,,,,0,0,0,1,0
383,2025,100,0,0,,,,1,1,1,1,1
383,2025,200,1,1,,,No Previous Data,1,1,1,1,1
383,2025,300,0,0,,,,0,1,0,1,0
383,2025,400,0,0,,,,0,0,0,1,0
383,2025,500,0,0,,,,0,1,0,1,0
383,2025,600,0,0,,,,0,1,0,1,0
383,2025,700,0,0,,,,0,0,0,0,0
384,2025,100,0,0,,,,0,0,1,1,0
384,2025,200,1,1,,,No Previous Data,1,1,1,1,1
384,2025,300,0,0,,,,1,0,0,1,0
384,2025,400,0,0,,,,1,1,1,1,1
384,2025,500,0,0,,,,0,0,0,0,0
384,2025,600,0,0,,,,0,0,0,1,0
384,2025,700,0,0,,,,0,1,0,1,0
385,2025,100,0,0,,,,0,0,0,1,0
385,2025,200,0,1,,,No Previous Data,1,1,1,1,1
385,2025,300,0,0,,,,1,0,0,1,0
385,2025,400,1,0,,,,1,1,1,1,1
385,2025,500,0,0,,,,0,0,0,0,0
385,2025,600,0,0,,,,0,0,0,1,0
385,2025,700,0,0,,,,0,1,0,1,0
386,2025,100,0,0,,,,1,1,1,1,1
386,2025,200,1,1,,,No Previous Data,1,1,1,1,1
386,2025,300,0,0,,,,0,0,0,1,0
386,2025,400,0,0,,,,0,0,0,1,0
386,2025,500,0,0,,,,0,0,0,1,0
386,2025,600,0,0,,,,0,0,0,1,0
386,2025,700,0,0,,,,0,0,0,1,0
387,2025,100,1,1,,,No Previous Data,1,1,1,1,1
387,2025,200,0,0,,,,1,1,1,1,1
387,2025,300,0,0,,,,0,0,0,1,0
387,2025,400,0,0,,,,0,0,1,1,0
387,2025,500,0,0,,,,0,0,0,1,0
387,2025,600,0,0,,,,0,0,0,1,0
387,2025,700,0,0,,,,0,0,0,1,0
388,2025,100,1,1,200.0,Olong Tea Plus,Switched,1,1,1,1,1
388,2025,200,0,0,,,,0,1,0,1,0
388,2025,300,0,0,,,,0,0,0,0,0
388,2025,400,0,0,,,,0,0,0,0,0
388,2025,500,0,0,,,,0,0,0,0,0
388,2025,600,0,0,,,,0,0,0,0,0
388,2025,700,0,0,,,,0,0,0,0,0
389,2025,100,1,1,300.0,Không Độ,Switched,1,1,1,1,1
389,2025,200,0,0,,,,0,0,0,1,0
389,2025,300,0,0,,,,1,0,0,1,0
389,2025,400,0,0,,,,0,0,0,0,0
389,2025,500,0,0,,,,1,1,0,1,1
389,2025,600,0,0,,,,0,0,0,0,0
389,2025,700,0,0,,,,0,1,0,1,0
390,2025,100,0,0,,,,0,0,1,1,0
390,2025,200,1,0,,,,1,1,1,1,1
390,2025,300,0,1,200.0,Olong Tea Plus,Switched,1,1,1,1,1
390,2025,400,0,0,,,,0,1,1,1,0
390,2025,500,0,0,,,,0,0,0,0,0
390,2025,600,0,0,,,,0,1,0,1,0
390,2025,700,0,0,,,,0,0,0,0,0
391,2025,100,1,1,,,No Previous Data,1,1,1,1,1
391,2025,200,0,0,,,,1,1,1,1,1
391,2025,300,0,0,,,,0,0,0,1,0
391,2025,400,0,0,,,,0,0,1,1,0
391,2025,500,0,0,,,,0,0,0,1,0
391,2025,600,0,0,,,,0,0,0,1,0
391,2025,700,0,0,,,,0,0,0,1,0
392,2025,100,1,1,,,No Previous Data,1,1,1,1,1
392,2025,200,0,0,,,,1,1,1,1,1
392,2025,300,0,0,,,,0,0,0,1,0
392,2025,400,0,0,,,,0,0,0,1,0
392,2025,500,0,0,,,,0,0,0,1,0
392,2025,600,0,0,,,,0,0,0,1,0
392,2025,700,0,0,,,,0,0,0,1,0
393,2025,100,0,0,,,,0,1,1,1,0
393,2025,200,0,0,,,,0,0,0,1,0
393,2025,300,1,1,700.0,Khác,Switched,1,1,1,1,1
393,2025,400,0,0,,,,0,0,0,1,0
393,2025,500,0,0,,,,1,1,0,1,1
393,2025,600,0,0,,,,0,0,0,1,0
393,2025,700,0,0,,,,0,0,0,1,0
394,2025,100,1,1,,,No Previous Data,1,1,1,1,1
394,2025,200,0,0,,,,0,0,1,1,0
394,2025,300,0,0,,,,0,0,0,1,0
394,2025,400,0,0,,,,0,0,0,1,0
394,2025,500,0,0,,,,0,0,0,0,0
394,2025,600,0,0,,,,0,0,0,1,0
394,2025,700,0,0,,,,0,0,0,1,0
395,2025,100,1,1,,,No Previous Data,1,1,1,1,1
395,2025,200,0,0,,,,1,1,1,1,1
395,2025,300,0,0,,,,0,0,0,1,0
395,2025,400,0,0,,,,0,0,1,1,0
395,2025,500,0,0,,,,0,0,0,0,0
395,2025,600,0,0,,,,0,0,0,1,0
395,2025,700,0,0,,,,0,0,0,1,0
396,2025,100,1,0,,,,1,1,1,1,1
396,2025,200,0,1,100.0,C2,Switched,1,1,0,1,1
396,2025,300,0,0,,,,0,0,1,1,0
396,2025,400,0,0,,,,0,0,0,0,0
396,2025,500,0,0,,,,0,0,0,1,0
396,2025,600,0,0,,,,0,0,0,0,0
396,2025,700,0,0,,,,0,1,0,1,0
397,2025,100,0,1,300.0,Không Độ,Switched,1,1,1,1,1
397,2025,200,0,0,,,,0,0,1,1,0
397,2025,300,1,0,,,,1,1,1,1,1
397,2025,400,0,0,,,,0,0,1,1,0
397,2025,500,0,0,,,,1,1,0,1,1
397,2025,600,0,0,,,,1,1,1,1,1
397,2025,700,0,0,,,,0,1,0,1,0
398,2025,100,0,0,,,,1,1,1,1,1
398,2025,200,1,1,,,No Previous Data,1,1,1,1,1
398,2025,300,0,0,,,,1,1,0,1,0
398,2025,400,0,0,,,,0,0,0,1,0
398,2025,500,0,0,,,,0,0,0,0,0
398,2025,600,0,0,,,,0,0,0,1,0
398,2025,700,0,0,,,,0,0,0,0,0
399,2025,100,1,1,200.0,Olong Tea Plus,Switched,1,1,1,1,1
399,2025,200,0,0,,,,0,1,0,1,0
399,2025,300,0,0,,,,0,0,0,0,0
399,2025,400,0,0,,,,0,0,0,0,0
399,2025,500,0,0,,,,0,0,0,0,0
399,2025,600,0,0,,,,0,0,0,0,0
399,2025,700,0,0,,,,0,0,0,0,0
400,2025,100,0,0,,,,0,1,0,1,0
400,2025,200,1,1,100.0,C2,Switched,1,1,1,1,1
400,2025,300,0,0,,,,0,0,0,0,0
400,2025,400,0,0,,,,0,0,0,0,0
400,2025,500,0,0,,,,0,0,0,0,0
400,2025,600,0,0,,,,0,0,0,0,0
400,2025,700,0,0,,,,0,0,0,0,0
401,2025,100,0,0,,,,0,0,0,0,0
401,2025,200,0,0,,,,1,1,1,1,1
401,2025,300,1,1,200.0,Olong Tea Plus,Switched,1,1,1,1,1
401,2025,400,0,0,,,,1,1,0,1,1
401,2025,500,0,0,,,,0,1,0,1,0
401,2025,600,0,0,,,,0,0,0,0,0
401,2025,700,0,0,,,,0,0,0,1,0
402,2025,100,0,0,,,,0,1,1,1,0
402,2025,200,1,1,,,No Previous Data,1,1,1,1,1
402,2025,300,0,0,,,,0,0,0,0,0
402,2025,400,0,0,,,,0,0,0,1,0
402,2025,500,0,0,,,,0,1,0,1,0
402,2025,600,0,0,,,,0,0,0,0,0
402,2025,700,0,0,,,,0,0,0,0,0
403,2025,100,0,0,,,,0,0,1,1,0
403,2025,200,1,1,,,No Previous Data,1,1,1,1,1
403,2025,300,0,0,,,,0,1,1,1,0
403,2025,400,0,0,,,,0,0,0,1,0
403,2025,500,0,0,,,,0,0,0,0,0
403,2025,600,0,0,,,,0,0,0,1,0
403,2025,700,0,0,,,,0,0,0,1,0
404,2025,100,1,1,,,No Previous Data,1,1,1,1,1
404,2025,200,0,0,,,,1,0,1,1,0
404,2025,300,0,0,,,,0,0,0,1,0
404,2025,400,0,0,,,,0,0,1,1,0
404,2025,500,0,0,,,,0,0,0,1,0
404,2025,600,0,0,,,,0,0,0,1,0
404,2025,700,0,0,,,,0,0,0,1,0
405,2025,100,0,0,,,,0,0,1,1,0
405,2025,200,1,1,,,No Previous Data,1,1,1,1,1
405,2025,300,0,0,,,,0,1,0,1,0
405,2025,400,0,0,,,,0,0,0,1,0
405,2025,500,0,0,,,,0,0,0,0,0
405,2025,600,0,0,,,,0,0,0,0,0
405,2025,700,0,0,,,,0,0,0,1,0
406,2025,100,1,1,,,No Previous Data,1,1,1,1,1
406,2025,200,0,0,,,,1,1,0,1,0
406,2025,300,0,0,,,,0,0,0,1,0
406,2025,400,0,0,,,,1,1,1,1,1
406,2025,500,0,0,,,,0,0,0,0,0
406,2025,600,0,0,,,,0,0,0,1,0
406,2025,700,0,0,,,,0,0,0,0,0
407,2025,100,0,0,,,,1,1,1,1,0
407,2025,200,0,0,,,,0,1,1,1,0
407,2025,300,0,0,,,,0,1,0,1,0
407,2025,400,0,0,,,,0,1,1,1,0
407,2025,500,1,1,100.0,C2,Switched,1,1,1,1,1
407,2025,600,0,0,,,,0,0,0,0,0
407,2025,700,0,0,,,,0,0,0,0,0
408,2025,100,1,1,,,No Previous Data,1,1,1,1,1
408,2025,200,0,0,,,,0,1,1,1,0
408,2025,300,0,0,,,,0,1,0,1,0
408,2025,400,0,0,,,,1,1,1,1,1
408,2025,500,0,0,,,,0,0,0,0,0
408,2025,600,0,0,,,,0,1,0,1,0
408,2025,700,0,0,,,,0,1,0,1,0
409,2025,100,1,0,,,,1,1,1,1,1
409,2025,200,0,1,,,No Previous Data,1,1,1,1,1
409,2025,300,0,0,,,,0,0,0,1,0
409,2025,400,0,0,,,,0,0,0,1,0
409,2025,500,0,0,,,,0,0,0,1,0
409,2025,600,0,0,,,,0,0,0,1,0
409,2025,700,0,0,,,,0,1,0,1,0
410,2025,100,0,0,,,,0,0,1,1,0
410,2025,200,1,1,,,No Previous Data,1,1,1,1,1
410,2025,300,0,0,,,,1,1,0,1,0
410,2025,400,0,0,,,,1,1,0,1,1
410,2025,500,0,0,,,,0,0,0,1,0
410,2025,600,0,0,,,,0,1,0,1,0
410,2025,700,0,0,,,,0,1,0,1,0
411,2025,100,0,0,,,,0,0,0,1,0
411,2025,200,0,0,,,,0,0,1,1,0
411,2025,300,1,1,,,No Previous Data,1,1,1,1,1
411,2025,400,0,0,,,,0,0,0,1,0
411,2025,500,0,0,,,,0,0,0,0,0
411,2025,600,0,0,,,,0,0,0,0,0
411,2025,700,0,0,,,,0,1,0,1,0
412,2025,100,0,0,,,,0,1,1,1,0
412,2025,200,0,0,,,,0,1,1,1,0
412,2025,300,1,1,,,No Previous Data,1,1,1,1,1
412,2025,400,0,0,,,,0,1,0,1,0
412,2025,500,0,0,,,,0,0,0,0,0
412,2025,600,0,0,,,,0,0,0,1,0
412,2025,700,0,0,,,,0,1,0,1,0
413,2025,100,1,1,,,No Previous Data,1,1,1,1,1
413,2025,200,0,0,,,,1,1,1,1,1
413,2025,300,0,0,,,,0,1,1,1,0
413,2025,400,0,0,,,,0,0,0,1,0
413,2025,500,0,0,,,,0,0,0,0,0
413,2025,600,0,0,,,,0,0,0,1,0
413,2025,700,0,0,,,,0,1,0,1,0
414,2025,100,0,0,,,,0,0,0,1,0
414,2025,200,1,1,300.0,Không Độ,Switched,1,1,1,1,1
414,2025,300,0,0,,,,0,1,1,1,0
414,2025,400,0,0,,,,1,1,0,1,1
414,2025,500,0,0,,,,0,0,0,1,0
414,2025,600,0,0,,,,0,1,0,1,0
414,2025,700,0,0,,,,0,1,0,1,0
415,2025,100,0,0,,,,1,1,0,1,0
415,2025,200,0,0,,,,0,0,0,1,0
415,2025,300,1,1,,,No Previous Data,1,1,1,1,1
415,2025,400,0,0,,,,1,1,1,1,1
415,2025,500,0,0,,,,0,0,0,0,0
415,2025,600,0,0,,,,0,0,0,1,0
415,2025,700,0,0,,,,0,0,0,0,0
416,2025,100,0,0,,,,0,1,1,1,0
416,2025,200,1,1,,,No Previous Data,1,1,1,1,1
416,2025,300,0,0,,,,0,1,0,1,0
416,2025,400,0,0,,,,0,0,1,1,0
416,2025,500,0,0,,,,0,0,0,1,0
416,2025,600,0,0,,,,0,0,0,1,0
416,2025,700,0,0,,,,1,1,0,1,1
417,2025,100,0,0,,,,0,0,0,1,0
417,2025,200,1,1,,,No Previous Data,1,1,1,1,1
417,2025,300,0,0,,,,0,1,1,1,0
417,2025,400,0,0,,,,0,0,0,1,0
417,2025,500,0,0,,,,0,0,0,0,0
417,2025,600,0,0,,,,0,0,0,0,0
417,2025,700,0,0,,,,0,0,0,1,0
418,2025,100,0,0,,,,0,1,1,1,0
418,2025,200,1,1,600.0,Dr. Thanh,Switched,1,1,1,1,1
418,2025,300,0,0,,,,0,1,0,1,0
418,2025,400,0,0,,,,1,0,1,1,0
418,2025,500,0,0,,,,0,0,0,0,0
418,2025,600,0,0,,,,0,0,0,1,0
418,2025,700,0,0,,,,0,0,0,1,0
419,2025,100,1,1,200.0,Olong Tea Plus,Switched,1,1,1,1,1
419,2025,200,0,0,,,,1,1,1,1,0
419,2025,300,0,0,,,,0,1,0,1,0
419,2025,400,0,0,,,,0,1,1,1,0
419,2025,500,0,0,,,,0,0,0,0,0
419,2025,600,0,0,,,,0,0,0,1,0
419,2025,700,0,0,,,,0,0,0,1,0
420,2025,100,0,0,,,,0,0,0,1,0
420,2025,200,1,1,,,No Previous Data,1,1,1,1,1
420,2025,300,0,0,,,,1,1,1,1,1
420,2025,400,0,0,,,,1,1,1,1,1
420,2025,500,0,0,,,,0,0,0,0,0
420,2025,600,0,0,,,,0,0,0,1,0
420,2025,700,0,0,,,,0,1,0,1,0
421,2025,100,0,0,,,,0,0,0,1,0
421,2025,200,1,1,,,No Previous Data,1,1,1,1,1
421,2025,300,0,0,,,,0,0,0,1,0
421,2025,400,0,0,,,,1,0,1,1,0
421,2025,500,0,0,,,,0,0,0,1,0
421,2025,600,0,0,,,,0,0,0,1,0
421,2025,700,0,0,,,,0,0,0,1,0
422,2025,100,1,1,,,No Previous Data,1,1,1,1,1
422,2025,200,0,0,,,,0,1,1,1,0
422,2025,300,0,0,,,,0,1,0,1,0
422,2025,400,0,0,,,,0,0,0,1,0
422,2025,500,0,0,,,,0,0,0,0,0
422,2025,600,0,0,,,,0,0,0,1,0
422,2025,700,0,0,,,,0,1,0,1,0
423,2025,100,1,1,200.0,Olong Tea Plus,Switched,1,1,1,1,1
423,2025,200,0,0,,,,1,0,1,1,0
423,2025,300,0,0,,,,0,0,1,1,0
423,2025,400,0,0,,,,0,0,0,1,0
423,2025,500,0,0,,,,0,0,0,1,0
423,2025,600,0,0,,,,1,1,0,1,1
423,2025,700,0,0,,,,1,1,0,1,0
424,2025,100,0,0,,,,0,0,0,1,0
424,2025,200,0,0,,,,1,1,1,1,1
424,2025,300,0,0,,,,1,1,0,1,0
424,2025,400,1,1,,,No Previous Data,1,1,1,1,1
424,2025,500,0,0,,,,0,0,0,0,0
424,2025,600,0,0,,,,0,0,0,1,0
424,2025,700,0,0,,,,0,0,0,0,0
425,2025,100,0,0,,,,0,1,1,1,0
425,2025,200,1,1,,,No Previous Data,1,1,1,1,1
425,2025,300,0,0,,,,0,1,1,1,0
425,2025,400,0,0,,,,0,1,0,1,0
425,2025,500,0,0,,,,0,0,0,0,0
425,2025,600,0,0,,,,0,0,0,1,0
425,2025,700,0,0,,,,0,1,0,1,0
426,2025,100,0,0,,,,0,0,0,1,0
426,2025,200,0,0,,,,0,0,1,1,0
426,2025,300,0,0,,,,1,0,1,1,0
426,2025,400,1,1,,,No Previous Data,1,1,1,1,1
426,2025,500,0,0,,,,0,0,0,0,0
426,2025,600,0,0,,,,0,0,0,1,0
426,2025,700,0,0,,,,0,0,0,1,0
427,2025,100,1,1,,,No Previous Data,1,1,1,1,1
427,2025,200,0,0,,,,1,1,0,1,0
427,2025,300,0,0,,,,1,1,1,1,1
427,2025,400,0,0,,,,0,0,0,1,0
427,2025,500,0,0,,,,0,0,0,0,0
427,2025,600,0,0,,,,0,0,0,1,0
427,2025,700,0,0,,,,0,0,0,0,0
428,2025,100,0,0,,,,0,0,1,1,0
428,2025,200,1,1,,,No Previous Data,1,1,1,1,1
428,2025,300,0,0,,,,0,0,0,1,0
428,2025,400,0,0,,,,0,0,1,1,0
428,2025,500,0,0,,,,0,1,0,1,0
428,2025,600,0,0,,,,0,0,0,1,0
428,2025,700,0,0,,,,0,0,0,0,0
429,2025,100,0,0,,,,0,0,0,1,0
429,2025,200,0,0,,,,1,1,0,1,0
429,2025,300,1,1,,,No Previous Data,1,1,1,1,1
429,2025,400,0,0,,,,1,1,1,1,1
429,2025,500,0,0,,,,0,0,0,0,0
429,2025,600,0,0,,,,0,0,0,1,0
429,2025,700,0,0,,,,0,0,0,0,0
430,2025,100,1,1,200.0,Olong Tea Plus,Switched,1,1,1,1,1
430,2025,200,0,0,,,,0,0,1,1,0
430,2025,300,0,0,,,,0,0,0,1,0
430,2025,400,0,0,,,,0,0,1,1,0
430,2025,500,0,0,,,,0,0,0,0,0
430,2025,600,0,0,,,,0,0,0,1,0
430,2025,700,0,0,,,,0,0,0,1,0
431,2025,100,1,1,600.0,Dr. Thanh,Switched,1,1,1,1,1
431,2025,200,0,0,,,,1,1,1,1,1
431,2025,300,0,0,,,,0,0,0,1,0
431,2025,400,0,0,,,,0,0,1,1,0
431,2025,500,0,0,,,,0,0,0,0,0
431,2025,600,0,0,,,,0,0,0,1,0
431,2025,700,0,0,,,,0,0,0,1,0
432,2025,100,0,0,,,,1,1,1,1,1
432,2025,200,1,1,,,No Previous Data,1,1,1,1,1
432,2025,300,0,0,,,,0,0,0,1,0
432,2025,400,0,0,,,,1,1,0,1,0
432,2025,500,0,0,,,,0,0,0,0,0
432,2025,600,0,0,,,,0,0,0,1,0
432,2025,700,0,0,,,,0,0,0,1,0
433,2025,100,0,0,,,,1,1,1,1,1
433,2025,200,0,0,,,,0,0,1,1,0
433,2025,300,0,0,,,,0,0,0,1,0
433,2025,400,0,0,,,,0,0,1,1,0
433,2025,500,0,0,,,,0,0,0,0,0
433,2025,600,0,0,,,,0,0,0,1,0
433,2025,700,1,1,,,No Previous Data,1,1,1,1,1
434,2025,100,0,0,,,,1,1,0,1,1
434,2025,200,1,1,100.0,C2,Switched,1,1,1,1,1
434,2025,300,0,0,,,,0,0,0,1,0
434,2025,400,0,0,,,,0,0,0,1,0
434,2025,500,0,0,,,,0,0,0,1,0
434,2025,600,0,0,,,,1,0,0,1,0
434,2025,700,0,0,,,,0,0,0,1,0
435,2025,100,0,0,,,,0,1,0,1,0
435,2025,200,1,1,,,No Previous Data,1,1,1,1,1
435,2025,300,0,0,,,,0,1,1,1,0
435,2025,400,0,0,,,,0,0,1,1,0
435,2025,500,0,0,,,,0,0,0,0,0
435,2025,600,0,0,,,,0,0,0,1,0
435,2025,700,0,0,,,,1,1,1,1,0
436,2025,100,0,0,,,,1,1,1,1,0
436,2025,200,0,0,,,,0,1,0,1,0
436,2025,300,0,0,,,,0,1,1,1,0
436,2025,400,1,1,100.0,C2,Switched,1,1,1,1,1
436,2025,500,0,0,,,,0,0,0,1,0
436,2025,600,0,0,,,,0,0,0,1,0
436,2025,700,0,0,,,,0,1,0,1,0
437,2025,100,0,0,,,,0,1,0,1,0
437,2025,200,0,0,,,,0,1,1,1,0
437,2025,300,1,1,,,No Previous Data,1,1,1,1,1
437,2025,400,0,0,,,,0,1,1,1,0
437,2025,500,0,0,,,,0,0,0,0,0
437,2025,600,0,0,,,,0,0,0,1,0
437,2025,700,0,0,,,,0,0,0,1,0
438,2025,100,0,0,,,,0,1,1,1,0
438,2025,200,1,0,,,,1,1,1,1,1
438,2025,300,0,1,,,No Previous Data,1,1,1,1,1
438,2025,400,0,0,,,,0,0,1,1,0
438,2025,500,0,0,,,,0,0,0,1,0
438,2025,600,0,0,,,,0,1,0,1,0
438,2025,700,0,0,,,,0,0,0,1,0
439,2025,100,1,1,,,No Previous Data,1,1,1,1,1
439,2025,200,0,0,,,,0,0,1,1,0
439,2025,300,0,0,,,,0,0,0,1,0
439,2025,400,0,0,,,,0,0,0,1,0
439,2025,500,0,0,,,,0,0,0,0,0
439,2025,600,0,0,,,,1,0,0,1,0
439,2025,700,0,0,,,,1,1,0,1,0
440,2025,100,0,0,,,,0,1,1,1,0
440,2025,200,0,0,,,,1,1,1,1,0
440,2025,300,1,1,,,No Previous Data,1,1,1,1,1
440,2025,400,0,0,,,,0,0,0,1,0
440,2025,500,0,0,,,,0,0,0,0,0
440,2025,600,0,0,,,,0,0,0,1,0
440,2025,700,0,0,,,,0,0,0,0,0
441,2025,100,1,1,,,No Previous Data,1,1,1,1,1
441,2025,200,0,0,,,,1,1,1,1,1
441,2025,300,0,0,,,,0,0,0,1,0
441,2025,400,0,0,,,,0,0,1,1,0
441,2025,500,0,0,,,,0,0,0,1,0
441,2025,600,0,0,,,,1,0,0,1,0
441,2025,700,0,0,,,,1,0,0,1,0
442,2025,100,1,1,,,No Previous Data,1,1,1,1,1
442,2025,200,0,0,,,,1,1,1,1,0
442,2025,300,0,0,,,,0,1,1,1,0
442,2025,400,0,0,,,,0,1,0,1,0
442,2025,500,0,0,,,,0,0,0,0,0
442,2025,600,0,0,,,,0,0,0,1,0
442,2025,700,0,0,,,,0,1,0,1,0
443,2025,100,0,0,,,,1,1,1,1,1
443,2025,200,1,1,,,No Previous Data,1,1,1,1,1
443,2025,300,0,0,,,,0,0,0,1,0
443,2025,400,0,0,,,,0,0,0,1,0
443,2025,500,0,0,,,,0,0,0,0,0
443,2025,600,0,0,,,,0,0,0,1,0
443,2025,700,0,0,,,,0,0,0,1,0
444,2025,100,0,0,,,,1,0,1,1,0
444,2025,200,0,0,,,,0,0,0,1,0
444,2025,300,0,0,,,,1,1,1,1,1
444,2025,400,1,1,600.0,Dr. Thanh,Switched,1,1,1,1,1
444,2025,500,0,0,,,,1,1,1,1,0
444,2025,600,0,0,,,,0,0,0,1,0
444,2025,700,0,0,,,,1,1,0,1,0
445,2025,100,1,1,400.0,Cozy,Switched,1,1,1,1,1
445,2025,200,0,0,,,,1,0,1,1,0
445,2025,300,0,0,,,,0,1,0,1,0
445,2025,400,0,0,,,,0,0,1,1,0
445,2025,500,0,0,,,,0,0,0,0,0
445,2025,600,0,0,,,,0,1,0,1,0
445,2025,700,0,0,,,,0,1,0,1,0
446,2025,100,1,1,,,No Previous Data,1,1,1,1,1
446,2025,200,0,0,,,,0,0,1,1,0
446,2025,300,0,0,,,,1,1,0,1,0
446,2025,400,0,0,,,,0,0,1,1,0
446,2025,500,0,0,,,,0,0,0,0,0
446,2025,600,0,0,,,,0,0,0,1,0
446,2025,700,0,0,,,,0,1,0,1,0
447,2025,100,0,0,,,,1,1,1,1,1
447,2025,200,1,1,,,No Previous Data,1,1,1,1,1
447,2025,300,0,0,,,,0,0,0,1,0
447,2025,400,0,0,,,,0,0,1,1,0
447,2025,500,0,0,,,,0,0,0,1,0
447,2025,600,0,0,,,,1,1,0,1,0
447,2025,700,0,0,,,,0,0,0,1,0
448,2025,100,0,0,,,,0,0,1,1,0
448,2025,200,1,1,,,No Previous Data,1,1,1,1,1
448,2025,300,0,0,,,,0,0,0,1,0
448,2025,400,0,0,,,,0,0,1,1,0
448,2025,500,0,0,,,,0,1,0,1,0
448,2025,600,0,0,,,,0,0,0,1,0
448,2025,700,0,0,,,,1,0,1,1,0
449,2025,100,0,0,,,,1,1,1,1,1
449,2025,200,1,1,,,No Previous Data,1,1,1,1,1
449,2025,300,0,0,,,,0,0,1,1,0
449,2025,400,0,0,,,,0,0,0,1,0
449,2025,500,0,0,,,,0,0,0,1,0
449,2025,600,0,0,,,,1,0,0,1,0
449,2025,700,0,0,,,,0,0,0,1,0
450,2025,100,1,1,,,No Previous Data,1,1,1,1,1
450,2025,200,0,0,,,,1,1,1,1,0
450,2025,300,0,0,,,,0,0,0,1,0
450,2025,400,0,0,,,,0,0,1,1,0
450,2025,500,0,0,,,,0,0,0,0,0
450,2025,600,0,0,,,,0,0,0,1,0
450,2025,700,0,0,,,,0,0,0,0,0
451,2025,100,1,0,,,,0,0,1,1,0
451,2025,200,0,1,,,No Previous Data,1,1,1,1,1
451,2025,300,0,0,,,,1,1,1,1,1
451,2025,400,0,0,,,,0,0,1,1,0
451,2025,500,0,0,,,,0,0,0,1,0
451,2025,600,0,0,,,,0,0,0,1,0
451,2025,700,0,0,,,,0,0,0,1,0
452,2025,100,0,0,,,,1,1,1,1,1
452,2025,200,0,0,,,,1,0,0,1,0
452,2025,300,1,1,,,No Previous Data,1,1,1,1,1
452,2025,400,0,0,,,,0,0,0,1,0
452,2025,500,0,0,,,,0,0,0,0,0
452,2025,600,0,0,,,,0,0,0,1,0
452,2025,700,0,0,,,,0,0,0,0,0
453,2025,100,0,0,,,,1,1,1,1,0
453,2025,200,0,0,,,,0,1,1,1,0
453,2025,300,1,1,,,No Previous Data,1,1,1,1,1
453,2025,400,0,0,,,,0,0,0,1,0
453,2025,500,0,0,,,,0,0,0,0,0
453,2025,600,0,0,,,,0,1,0,1,0
453,2025,700,0,0,,,,0,0,0,0,0
454,2025,100,0,0,,,,1,1,1,1,0
454,2025,200,1,1,,,No Previous Data,1,1,1,1,1
454,2025,300,0,0,,,,0,0,0,1,0
454,2025,400,0,0,,,,0,0,1,1,0
454,2025,500,0,0,,,,0,0,0,0,0
454,2025,600,0,0,,,,0,0,0,1,0
454,2025,700,0,0,,,,0,0,0,0,0
455,2025,100,0,0,,,,0,0,0,0,0
455,2025,200,0,0,,,,0,0,0,0,0
455,2025,300,0,0,,,,0,0,0,0,0
455,2025,400,0,0,,,,0,0,0,0,0
455,2025,500,0,0,,,,0,0,0,0,0
455,2025,600,0,0,,,,0,0,0,0,0
455,2025,700,1,1,,,No Previous Data,1,1,1,1,1
456,2025,100,0,0,,,,1,0,0,1,0
456,2025,200,0,1,400.0,Cozy,Switched,1,1,0,1,1
456,2025,300,1,0,,,,0,0,1,1,0
456,2025,400,0,0,,,,1,1,0,1,0
456,2025,500,0,0,,,,0,1,0,1,0
456,2025,600,0,0,,,,1,1,0,1,1
456,2025,700,0,0,,,,0,0,0,0,0
457,2025,100,1,1,,,No Previous Data,1,1,1,1,1
457,2025,200,0,0,,,,0,0,1,1,0
457,2025,300,0,0,,,,0,0,0,1,0
457,2025,400,0,0,,,,1,1,1,1,1
457,2025,500,0,0,,,,0,0,0,0,0
457,2025,600,0,0,,,,0,0,0,1,0
457,2025,700,0,0,,,,0,0,0,1,0
458,2025,100,0,0,,,,1,1,1,1,1
458,2025,200,0,0,,,,0,0,0,1,0
458,2025,300,0,0,,,,1,1,0,1,0
458,2025,400,1,1,,,No Previous Data,1,1,1,1,1
458,2025,500,0,0,,,,0,0,0,0,0
458,2025,600,0,0,,,,0,0,0,1,0
458,2025,700,0,0,,,,0,0,0,1,0
459,2025,100,1,1,,,No Previous Data,1,1,1,1,1
459,2025,200,0,0,,,,0,0,1,1,0
459,2025,300,0,0,,,,0,0,1,1,0
459,2025,400,0,0,,,,0,0,0,1,0
459,2025,500,0,0,,,,0,0,0,0,0
459,2025,600,0,0,,,,1,1,0,1,0
459,2025,700,0,0,,,,1,1,0,1,0
460,2025,100,0,0,,,,0,1,1,1,0
460,2025,200,1,1,,,No Previous Data,1,1,1,1,1
460,2025,300,0,0,,,,0,0,0,0,0
460,2025,400,0,0,,,,0,1,1,1,0
460,2025,500,0,0,,,,0,1,0,1,0
460,2025,600,0,0,,,,0,1,0,1,0
460,2025,700,0,0,,,,0,0,0,0,0
461,2025,100,0,0,,,,0,0,1,1,0
461,2025,200,0,0,,,,0,0,0,1,0
461,2025,300,1,1,,,No Previous Data,1,1,1,1,1
461,2025,400,0,0,,,,0,0,1,1,0
461,2025,500,0,0,,,,1,1,0,1,0
461,2025,600,0,0,,,,0,0,0,1,0
461,2025,700,0,0,,,,1,0,0,1,0
462,2025,100,1,1,400.0,Cozy,Switched,1,1,1,1,1
462,2025,200,0,0,,,,1,1,1,1,0
462,2025,300,0,0,,,,0,0,0,0,0
462,2025,400,0,0,,,,0,1,0,1,0
462,2025,500,0,0,,,,0,0,0,0,0
462,2025,600,0,0,,,,0,0,0,1,0
462,2025,700,0,0,,,,0,0,0,0,0
463,2025,100,1,1,300.0,Không Độ,Switched,1,1,1,1,1
463,2025,200,0,0,,,,0,1,1,1,0
463,2025,300,0,0,,,,0,0,1,1,0
463,2025,400,0,0,,,,0,0,1,1,0
463,2025,500,0,0,,,,0,0,0,0,0
463,2025,600,0,0,,,,0,1,0,1,0
463,2025,700,0,0,,,,0,1,0,1,0
464,2025,100,1,1,,,No Previous Data,1,1,1,1,1
464,2025,200,0,0,,,,0,1,0,1,0
464,2025,300,0,0,,,,1,1,1,1,1
464,2025,400,0,0,,,,0,1,0,1,0
464,2025,500,0,0,,,,0,0,0,0,0
464,2025,600,0,0,,,,1,1,0,1,0
464,2025,700,0,0,,,,0,0,0,0,0
465,2025,100,1,1,,,No Previous Data,1,1,1,1,1
465,2025,200,0,0,,,,0,0,1,1,0
465,2025,300,0,0,,,,0,0,0,1,0
465,2025,400,0,0,,,,0,0,0,1,0
465,2025,500,0,0,,,,0,0,0,1,0
465,2025,600,0,0,,,,1,1,0,1,1
465,2025,700,0,0,,,,1,1,0,1,0
466,2025,100,0,0,,,,1,1,1,1,0
466,2025,200,0,0,,,,0,1,1,1,0
466,2025,300,1,1,,,No Previous Data,1,1,1,1,1
466,2025,400,0,0,,,,0,1,0,1,0
466,2025,500,0,0,,,,0,0,0,0,0
466,2025,600,0,0,,,,0,1,0,1,0
466,2025,700,0,0,,,,0,1,0,1,0
467,2025,100,0,0,,,,0,0,0,0,0
467,2025,200,0,0,,,,0,0,0,0,0
467,2025,300,1,1,,,No Previous Data,1,1,1,1,1
467,2025,400,0,0,,,,0,0,0,0,0
467,2025,500,0,0,,,,0,0,0,0,0
467,2025,600,0,0,,,,0,0,0,0,0
467,2025,700,0,0,,,,0,0,0,0,0
468,2025,100,0,0,,,,1,1,1,1,1
468,2025,200,0,0,,,,0,0,0,1,0
468,2025,300,1,1,,,No Previous Data,1,1,1,1,1
468,2025,400,0,0,,,,0,0,0,1,0
468,2025,500,0,0,,,,0,0,0,0,0
468,2025,600,0,0,,,,1,1,0,1,0
468,2025,700,0,0,,,,0,0,0,0,0
469,2025,100,0,0,,,,1,1,1,1,1
469,2025,200,0,0,,,,0,0,0,1,0
469,2025,300,1,1,200.0,Olong Tea Plus,Switched,1,1,1,1,1
469,2025,400,0,0,,,,0,0,0,1,0
469,2025,500,0,0,,,,0,0,0,0,0
469,2025,600,0,0,,,,0,1,0,1,0
469,2025,700,0,0,,,,0,1,0,1,0
470,2025,100,0,0,,,,1,1,1,1,0
470,2025,200,1,1,,,No Previous Data,1,1,1,1,1
470,2025,300,0,0,,,,0,0,0,0,0
470,2025,400,0,0,,,,0,0,1,1,0
470,2025,500,0,0,,,,0,0,0,1,0
470,2025,600,0,0,,,,0,0,0,0,0
470,2025,700,0,0,,,,0,0,0,0,0
471,2025,100,0,0,,,,0,1,1,1,0
471,2025,200,0,0,,,,0,1,1,1,0
471,2025,300,0,0,,,,0,0,0,0,0
471,2025,400,1,1,,,No Previous Data,1,1,1,1,1
471,2025,500,0,0,,,,0,1,0,1,0
471,2025,600,0,0,,,,0,0,0,0,0
471,2025,700,0,0,,,,0,0,0,0,0
472,2025,100,0,0,,,,0,1,1,1,0
472,2025,200,0,0,,,,1,1,1,1,0
472,2025,300,0,0,,,,0,1,0,1,0
472,2025,400,1,1,,,No Previous Data,1,1,1,1,1
472,2025,500,0,0,,,,0,0,0,0,0
472,2025,600,0,0,,,,0,1,0,1,0
472,2025,700,0,0,,,,0,1,0,1,0
473,2025,100,1,1,,,No Previous Data,1,1,1,1,1
473,2025,200,0,0,,,,0,0,1,1,0
473,2025,300,0,0,,,,0,0,1,1,0
473,2025,400,0,0,,,,0,0,0,1,0
473,2025,500,0,0,,,,0,0,0,0,0
473,2025,600,0,0,,,,0,0,0,1,0
473,2025,700,0,0,,,,0,0,0,1,0
474,2025,100,1,0,,,,1,1,1,1,1
474,2025,200,0,0,,,,1,1,0,1,0
474,2025,300,0,0,,,,0,0,1,1,0
474,2025,400,0,0,,,,0,0,0,1,0
474,2025,500,0,0,,,,1,1,0,1,1
474,2025,600,0,0,,,,0,0,0,1,0
474,2025,700,0,1,100.0,C2,Switched,1,1,0,1,1
475,2025,100,1,1,200.0,Olong Tea Plus,Switched,1,1,1,1,1
475,2025,200,0,0,,,,1,1,1,1,0
475,2025,300,0,0,,,,0,0,0,0,0
475,2025,400,0,0,,,,0,0,1,1,0
475,2025,500,0,0,,,,0,0,0,0,0
475,2025,600,0,0,,,,0,0,0,0,0
475,2025,700,0,0,,,,0,0,0,0,0
476,2025,100,0,0,,,,0,0,1,1,0
476,2025,200,0,0,,,,0,0,1,1,0
476,2025,300,1,1,,,No Previous Data,1,1,1,1,1
476,2025,400,0,0,,,,0,0,0,0,0
476,2025,500,0,0,,,,0,0,0,1,0
476,2025,600,0,0,,,,0,0,0,1,0
476,2025,700,0,0,,,,1,1,0,1,0
477,2025,100,1,1,,,No Previous Data,1,1,1,1,1
477,2025,200,0,0,,,,0,0,0,1,0
477,2025,300,0,0,,,,0,0,0,1,0
477,2025,400,0,0,,,,0,0,0,1,0
477,2025,500,0,0,,,,0,1,0,1,0
477,2025,600,0,0,,,,1,0,0,1,0
477,2025,700,0,0,,,,1,1,1,1,1
478,2025,100,0,0,,,,1,1,1,1,0
478,2025,200,1,1,,,No Previous Data,1,1,1,1,1
478,2025,300,0,0,,,,0,1,1,1,0
478,2025,400,0,0,,,,1,1,1,1,1
478,2025,500,0,0,,,,0,1,0,1,0
478,2025,600,0,0,,,,0,0,0,1,0
478,2025,700,0,0,,,,0,0,0,1,0
479,2025,100,0,0,,,,0,1,0,1,0
479,2025,200,1,1,,,No Previous Data,1,1,1,1,1
479,2025,300,0,0,,,,0,1,1,1,0
479,2025,400,0,0,,,,0,0,0,1,0
479,2025,500,0,0,,,,0,0,0,1,0
479,2025,600,0,0,,,,1,0,1,1,0
479,2025,700,0,0,,,,0,0,0,1,0
480,2025,100,0,0,,,,0,1,0,1,0
480,2025,200,1,1,,,No Previous Data,1,1,1,1,1
480,2025,300,0,0,,,,1,1,1,1,0
480,2025,400,0,0,,,,1,1,1,1,0
480,2025,500,0,0,,,,0,0,0,0,0
480,2025,600,0,0,,,,0,1,0,1,0
480,2025,700,0,0,,,,1,1,1,1,0
481,2025,100,1,1,,,No Previous Data,1,1,1,1,1
481,2025,200,0,0,,,,0,1,1,1,0
481,2025,300,0,0,,,,0,0,0,0,0
481,2025,400,0,0,,,,0,1,0,1,0
481,2025,500,0,0,,,,0,1,0,1,0
481,2025,600,0,0,,,,0,0,0,0,0
481,2025,700,0,0,,,,0,1,1,1,0
482,2025,100,0,0,,,,1,1,1,1,1
482,2025,200,1,1,,,No Previous Data,1,1,1,1,1
482,2025,300,0,0,,,,1,1,1,1,0
482,2025,400,0,0,,,,0,0,0,1,0
482,2025,500,0,0,,,,0,1,0,1,0
482,2025,600,0,0,,,,0,1,0,1,0
482,2025,700,0,0,,,,0,1,0,1,0
483,2025,100,1,1,300.0,Không Độ,Switched,1,1,1,1,1
483,2025,200,0,0,,,,0,0,0,1,0
483,2025,300,0,0,,,,0,0,1,1,0
483,2025,400,0,0,,,,0,0,0,1,0
483,2025,500,0,0,,,,0,0,0,1,0
483,2025,600,0,0,,,,0,1,0,1,0
483,2025,700,0,0,,,,1,1,1,1,1
484,2025,100,0,0,,,,1,1,0,1,0
484,2025,200,1,1,,,No Previous Data,1,1,1,1,1
484,2025,300,0,0,,,,1,1,1,1,1
484,2025,400,0,0,,,,0,0,0,1,0
484,2025,500,0,0,,,,0,0,0,0,0
484,2025,600,0,0,,,,0,0,0,1,0
484,2025,700,0,0,,,,0,0,0,0,0
485,2025,100,0,0,,,,1,0,1,1,0
485,2025,200,0,0,,,,1,1,0,1,0
485,2025,300,1,0,,,,1,1,1,1,1
485,2025,400,0,0,,,,1,1,1,1,1
485,2025,500,0,0,,,,1,1,0,1,0
485,2025,600,0,0,,,,0,0,0,0,0
485,2025,700,0,1,400.0,Cozy,Switched,1,1,0,1,0
486,2025,100,1,0,,,,1,1,1,1,1
486,2025,200,0,0,,,,1,1,1,1,1
486,2025,300,0,0,,,,0,1,1,1,0
486,2025,400,0,0,,,,0,0,0,1,0
486,2025,500,0,0,,,,0,0,0,0,0
486,2025,600,0,0,,,,0,0,0,0,0
486,2025,700,0,1,200.0,Olong Tea Plus,Switched,1,1,0,1,1
487,2025,100,0,0,,,,1,1,1,1,0
487,2025,200,1,1,,,No Previous Data,1,1,1,1,1
487,2025,300,0,0,,,,1,1,1,1,0
487,2025,400,0,0,,,,0,0,0,1,0
487,2025,500,0,0,,,,0,0,0,0,0
487,2025,600,0,0,,,,0,0,0,1,0
487,2025,700,0,0,,,,0,0,0,1,0
488,2025,100,0,0,,,,1,1,1,1,1
488,2025,200,1,1,100.0,C2,Switched,1,1,1,1,1
488,2025,300,0,0,,,,0,0,0,0,0
488,2025,400,0,0,,,,0,0,1,1,0
488,2025,500,0,0,,,,0,1,1,1,0
488,2025,600,0,0,,,,0,0,0,0,0
488,2025,700,0,0,,,,0,0,0,1,0
489,2025,100,1,1,,,No Previous Data,1,1,1,1,1
489,2025,200,0,0,,,,1,1,1,1,0
489,2025,300,0,0,,,,0,0,1,1,0
489,2025,400,0,0,,,,0,0,0,1,0
489,2025,500,0,0,,,,0,0,0,0,0
489,2025,600,0,0,,,,0,1,0,1,0
489,2025,700,0,0,,,,0,1,0,1,0
490,2025,100,0,0,,,,0,1,1,1,0
490,2025,200,1,1,,,No Previous Data,1,1,1,1,1
490,2025,300,0,0,,,,0,1,1,1,0
490,2025,400,0,0,,,,0,0,1,1,0
490,2025,500,0,0,,,,0,0,0,0,0
490,2025,600,0,0,,,,0,0,0,1,0
490,2025,700,0,0,,,,0,0,0,1,0
491,2025,100,0,0,,,,0,0,1,1,0
491,2025,200,1,1,,,No Previous Data,1,1,1,1,1
491,2025,300,0,0,,,,0,0,0,0,0
491,2025,400,0,0,,,,0,0,0,1,0
491,2025,500,0,0,,,,0,0,0,1,0
491,2025,600,0,0,,,,0,0,0,0,0
491,2025,700,0,0,,,,0,0,0,0,0
492,2025,100,1,1,,,No Previous Data,1,1,1,1,1
492,2025,200,0,0,,,,1,1,1,1,1
492,2025,300,0,0,,,,0,0,0,0,0
492,2025,400,0,0,,,,0,0,0,0,0
492,2025,500,0,0,,,,0,0,0,0,0
492,2025,600,0,0,,,,0,0,0,0,0
492,2025,700,0,0,,,,0,0,0,0,0
493,2025,100,0,0,,,,1,1,1,1,0
493,2025,200,1,1,,,No Previous Data,1,1,1,1,1
493,2025,300,0,0,,,,0,0,0,1,0
493,2025,400,0,0,,,,0,0,0,1,0
493,2025,500,0,0,,,,0,0,0,0,0
493,2025,600,0,0,,,,0,0,0,1,0
493,2025,700,0,0,,,,0,0,0,0,0
494,2025,100,0,0,,,,0,1,0,1,0
494,2025,200,0,0,,,,1,1,0,1,1
494,2025,300,1,1,,,No Previous Data,1,1,1,1,1
494,2025,400,0,0,,,,1,1,0,1,0
494,2025,500,0,0,,,,0,0,0,0,0
494,2025,600,0,0,,,,0,1,0,1,0
494,2025,700,0,0,,,,0,1,0,1,0
495,2025,100,0,0,,,,1,1,0,1,0
495,2025,200,1,1,,,No Previous Data,1,1,1,1,1
495,2025,300,0,0,,,,1,1,1,1,1
495,2025,400,0,0,,,,0,0,0,1,0
495,2025,500,0,0,,,,0,0,0,1,0
495,2025,600,0,0,,,,0,0,1,1,0
495,2025,700,0,0,,,,0,0,0,1,0
496,2025,100,1,1,200.0,Olong Tea Plus,Switched,1,1,1,1,1
496,2025,200,0,0,,,,1,1,1,1,0
496,2025,300,0,0,,,,0,0,0,0,0
496,2025,400,0,0,,,,0,0,1,1,0
496,2025,500,0,0,,,,0,0,0,0,0
496,2025,600,0,0,,,,0,0,0,1,0
496,2025,700,0,0,,,,0,0,0,0,0
497,2025,100,0,0,,,,1,1,1,1,1
497,2025,200,0,0,,,,0,0,0,1,0
497,2025,300,1,1,,,No Previous Data,1,1,1,1,1
497,2025,400,0,0,,,,0,0,0,1,0
497,2025,500,0,0,,,,0,0,0,0,0
497,2025,600,0,0,,,,0,0,0,1,0
497,2025,700,0,0,,,,0,0,0,0,0
498,2025,100,0,0,,,,1,1,1,1,1
498,2025,200,0,0,,,,1,1,1,1,1
498,2025,300,1,1,,,No Previous Data,1,1,1,1,1
498,2025,400,0,0,,,,0,0,1,1,0
498,2025,500,0,0,,,,0,0,0,1,0
498,2025,600,0,0,,,,0,0,0,1,0
498,2025,700,0,0,,,,0,1,0,1,0
499,2025,100,1,1,,,No Previous Data,1,1,1,1,1
499,2025,200,0,0,,,,0,1,1,1,0
499,2025,300,0,0,,,,0,0,0,1,0
499,2025,400,0,0,,,,0,0,0,1,0
499,2025,500,0,0,,,,0,0,0,0,0
499,2025,600,0,0,,,,0,0,0,1,0
499,2025,700,0,0,,,,1,1,1,1,1
500,2025,100,1,1,600.0,Dr. Thanh,Switched,1,1,1,1,1
500,2025,200,0,0,,,,0,1,1,1,0
500,2025,300,0,0,,,,0,1,1,1,0
500,2025,400,0,0,,,,0,0,1,1,0
500,2025,500,0,0,,,,0,0,0,0,0
500,2025,600,0,0,,,,0,0,0,1,0
500,2025,700,0,0,,,,0,1,0,1,0
501,2025,100,0,0,,,,1,1,1,1,0
501,2025,200,0,0,,,,0,1,1,1,0
501,2025,300,0,0,,,,0,1,0,1,0
501,2025,400,1,1,,,No Previous Data,1,1,1,1,1
501,2025,500,0,0,,,,0,0,0,0,0
501,2025,600,0,0,,,,0,1,0,1,0
501,2025,700,0,0,,,,0,1,0,1,0
502,2025,100,1,1,,,No Previous Data,1,1,1,1,1
502,2025,200,0,0,,,,1,1,1,1,0
502,2025,300,0,0,,,,0,1,0,1,0
502,2025,400,0,0,,,,0,0,1,1,0
502,2025,500,0,0,,,,0,1,0,1,0
502,2025,600,0,0,,,,0,1,0,1,0
502,2025,700,0,0,,,,0,1,0,1,0
503,2025,100,1,1,,,No Previous Data,1,1,1,1,1
503,2025,200,0,0,,,,1,1,1,1,1
503,2025,300,0,0,,,,0,0,0,1,0
503,2025,400,0,0,,,,0,0,0,1,0
503,2025,500,0,0,,,,0,0,0,0,0
503,2025,600,0,0,,,,0,0,0,1,0
503,2025,700,0,0,,,,0,0,0,1,0
504,2025,100,1,1,,,No Previous Data,1,1,1,1,1
504,2025,200,0,0,,,,0,1,0,1,0
504,2025,300,0,0,,,,0,1,1,1,0
504,2025,400,0,0,,,,0,0,1,1,0
504,2025,500,0,0,,,,0,0,0,0,0
504,2025,600,0,0,,,,1,0,0,1,0
504,2025,700,0,0,,,,0,0,0,1,0
505,2025,100,0,0,,,,0,1,0,1,0
505,2025,200,0,0,,,,1,1,1,1,1
505,2025,300,1,1,,,No Previous Data,1,1,1,1,1
505,2025,400,0,0,,,,0,1,0,1,0
505,2025,500,0,0,,,,0,0,0,0,0
505,2025,600,0,0,,,,0,1,0,1,0
505,2025,700,0,0,,,,0,0,0,0,0
506,2025,100,1,0,,,,1,1,1,1,1
506,2025,200,0,1,,,No Previous Data,1,1,1,1,1
506,2025,300,0,0,,,,0,0,1,1,0
506,2025,400,0,0,,,,0,0,1,1,0
506,2025,500,0,0,,,,0,0,0,0,0
506,2025,600,0,0,,,,0,0,0,1,0
506,2025,700,0,0,,,,0,0,0,0,0
507,2025,100,0,0,,,,1,1,1,1,1
507,2025,200,0,0,,,,1,0,1,1,0
507,2025,300,0,0,,,,0,0,0,1,0
507,2025,400,1,1,100.0,C2,Switched,1,1,1,1,1
507,2025,500,0,0,,,,0,0,0,0,0
507,2025,600,0,0,,,,1,1,0,1,0
507,2025,700,0,0,,,,1,1,0,1,0
508,2025,100,0,0,,,,1,1,0,1,0
508,2025,200,0,0,,,,0,1,0,1,0
508,2025,300,1,1,,,No Previous Data,1,1,1,1,1
508,2025,400,0,0,,,,1,1,1,1,1
508,2025,500,0,0,,,,0,0,0,0,0
508,2025,600,0,0,,,,0,1,0,1,0
508,2025,700,0,0,,,,0,0,0,0,0
509,2025,100,1,1,,,No Previous Data,1,1,1,1,1
509,2025,200,0,0,,,,0,0,1,1,0
509,2025,300,0,0,,,,0,0,1,1,0
509,2025,400,0,0,,,,0,0,0,1,0
509,2025,500,0,0,,,,0,0,0,0,0
509,2025,600,0,0,,,,1,1,0,1,1
509,2025,700,0,0,,,,1,1,0,1,0
510,2025,100,0,1,200.0,Olong Tea Plus,Switched,1,1,1,1,1
510,2025,200,1,0,,,,1,1,1,1,1
510,2025,300,0,0,,,,0,0,0,0,0
510,2025,400,0,0,,,,0,0,0,0,0
510,2025,500,0,0,,,,0,0,0,0,0
510,2025,600,0,0,,,,0,0,0,1,0
510,2025,700,0,0,,,,0,0,0,0,0
511,2025,100,0,0,,,,0,1,1,1,0
511,2025,200,0,0,,,,1,1,0,1,0
511,2025,300,0,0,,,,0,0,1,1,0
511,2025,400,0,0,,,,0,0,0,1,0
511,2025,500,0,0,,,,0,0,0,0,0
511,2025,600,1,1,200.0,Olong Tea Plus,Switched,1,1,1,1,1
511,2025,700,0,0,,,,1,1,0,1,1
512,2025,100,1,1,,,No Previous Data,1,1,1,1,1
512,2025,200,0,0,,,,0,1,1,1,0
512,2025,300,0,0,,,,0,1,0,1,0
512,2025,400,0,0,,,,0,0,0,1,0
512,2025,500,0,0,,,,0,0,0,1,0
512,2025,600,0,0,,,,0,0,0,1,0
512,2025,700,0,0,,,,0,1,0,1,0
513,2025,100,0,0,,,,0,1,1,1,0
513,2025,200,1,1,,,No Previous Data,1,1,1,1,1
513,2025,300,0,0,,,,0,0,0,0,0
513,2025,400,0,0,,,,1,1,1,1,1
513,2025,500,0,0,,,,0,0,0,0,0
513,2025,600,0,0,,,,0,0,0,0,0
513,2025,700,0,0,,,,0,1,0,1,0
514,2025,100,0,0,,,,1,1,1,1,1
514,2025,200,1,1,100.0,C2,Switched,1,1,1,1,1
514,2025,300,0,0,,,,0,0,0,1,0
514,2025,400,0,0,,,,0,0,0,1,0
514,2025,500,0,0,,,,0,0,0,0,0
514,2025,600,0,0,,,,1,1,0,1,0
514,2025,700,0,0,,,,1,1,0,1,1
515,2025,100,1,1,,,No Previous Data,1,1,1,1,1
515,2025,200,0,0,,,,0,0,0,1,0
515,2025,300,0,0,,,,0,0,0,1,0
515,2025,400,0,0,,,,1,1,1,1,1
515,2025,500,0,0,,,,0,1,0,1,0
515,2025,600,0,0,,,,0,0,0,0,0
515,2025,700,0,0,,,,1,0,0,1,0
516,2025,100,0,0,,,,0,1,1,1,0
516,2025,200,0,0,,,,0,1,1,1,0
516,2025,300,1,1,,,No Previous Data,1,1,1,1,1
516,2025,400,0,0,,,,0,1,0,1,0
516,2025,500,0,0,,,,0,0,0,0,0
516,2025,600,0,0,,,,0,0,0,1,0
516,2025,700,0,0,,,,0,0,0,1,0
517,2025,100,0,0,,,,0,1,0,1,0
517,2025,200,0,0,,,,1,1,1,1,0
517,2025,300,0,0,,,,0,0,0,0,0
517,2025,400,1,1,,,No Previous Data,1,1,1,1,1
517,2025,500,0,0,,,,0,0,0,1,0
517,2025,600,0,0,,,,0,0,0,1,0
517,2025,700,0,0,,,,0,0,0,0,0
518,2025,100,0,0,,,,0,0,1,1,0
518,2025,200,0,0,,,,0,0,0,1,0
518,2025,300,0,0,,,,1,1,0,1,0
518,2025,400,1,1,,,No Previous Data,1,1,1,1,1
518,2025,500,0,0,,,,0,0,0,0,0
518,2025,600,0,0,,,,0,0,0,1,0
518,2025,700,0,0,,,,1,0,0,1,0
519,2025,100,1,1,,,No Previous Data,1,1,1,1,1
519,2025,200,0,0,,,,0,1,0,1,0
519,2025,300,0,0,,,,0,1,1,1,0
519,2025,400,0,0,,,,0,1,0,1,0
519,2025,500,0,0,,,,0,1,0,1,0
519,2025,600,0,0,,,,0,0,0,1,0
519,2025,700,0,0,,,,0,0,0,1,0
520,2025,100,0,0,,,,0,0,0,1,0
520,2025,200,0,0,,,,1,1,0,1,0
520,2025,300,0,0,,,,1,1,1,1,1
520,2025,400,1,1,,,No Previous Data,1,1,1,1,1
520,2025,500,0,0,,,,0,0,0,0,0
520,2025,600,0,0,,,,0,0,0,1,0
520,2025,700,0,0,,,,0,0,0,0,0
521,2025,100,0,0,,,,0,0,1,1,0
521,2025,200,0,0,,,,0,1,1,1,0
521,2025,300,1,1,,,No Previous Data,1,1,1,1,1
521,2025,400,0,0,,,,0,0,1,1,0
521,2025,500,0,0,,,,0,0,0,0,0
521,2025,600,0,0,,,,0,0,0,1,0
521,2025,700,0,0,,,,0,0,0,1,0
522,2025,100,1,1,200.0,Olong Tea Plus,Switched,1,1,1,1,1
522,2025,200,0,0,,,,1,1,1,1,1
522,2025,300,0,0,,,,0,0,1,1,0
522,2025,400,0,0,,,,0,0,0,1,0
522,2025,500,0,0,,,,0,0,0,1,0
522,2025,600,0,0,,,,0,0,0,1,0
522,2025,700,0,0,,,,0,1,0,1,0
523,2025,100,0,0,,,,1,1,0,1,1
523,2025,200,0,0,,,,1,1,0,1,1
523,2025,300,0,0,,,,0,0,1,1,0
523,2025,400,1,1,200.0,Olong Tea Plus,Switched,1,1,1,1,1
523,2025,500,0,0,,,,0,1,0,1,0
523,2025,600,0,0,,,,0,0,0,1,0
523,2025,700,0,0,,,,1,1,0,1,1
524,2025,100,1,1,,,No Previous Data,1,1,1,1,1
524,2025,200,0,0,,,,1,1,1,1,0
524,2025,300,0,0,,,,0,1,1,1,0
524,2025,400,0,0,,,,0,0,0,1,0
524,2025,500,0,0,,,,0,0,0,0,0
524,2025,600,0,0,,,,0,0,0,1,0
524,2025,700,0,0,,,,0,0,0,0,0
525,2025,100,1,1,400.0,Cozy,Switched,1,1,1,1,1
525,2025,200,0,0,,,,1,0,1,1,0
525,2025,300,0,0,,,,0,0,0,1,0
525,2025,400,0,0,,,,1,1,1,1,1
525,2025,500,0,0,,,,0,0,0,1,0
525,2025,600,0,0,,,,0,0,0,0,0
525,2025,700,0,0,,,,0,0,1,1,0
526,2025,100,0,0,,,,1,1,1,1,1
526,2025,200,1,1,,,No Previous Data,1,1,1,1,1
526,2025,300,0,0,,,,1,0,0,1,0
526,2025,400,0,0,,,,1,0,0,1,0
526,2025,500,0,0,,,,0,0,0,1,0
526,2025,600,0,0,,,,0,0,0,1,0
526,2025,700,0,0,,,,0,0,0,1,0
527,2025,100,0,0,,,,1,1,0,1,0
527,2025,200,1,1,,,No Previous Data,1,1,1,1,1
527,2025,300,0,0,,,,0,0,0,1,0
527,2025,400,0,0,,,,1,0,1,1,0
527,2025,500,0,0,,,,0,0,0,0,0
527,2025,600,0,0,,,,0,0,0,0,0
527,2025,700,0,0,,,,0,0,0,1,0
528,2025,100,0,0,,,,0,0,0,1,0
528,2025,200,0,0,,,,0,0,0,1,0
528,2025,300,1,1,,,No Previous Data,1,1,1,1,1
528,2025,400,0,0,,,,1,0,1,1,0
528,2025,500,0,0,,,,0,0,0,0,0
528,2025,600,0,0,,,,1,1,1,1,1
528,2025,700,0,0,,,,0,0,0,1,0
529,2025,100,0,0,,,,1,1,1,1,0
529,2025,200,0,0,,,,0,0,1,1,0
529,2025,300,0,0,,,,1,1,1,1,1
529,2025,400,1,1,300.0,Không Độ,Switched,1,1,1,1,1
529,2025,500,0,0,,,,0,0,0,0,0
529,2025,600,0,0,,,,0,0,0,0,0
529,2025,700,0,0,,,,0,1,1,1,0
530,2025,100,0,0,,,,1,1,0,1,1
530,2025,200,0,0,,,,0,0,1,1,0
530,2025,300,1,1,100.0,C2,Switched,1,1,1,1,1
530,2025,400,0,0,,,,1,1,1,1,1
530,2025,500,0,0,,,,0,0,0,0,0
530,2025,600,0,0,,,,0,0,0,1,0
530,2025,700,0,0,,,,0,0,0,1,0
531,2025,100,0,0,,,,1,1,1,1,0
531,2025,200,1,1,,,No Previous Data,1,1,1,1,1
531,2025,300,0,0,,,,1,1,1,1,1
531,2025,400,0,0,,,,1,0,1,1,0
531,2025,500,0,0,,,,0,0,0,1,0
531,2025,600,0,0,,,,0,0,0,1,0
531,2025,700,0,0,,,,0,0,0,1,0
532,2025,100,0,0,,,,1,0,1,1,0
532,2025,200,1,1,,,No Previous Data,1,1,1,1,1
532,2025,300,0,0,,,,0,0,0,0,0
532,2025,400,0,0,,,,0,0,0,0,0
532,2025,500,0,0,,,,0,0,1,1,0
532,2025,600,0,0,,,,0,0,0,0,0
532,2025,700,0,0,,,,0,0,1,1,0
533,2025,100,0,0,,,,1,1,1,1,1
533,2025,200,0,0,,,,1,0,0,1,0
533,2025,300,1,1,,,No Previous Data,1,1,1,1,1
533,2025,400,0,0,,,,0,0,0,1,0
533,2025,500,0,0,,,,0,0,0,0,0
533,2025,600,0,0,,,,0,0,0,1,0
533,2025,700,0,0,,,,0,0,0,1,0
534,2025,100,0,1,200.0,Olong Tea Plus,Switched,1,1,1,1,1
534,2025,200,1,0,,,,0,1,1,1,0
534,2025,300,0,0,,,,0,0,0,0,0
534,2025,400,0,0,,,,0,0,0,1,0
534,2025,500,0,0,,,,0,0,0,0,0
534,2025,600,0,0,,,,0,0,0,0,0
534,2025,700,0,0,,,,0,0,0,0,0
535,2025,100,1,1,200.0,Olong Tea Plus,Switched,1,1,1,1,1
535,2025,200,0,0,,,,0,1,1,1,0
535,2025,300,0,0,,,,0,1,1,1,0
535,2025,400,0,0,,,,0,1,0,1,0
535,2025,500,0,0,,,,0,0,0,0,0
535,2025,600,0,0,,,,0,0,0,1,0
535,2025,700,0,0,,,,0,0,0,1,0
536,2025,100,0,0,,,,0,1,1,1,0
536,2025,200,0,0,,,,1,1,1,1,1
536,2025,300,0,0,,,,0,0,0,0,0
536,2025,400,1,1,,,No Previous Data,1,1,1,1,1
536,2025,500,0,0,,,,0,1,0,1,0
536,2025,600,0,0,,,,0,0,0,0,0
536,2025,700,0,0,,,,0,1,1,1,0
537,2025,100,1,1,,,No Previous Data,1,1,1,1,1
537,2025,200,0,0,,,,0,0,0,1,0
537,2025,300,0,0,,,,0,0,0,1,0
537,2025,400,0,0,,,,1,0,1,1,0
537,2025,500,0,0,,,,0,0,0,1,0
537,2025,600,0,0,,,,0,0,0,1,0
537,2025,700,0,0,,,,1,1,1,1,1
538,2025,100,0,0,,,,0,1,1,1,0
538,2025,200,1,1,,,No Previous Data,1,1,1,1,1
538,2025,300,0,0,,,,0,1,1,1,0
538,2025,400,0,0,,,,0,1,1,1,0
538,2025,500,0,0,,,,0,0,0,0,0
538,2025,600,0,0,,,,0,1,0,1,0
538,2025,700,0,0,,,,0,0,0,0,0
539,2025,100,0,0,,,,0,1,1,1,0
539,2025,200,1,1,,,No Previous Data,1,1,1,1,1
539,2025,300,0,0,,,,0,0,0,0,0
539,2025,400,0,0,,,,0,0,0,1,0
539,2025,500,0,0,,,,0,1,0,1,0
539,2025,600,0,0,,,,0,0,0,0,0
539,2025,700,0,0,,,,0,0,0,0,0
540,2025,100,1,1,,,No Previous Data,1,1,1,1,1
540,2025,200,0,0,,,,0,1,1,1,0
540,2025,300,0,0,,,,0,1,0,1,0
540,2025,400,0,0,,,,0,0,1,1,0
540,2025,500,0,0,,,,0,0,0,1,0
540,2025,600,0,0,,,,0,0,0,1,0
540,2025,700,0,0,,,,0,1,0,1,0
541,2025,100,0,0,,,,0,1,0,1,0
541,2025,200,1,1,,,No Previous Data,1,1,1,1,1
541,2025,300,0,0,,,,0,1,1,1,0
541,2025,400,0,0,,,,1,1,1,1,1
541,2025,500,0,0,,,,0,0,0,1,0
541,2025,600,0,0,,,,0,0,0,0,0
541,2025,700,0,0,,,,0,0,0,1,0
542,2025,100,1,1,,,No Previous Data,1,1,1,1,1
542,2025,200,0,0,,,,0,1,0,1,0
542,2025,300,0,0,,,,1,0,0,1,0
542,2025,400,0,0,,,,0,0,1,1,0
542,2025,500,0,0,,,,0,0,0,0,0
542,2025,600,0,0,,,,0,0,0,1,0
542,2025,700,0,0,,,,1,1,1,1,0
543,2025,100,1,1,,,No Previous Data,1,1,1,1,1
543,2025,200,0,0,,,,1,1,1,1,1
543,2025,300,0,0,,,,1,0,0,1,0
543,2025,400,0,0,,,,0,0,0,1,0
543,2025,500,0,0,,,,0,0,0,1,0
543,2025,600,0,0,,,,0,0,0,0,0
543,2025,700,0,0,,,,0,0,0,1,0
544,2025,100,0,0,,,,1,1,0,1,1
544,2025,200,0,0,,,,0,0,0,1,0
544,2025,300,0,0,,,,1,1,1,1,0
544,2025,400,0,0,,,,0,0,1,1,0
544,2025,500,0,0,,,,0,0,0,1,0
544,2025,600,0,0,,,,0,0,0,0,0
544,2025,700,1,1,,,No Previous Data,1,1,1,1,0
545,2025,100,0,0,,,,0,1,1,1,0
545,2025,200,0,0,,,,0,1,1,1,0
545,2025,300,1,1,,,No Previous Data,1,1,1,1,1
545,2025,400,0,0,,,,0,1,1,1,0
545,2025,500,0,0,,,,0,0,0,0,0
545,2025,600,0,0,,,,0,0,0,0,0
545,2025,700,0,0,,,,0,0,0,0,0
546,2025,100,0,0,,,,1,1,1,1,1
546,2025,200,1,1,,,No Previous Data,1,1,1,1,1
546,2025,300,0,0,,,,0,0,1,1,0
546,2025,400,0,0,,,,0,0,0,1,0
546,2025,500,0,0,,,,0,1,0,1,0
546,2025,600,0,0,,,,0,0,0,1,0
546,2025,700,0,0,,,,0,1,0,1,0
547,2025,100,0,0,,,,0,1,1,1,0
547,2025,200,1,1,,,No Previous Data,1,1,1,1,1
547,2025,300,0,0,,,,0,0,0,0,0
547,2025,400,0,0,,,,0,1,0,1,0
547,2025,500,0,0,,,,0,1,1,1,0
547,2025,600,0,0,,,,0,0,0,0,0
547,2025,700,0,0,,,,0,0,0,0,0
548,2025,100,0,0,,,,0,1,1,1,0
548,2025,200,1,1,,,No Previous Data,1,1,1,1,1
548,2025,300,0,0,,,,0,0,0,1,0
548,2025,400,0,0,,,,0,0,1,1,0
548,2025,500,0,0,,,,0,0,0,0,0
548,2025,600,0,0,,,,0,0,0,0,0
548,2025,700,0,0,,,,0,1,0,1,0
549,2025,100,0,0,,,,0,1,1,1,0
549,2025,200,0,0,,,,0,1,1,1,0
549,2025,300,1,1,,,No Previous Data,1,1,1,1,1
549,2025,400,0,0,,,,0,1,0,1,0
549,2025,500,0,0,,,,0,0,0,0,0
549,2025,600,0,0,,,,0,0,0,0,0
549,2025,700,0,0,,,,0,0,0,1,0
550,2025,100,0,0,,,,0,0,1,1,0
550,2025,200,0,0,,,,0,0,1,1,0
550,2025,300,0,0,,,,0,1,0,1,0
550,2025,400,0,0,,,,0,0,0,1,0
550,2025,500,1,1,200.0,Olong Tea Plus,Switched,1,1,1,1,1
550,2025,600,0,0,,,,0,0,0,1,0
550,2025,700,0,0,,,,0,0,0,1,0
551,2025,100,0,0,,,,1,1,1,1,1
551,2025,200,1,1,100.0,C2,Switched,1,1,1,1,1
551,2025,300,0,0,,,,1,0,1,1,0
551,2025,400,0,0,,,,0,0,1,1,0
551,2025,500,0,0,,,,0,0,0,1,0
551,2025,600,0,0,,,,0,0,0,0,0
551,2025,700,0,0,,,,1,1,1,1,1
552,2025,100,0,0,,,,1,1,1,1,1
552,2025,200,1,1,,,No Previous Data,1,1,1,1,1
552,2025,300,0,0,,,,0,0,0,1,0
552,2025,400,0,0,,,,0,0,0,1,0
552,2025,500,0,0,,,,0,1,0,1,0
552,2025,600,0,0,,,,0,0,0,1,0
552,2025,700,0,0,,,,0,0,0,1,0
553,2025,100,1,1,200.0,Olong Tea Plus,Switched,1,1,1,1,1
553,2025,200,0,0,,,,1,0,1,1,0
553,2025,300,0,0,,,,0,1,0,1,0
553,2025,400,0,0,,,,0,0,0,1,0
553,2025,500,0,0,,,,0,0,0,1,0
553,2025,600,0,0,,,,0,0,0,1,0
553,2025,700,0,0,,,,1,0,0,1,0
554,2025,100,0,0,,,,1,1,1,1,1
554,2025,200,0,0,,,,0,0,1,1,0
554,2025,300,0,0,,,,0,0,0,1,0
554,2025,400,1,1,,,No Previous Data,1,1,1,1,1
554,2025,500,0,0,,,,0,0,0,1,0
554,2025,600,0,0,,,,0,0,0,1,0
554,2025,700,0,0,,,,0,0,0,1,0
555,2025,100,0,0,,,,1,1,1,1,1
555,2025,200,1,1,100.0,C2,Switched,1,1,1,1,1
555,2025,300,0,0,,,,1,0,1,1,0
555,2025,400,0,0,,,,1,1,1,1,1
555,2025,500,0,0,,,,0,0,0,1,0
555,2025,600,0,0,,,,0,0,0,0,0
555,2025,700,0,0,,,,1,0,0,1,0
556,2025,100,0,0,,,,0,1,1,1,0
556,2025,200,0,0,,,,1,1,1,1,1
556,2025,300,0,0,,,,0,0,0,0,0
556,2025,400,1,1,,,No Previous Data,1,1,1,1,1
556,2025,500,0,0,,,,0,1,0,1,0
556,2025,600,0,0,,,,0,0,0,0,0
556,2025,700,0,0,,,,0,1,0,1,0
557,2025,100,0,0,,,,0,0,1,1,0
557,2025,200,0,0,,,,0,0,1,1,0
557,2025,300,1,1,200.0,Olong Tea Plus,Switched,1,1,1,1,1
557,2025,400,0,0,,,,1,1,1,1,1
557,2025,500,0,0,,,,0,1,0,1,0
557,2025,600,0,0,,,,0,0,0,1,0
557,2025,700,0,0,,,,0,0,0,1,0
558,2025,100,1,1,,,No Previous Data,1,1,1,1,1
558,2025,200,0,0,,,,0,1,1,1,0
558,2025,300,0,0,,,,1,1,0,1,1
558,2025,400,0,0,,,,0,0,1,1,0
558,2025,500,0,0,,,,0,0,0,0,0
558,2025,600,0,0,,,,0,0,0,1,0
558,2025,700,0,0,,,,0,1,0,1,0
559,2025,100,0,0,,,,1,1,1,1,1
559,2025,200,0,0,,,,1,0,1,1,0
559,2025,300,1,1,100.0,C2,Switched,1,1,1,1,1
559,2025,400,0,0,,,,0,0,1,1,0
559,2025,500,0,0,,,,0,0,0,1,0
559,2025,600,0,0,,,,0,0,0,0,0
559,2025,700,0,0,,,,0,0,0,1,0
560,2025,100,0,0,,,,0,1,0,1,0
560,2025,200,1,1,,,No Previous Data,1,1,1,1,1
560,2025,300,0,0,,,,0,0,0,1,0
560,2025,400,0,0,,,,1,1,1,1,1
560,2025,500,0,0,,,,0,0,0,1,0
560,2025,600,0,0,,,,0,0,0,0,0
560,2025,700,0,0,,,,1,0,1,1,0
561,2025,100,1,1,,,No Previous Data,1,1,1,1,1
561,2025,200,0,0,,,,0,0,0,1,0
561,2025,300,0,0,,,,1,1,1,1,1
561,2025,400,0,0,,,,1,0,1,1,0
561,2025,500,0,0,,,,0,0,0,0,0
561,2025,600,0,0,,,,0,0,0,1,0
561,2025,700,0,0,,,,0,0,0,1,0
562,2025,100,1,1,,,No Previous Data,1,1,1,1,1
562,2025,200,0,0,,,,0,1,1,1,0
562,2025,300,0,0,,,,0,0,0,0,0
562,2025,400,0,0,,,,0,1,0,1,0
562,2025,500,0,0,,,,0,0,0,1,0
562,2025,600,0,0,,,,0,1,1,1,0
562,2025,700,0,0,,,,0,1,1,1,0
563,2025,100,0,0,,,,0,0,0,1,0
563,2025,200,0,0,,,,0,0,0,1,0
563,2025,300,0,0,,,,1,1,1,1,1
563,2025,400,0,0,,,,0,0,0,1,0
563,2025,500,1,1,,,No Previous Data,1,1,1,1,1
563,2025,600,0,0,,,,1,1,1,1,1
563,2025,700,0,0,,,,0,0,0,0,0
564,2025,100,1,1,,,No Previous Data,1,1,1,1,1
564,2025,200,0,0,,,,1,0,1,1,0
564,2025,300,0,0,,,,1,1,1,1,1
564,2025,400,0,0,,,,0,1,0,1,0
564,2025,500,0,0,,,,0,0,0,0,0
564,2025,600,0,0,,,,0,0,0,0,0
564,2025,700,0,0,,,,0,0,0,1,0
565,2025,100,0,0,,,,1,0,1,1,0
565,2025,200,0,0,,,,1,1,1,1,1
565,2025,300,0,0,,,,0,0,0,1,0
565,2025,400,0,0,,,,0,0,0,1,0
565,2025,500,1,1,,,No Previous Data,1,1,1,1,1
565,2025,600,0,0,,,,0,0,0,1,0
565,2025,700,0,0,,,,0,0,0,1,0
566,2025,100,1,0,,,,0,0,1,1,0
566,2025,200,0,0,,,,1,1,0,1,1
566,2025,300,0,0,,,,0,0,0,1,0
566,2025,400,0,0,,,,0,1,1,1,0
566,2025,500,0,0,,,,1,1,0,1,1
566,2025,600,0,0,,,,0,0,0,0,0
566,2025,700,0,1,200.0,Olong Tea Plus,Switched,1,1,1,1,0
567,2025,100,0,0,,,,0,1,1,1,0
567,2025,200,0,0,,,,1,1,1,1,1
567,2025,300,1,1,,,No Previous Data,1,1,1,1,1
567,2025,400,0,0,,,,0,0,0,1,0
567,2025,500,0,0,,,,0,0,0,1,0
567,2025,600,0,0,,,,0,0,0,1,0
567,2025,700,0,0,,,,1,0,0,1,0
568,2025,100,0,0,,,,0,0,0,1,0
568,2025,200,0,0,,,,1,1,1,1,1
568,2025,300,0,0,,,,0,0,0,1,0
568,2025,400,0,0,,,,0,1,0,1,0
568,2025,500,0,0,,,,0,0,0,0,0
568,2025,600,0,0,,,,1,1,0,1,1
568,2025,700,1,1,100.0,C2,Switched,1,1,1,1,0
569,2025,100,0,0,,,,1,1,1,1,1
569,2025,200,1,1,,,No Previous Data,1,1,1,1,1
569,2025,300,0,0,,,,0,1,0,1,0
569,2025,400,0,0,,,,0,0,0,1,0
569,2025,500,0,0,,,,0,0,0,0,0
569,2025,600,0,0,,,,0,0,0,0,0
569,2025,700,0,0,,,,0,1,0,1,0
570,2025,100,1,1,,,No Previous Data,1,1,1,1,1
570,2025,200,0,0,,,,1,1,1,1,1
570,2025,300,0,0,,,,0,0,0,1,0
570,2025,400,0,0,,,,0,0,1,1,0
570,2025,500,0,0,,,,0,0,0,0,0
570,2025,600,0,0,,,,0,0,0,0,0
570,2025,700,0,0,,,,1,0,0,1,0
571,2025,100,1,1,,,No Previous Data,1,1,1,1,1
571,2025,200,0,0,,,,0,0,1,1,0
571,2025,300,0,0,,,,0,0,0,1,0
571,2025,400,0,0,,,,1,1,1,1,1
571,2025,500,0,0,,,,0,0,0,1,0
571,2025,600,0,0,,,,1,1,1,1,1
571,2025,700,0,0,,,,0,0,0,1,0
572,2025,100,1,1,,,No Previous Data,1,1,1,1,1
572,2025,200,0,0,,,,1,1,1,1,1
572,2025,300,0,0,,,,1,0,0,1,0
572,2025,400,0,0,,,,0,0,0,1,0
572,2025,500,0,0,,,,0,0,0,0,0
572,2025,600,0,0,,,,0,0,1,1,0
572,2025,700,0,0,,,,0,0,0,0,0
573,2025,100,1,0,,,,1,1,1,1,1
573,2025,200,0,0,,,,0,1,1,1,0
573,2025,300,0,1,,,No Previous Data,1,1,1,1,1
573,2025,400,0,0,,,,1,0,0,1,0
573,2025,500,0,0,,,,0,1,1,1,0
573,2025,600,0,0,,,,1,1,0,1,1
573,2025,700,0,0,,,,0,0,0,1,0
574,2025,100,0,0,,,,0,0,0,1,0
574,2025,200,0,0,,,,1,1,1,1,1
574,2025,300,0,0,,,,0,0,0,1,0
574,2025,400,0,0,,,,0,0,1,1,0
574,2025,500,0,0,,,,1,1,1,1,1
574,2025,600,0,0,,,,0,0,0,0,0
574,2025,700,1,1,,,No Previous Data,1,1,1,1,1
575,2025,100,0,0,,,,1,1,0,1,0
575,2025,200,0,1,,,No Previous Data,1,1,1,1,1
575,2025,300,0,0,,,,0,0,0,1,0
575,2025,400,0,0,,,,0,0,1,1,0
575,2025,500,0,0,,,,0,0,0,0,0
575,2025,600,0,0,,,,1,1,0,1,1
575,2025,700,1,0,,,,0,0,1,1,0
576,2025,100,0,0,,,,0,0,0,1,0
576,2025,200,0,0,,,,0,0,0,1,0
576,2025,300,1,1,,,No Previous Data,1,1,1,1,1
576,2025,400,0,0,,,,1,1,1,1,1
576,2025,500,0,0,,,,0,0,0,1,0
576,2025,600,0,0,,,,1,1,0,1,1
576,2025,700,0,0,,,,1,0,1,1,0
577,2025,100,0,0,,,,1,1,1,1,1
577,2025,200,1,1,,,No Previous Data,1,1,1,1,1
577,2025,300,0,0,,,,1,1,1,1,1
577,2025,400,0,0,,,,0,0,0,0,0
577,2025,500,0,0,,,,0,0,0,0,0
577,2025,600,0,0,,,,0,0,0,1,0
577,2025,700,0,0,,,,0,0,0,1,0
578,2025,100,0,0,,,,0,1,1,1,0
578,2025,200,0,0,,,,1,1,1,1,1
578,2025,300,1,1,,,No Previous Data,1,1,1,1,1
578,2025,400,0,0,,,,1,0,0,1,0
578,2025,500,0,0,,,,0,0,0,0,0
578,2025,600,0,0,,,,0,1,0,1,0
578,2025,700,0,0,,,,0,0,1,1,0
579,2025,100,1,1,,,No Previous Data,1,1,1,1,1
579,2025,200,0,0,,,,0,1,1,1,0
579,2025,300,0,0,,,,1,1,1,1,1
579,2025,400,0,0,,,,1,0,0,1,0
579,2025,500,0,0,,,,0,0,0,0,0
579,2025,600,0,0,,,,1,1,1,1,1
579,2025,700,0,0,,,,0,0,0,1,0
580,2025,100,0,0,,,,1,1,1,1,1
580,2025,200,1,1,,,No Previous Data,1,1,1,1,1
580,2025,300,0,0,,,,0,0,0,1,0
580,2025,400,0,0,,,,0,0,0,0,0
580,2025,500,0,0,,,,0,0,0,0,0
580,2025,600,0,0,,,,0,0,0,0,0
580,2025,700,0,0,,,,0,0,0,1,0
581,2025,100,0,0,,,,0,1,0,1,0
581,2025,200,0,0,,,,0,1,1,1,0
581,2025,300,1,1,,,No Previous Data,1,1,1,1,1
581,2025,400,0,0,,,,1,1,0,1,1
581,2025,500,0,0,,,,0,0,1,1,0
581,2025,600,0,0,,,,0,0,1,1,0
581,2025,700,0,0,,,,1,1,1,1,0
582,2025,100,1,1,,,No Previous Data,1,1,1,1,1
582,2025,200,0,0,,,,0,0,1,1,0
582,2025,300,0,0,,,,1,1,1,1,1
582,2025,400,0,0,,,,0,0,0,0,0
582,2025,500,0,0,,,,0,0,0,0,0
582,2025,600,0,0,,,,0,0,0,1,0
582,2025,700,0,0,,,,0,0,0,1,0
583,2025,100,0,0,,,,1,1,0,1,1
583,2025,200,0,0,,,,0,0,1,1,0
583,2025,300,1,1,,,No Previous Data,1,1,1,1,1
583,2025,400,0,0,,,,1,1,0,1,1
583,2025,500,0,0,,,,0,0,0,1,0
583,2025,600,0,0,,,,0,0,0,1,0
583,2025,700,0,0,,,,0,0,1,1,0
584,2025,100,0,0,,,,0,0,0,1,0
584,2025,200,1,1,,,No Previous Data,1,1,1,1,1
584,2025,300,0,0,,,,0,0,0,1,0
584,2025,400,0,0,,,,0,0,1,1,0
584,2025,500,0,0,,,,1,1,0,1,0
584,2025,600,0,0,,,,0,0,0,0,0
584,2025,700,0,0,,,,0,0,0,1,0
585,2025,100,0,0,,,,0,0,1,1,0
585,2025,200,0,0,,,,1,1,1,1,1
585,2025,300,1,1,,,No Previous Data,1,1,1,1,1
585,2025,400,0,0,,,,1,1,1,1,1
585,2025,500,0,0,,,,0,0,0,0,0
585,2025,600,0,0,,,,0,0,0,1,0
585,2025,700,0,0,,,,0,0,0,1,0
586,2025,100,1,1,,,No Previous Data,1,1,1,1,1
586,2025,200,0,0,,,,0,0,1,1,0
586,2025,300,0,0,,,,0,0,0,0,0
586,2025,400,0,0,,,,0,0,0,1,0
586,2025,500,0,0,,,,0,0,0,1,0
586,2025,600,0,0,,,,0,0,0,0,0
586,2025,700,0,0,,,,0,0,0,0,0
587,2025,100,1,1,,,No Previous Data,1,1,1,1,1
587,2025,200,0,0,,,,1,1,1,1,1
587,2025,300,0,0,,,,0,0,0,1,0
587,2025,400,0,0,,,,0,0,1,1,0
587,2025,500,0,0,,,,0,1,0,1,0
587,2025,600,0,0,,,,1,1,0,1,1
587,2025,700,0,0,,,,0,0,0,0,0
588,2025,100,1,1,,,No Previous Data,1,1,1,1,1
588,2025,200,0,0,,,,1,1,1,1,1
588,2025,300,0,0,,,,0,1,0,1,0
588,2025,400,0,0,,,,0,0,0,1,0
588,2025,500,0,0,,,,0,0,0,0,0
588,2025,600,0,0,,,,0,0,0,1,0
588,2025,700,0,0,,,,1,1,0,1,0
589,2025,100,1,1,,,No Previous Data,1,1,1,1,1
589,2025,200,0,0,,,,1,0,1,1,0
589,2025,300,0,0,,,,1,1,1,1,1
589,2025,400,0,0,,,,0,0,1,1,0
589,2025,500,0,0,,,,0,0,0,1,0
589,2025,600,0,0,,,,0,0,0,1,0
589,2025,700,0,0,,,,0,0,0,1,0
590,2025,100,1,0,,,,1,1,1,1,1
590,2025,200,0,1,,,No Previous Data,1,1,1,1,1
590,2025,300,0,0,,,,0,0,0,1,0
590,2025,400,0,0,,,,0,0,1,1,0
590,2025,500,0,0,,,,0,0,0,1,0
590,2025,600,0,0,,,,1,0,0,1,0
590,2025,700,0,0,,,,0,0,0,1,0
591,2025,100,0,0,,,,1,1,1,1,1
591,2025,200,1,1,,,No Previous Data,1,1,1,1,1
591,2025,300,0,0,,,,0,1,0,1,0
591,2025,400,0,0,,,,0,0,1,1,0
591,2025,500,0,0,,,,0,0,0,0,0
591,2025,600,0,0,,,,0,0,0,1,0
591,2025,700,0,0,,,,0,0,0,1,0
592,2025,100,0,0,,,,0,0,1,1,0
592,2025,200,0,0,,,,1,1,1,1,1
592,2025,300,1,1,200.0,Olong Tea Plus,Switched,1,1,1,1,1
592,2025,400,0,0,,,,0,0,0,1,0
592,2025,500,0,0,,,,0,1,0,1,0
592,2025,600,0,0,,,,0,0,0,1,0
592,2025,700,0,0,,,,0,0,0,1,0
593,2025,100,0,0,,,,0,0,1,1,0
593,2025,200,0,0,,,,0,0,1,1,0
593,2025,300,0,0,,,,0,1,0,1,0
593,2025,400,1,1,100.0,C2,Switched,1,1,1,1,1
593,2025,500,0,0,,,,0,1,0,1,0
593,2025,600,0,0,,,,0,0,0,1,0
593,2025,700,0,0,,,,0,0,0,1,0
594,2025,100,1,1,,,No Previous Data,1,1,1,1,1
594,2025,200,0,0,,,,0,0,0,1,0
594,2025,300,0,0,,,,0,0,1,1,0
594,2025,400,0,0,,,,0,0,0,1,0
594,2025,500,0,0,,,,0,0,0,1,0
594,2025,600,0,0,,,,1,1,0,1,1
594,2025,700,0,0,,,,0,0,0,1,0
595,2025,100,0,0,,,,1,1,1,1,1
595,2025,200,1,1,,,No Previous Data,1,1,1,1,1
595,2025,300,0,0,,,,0,1,1,1,0
595,2025,400,0,0,,,,1,1,0,1,1
595,2025,500,0,0,,,,0,0,0,0,0
595,2025,600,0,0,,,,0,0,0,0,0
595,2025,700,0,0,,,,0,1,0,1,0
596,2025,100,1,1,,,No Previous Data,1,1,1,1,1
596,2025,200,0,0,,,,1,1,1,1,0
596,2025,300,0,0,,,,0,1,1,1,0
596,2025,400,0,0,,,,1,1,1,1,0
596,2025,500,0,0,,,,0,0,0,0,0
596,2025,600,0,0,,,,0,1,0,1,0
596,2025,700,0,0,,,,0,1,0,1,0
597,2025,100,0,0,,,,1,1,1,1,1
597,2025,200,1,1,,,No Previous Data,1,1,1,1,1
597,2025,300,0,0,,,,0,1,1,1,0
597,2025,400,0,0,,,,1,1,1,1,1
597,2025,500,0,0,,,,0,0,0,1,0
597,2025,600,0,0,,,,0,0,0,0,0
597,2025,700,0,0,,,,0,1,1,1,0
598,2025,100,1,1,,,No Previous Data,1,1,1,1,1
598,2025,200,0,0,,,,1,1,1,1,1
598,2025,300,0,0,,,,0,1,1,1,0
598,2025,400,0,0,,,,0,0,0,1,0
598,2025,500,0,0,,,,0,0,0,1,0
598,2025,600,0,0,,,,0,0,0,1,0
598,2025,700,0,0,,,,0,1,0,1,0
599,2025,100,0,0,,,,0,1,1,1,0
599,2025,200,1,1,,,No Previous Data,1,1,1,1,1
599,2025,300,0,0,,,,1,1,1,1,1
599,2025,400,0,0,,,,1,0,0,1,0
599,2025,500,0,0,,,,0,0,0,0,0
599,2025,600,0,0,,,,0,0,0,0,0
599,2025,700,0,0,,,,0,1,0,1,0
600,2025,100,0,0,,,,1,0,1,1,0
600,2025,200,1,1,,,No Previous Data,1,1,1,1,1
600,2025,300,0,0,,,,0,0,1,1,0
600,2025,400,0,0,,,,1,1,1,1,1
600,2025,500,0,0,,,,0,0,0,0,0
600,2025,600,0,0,,,,0,0,0,0,0
600,2025,700,0,0,,,,0,1,0,1,0
601,2025,100,0,0,,,,1,1,1,1,1
601,2025,200,0,0,,,,1,1,1,1,1
601,2025,300,1,1,,,No Previous Data,1,1,1,1,1
601,2025,400,0,0,,,,0,0,0,1,0
601,2025,500,0,0,,,,0,1,0,1,0
601,2025,600,0,0,,,,0,0,0,1,0
601,2025,700,0,0,,,,0,1,1,1,0
602,2025,100,0,0,,,,1,1,1,1,1
602,2025,200,1,1,,,No Previous Data,1,1,1,1,1
602,2025,300,0,0,,,,1,0,0,1,0
602,2025,400,0,0,,,,0,0,0,1,0
602,2025,500,0,0,,,,0,0,0,0,0
602,2025,600,0,0,,,,0,0,0,1,0
602,2025,700,0,0,,,,1,0,0,1,0
603,2025,100,0,0,,,,0,0,1,1,0
603,2025,200,0,0,,,,1,1,1,1,1
603,2025,300,1,1,200.0,Olong Tea Plus,Switched,1,1,1,1,1
603,2025,400,0,0,,,,0,0,0,1,0
603,2025,500,0,0,,,,0,0,0,0,0
603,2025,600,0,0,,,,0,0,0,1,0
603,2025,700,0,0,,,,1,1,0,1,0
604,2025,100,0,0,,,,0,1,1,1,0
604,2025,200,1,1,,,No Previous Data,1,1,1,1,1
604,2025,300,0,0,,,,0,0,1,1,0
604,2025,400,0,0,,,,1,1,1,1,1
604,2025,500,0,0,,,,0,0,0,0,0
604,2025,600,0,0,,,,0,0,0,0,0
604,2025,700,0,0,,,,0,0,0,1,0
605,2025,100,1,1,300.0,Không Độ,Switched,1,1,1,1,1
605,2025,200,0,0,,,,0,0,0,0,0
605,2025,300,0,0,,,,1,1,0,1,1
605,2025,400,0,0,,,,0,0,0,0,0
605,2025,500,0,0,,,,0,0,0,0,0
605,2025,600,0,0,,,,0,0,0,0,0
605,2025,700,0,0,,,,0,0,0,0,0
606,2025,100,0,0,,,,0,0,0,1,0
606,2025,200,0,0,,,,1,1,1,1,1
606,2025,300,0,0,,,,0,1,0,1,0
606,2025,400,1,1,,,No Previous Data,1,1,1,1,1
606,2025,500,0,0,,,,0,0,0,0,0
606,2025,600,0,0,,,,0,0,0,0,0
606,2025,700,0,0,,,,0,0,0,1,0
607,2025,100,1,0,,,,1,1,1,1,1
607,2025,200,0,1,100.0,C2,Switched,1,1,1,1,1
607,2025,300,0,0,,,,1,0,1,1,0
607,2025,400,0,0,,,,1,0,1,1,0
607,2025,500,0,0,,,,0,0,0,0,0
607,2025,600,0,0,,,,0,0,0,0,0
607,2025,700,0,0,,,,0,1,0,1,0
608,2025,100,0,0,,,,0,1,0,1,0
608,2025,200,1,1,300.0,Không Độ,Switched,1,1,1,1,1
608,2025,300,0,0,,,,1,1,1,1,1
608,2025,400,0,0,,,,0,0,0,0,0
608,2025,500,0,0,,,,0,0,0,1,0
608,2025,600,0,0,,,,0,0,0,0,0
608,2025,700,0,0,,,,0,1,0,1,0
609,2025,100,0,0,,,,1,1,1,1,1
609,2025,200,1,1,100.0,C2,Switched,1,1,1,1,1
609,2025,300,0,0,,,,0,0,1,1,0
609,2025,400,0,0,,,,0,0,0,1,0
609,2025,500,0,0,,,,0,0,0,0,0
609,2025,600,0,0,,,,0,0,0,0,0
609,2025,700,0,0,,,,0,1,0,1,0
610,2025,100,0,0,,,,0,1,1,1,0
610,2025,200,1,1,,,No Previous Data,1,1,1,1,1
610,2025,300,0,0,,,,0,0,0,1,0
610,2025,400,0,0,,,,0,0,0,1,0
610,2025,500,0,0,,,,0,0,0,0,0
610,2025,600,0,0,,,,1,1,1,1,0
610,2025,700,0,0,,,,0,0,0,1,0
611,2025,100,0,0,,,,1,1,1,1,1
611,2025,200,1,1,,,No Previous Data,1,1,1,1,1
611,2025,300,0,0,,,,1,1,1,1,1
611,2025,400,0,0,,,,0,0,0,1,0
611,2025,500,0,0,,,,0,0,0,1,0
611,2025,600,0,0,,,,0,0,0,1,0
611,2025,700,0,0,,,,1,1,0,1,1
612,2025,100,1,1,,,No Previous Data,1,1,1,1,1
612,2025,200,0,0,,,,0,0,1,1,0
612,2025,300,0,0,,,,0,0,0,1,0
612,2025,400,0,0,,,,0,0,0,0,0
612,2025,500,0,0,,,,0,0,0,0,0
612,2025,600,0,0,,,,0,0,0,1,0
612,2025,700,0,0,,,,0,0,0,0,0
613,2025,100,1,1,,,No Previous Data,1,1,1,1,1
613,2025,200,0,0,,,,1,1,1,1,1
613,2025,300,0,0,,,,0,1,0,1,0
613,2025,400,0,0,,,,1,1,1,1,1
613,2025,500,0,0,,,,0,0,0,1,0
613,2025,600,0,0,,,,0,0,0,0,0
613,2025,700,0,0,,,,0,1,0,1,0
614,2025,100,1,1,200.0,Olong Tea Plus,Switched,1,1,1,1,1
614,2025,200,0,0,,,,0,0,1,1,0
614,2025,300,0,0,,,,1,1,1,1,0
614,2025,400,0,0,,,,0,0,1,1,0
614,2025,500,0,0,,,,0,1,0,1,0
614,2025,600,0,0,,,,0,1,0,1,0
614,2025,700,0,0,,,,0,1,0,1,0
615,2025,100,0,0,,,,1,1,1,1,1
615,2025,200,0,0,,,,1,1,1,1,1
615,2025,300,1,1,100.0,C2,Switched,1,1,1,1,1
615,2025,400,0,0,,,,0,0,0,1,0
615,2025,500,0,0,,,,0,0,0,1,0
615,2025,600,0,0,,,,0,0,0,0,0
615,2025,700,0,0,,,,1,1,1,1,0
616,2025,100,0,0,,,,0,0,1,1,0
616,2025,200,0,0,,,,0,0,1,1,0
616,2025,300,1,1,,,No Previous Data,1,1,1,1,1
616,2025,400,0,0,,,,0,0,0,1,0
616,2025,500,0,0,,,,0,0,0,0,0
616,2025,600,0,0,,,,0,0,0,1,0
616,2025,700,0,0,,,,1,0,0,1,0
617,2025,100,0,0,,,,1,0,1,1,0
617,2025,200,0,0,,,,1,1,1,1,0
617,2025,300,1,1,,,No Previous Data,1,1,1,1,1
617,2025,400,0,0,,,,0,0,0,1,0
617,2025,500,0,0,,,,0,0,0,0,0
617,2025,600,0,0,,,,0,0,0,1,0
617,2025,700,0,0,,,,1,0,0,1,0
618,2025,100,0,0,,,,0,1,1,1,0
618,2025,200,0,0,,,,0,0,1,1,0
618,2025,300,1,1,200.0,Olong Tea Plus,Switched,1,1,1,1,1
618,2025,400,0,0,,,,1,1,1,1,0
618,2025,500,0,0,,,,0,1,0,1,0
618,2025,600,0,0,,,,0,0,0,1,0
618,2025,700,0,0,,,,0,1,0,1,0
619,2025,100,0,0,,,,1,1,1,1,1
619,2025,200,1,1,,,No Previous Data,1,1,1,1,1
619,2025,300,0,0,,,,0,1,0,1,0
619,2025,400,0,0,,,,0,0,1,1,0
619,2025,500,0,0,,,,0,0,0,1,0
619,2025,600,0,0,,,,1,0,0,1,0
619,2025,700,0,0,,,,1,1,0,1,0
620,2025,100,1,1,,,No Previous Data,1,1,1,1,1
620,2025,200,0,0,,,,0,1,1,1,0
620,2025,300,0,0,,,,0,1,1,1,0
620,2025,400,0,0,,,,0,0,0,1,0
620,2025,500,0,0,,,,0,1,0,1,0
620,2025,600,0,0,,,,0,0,0,1,0
620,2025,700,0,0,,,,0,1,1,1,0
621,2025,100,0,0,,,,0,0,0,0,0
621,2025,200,0,0,,,,0,0,0,0,0
621,2025,300,1,1,,,No Previous Data,1,1,1,1,1
621,2025,400,0,0,,,,0,0,1,1,0
621,2025,500,0,0,,,,0,0,0,0,0
621,2025,600,0,0,,,,0,0,0,0,0
621,2025,700,0,0,,,,1,1,1,1,0
622,2025,100,0,0,,,,0,0,0,0,0
622,2025,200,0,0,,,,0,0,0,0,0
622,2025,300,1,1,,,No Previous Data,1,1,1,1,1
622,2025,400,0,0,,,,0,0,0,0,0
622,2025,500,0,0,,,,0,0,0,0,0
622,2025,600,0,0,,,,0,0,0,0,0
622,2025,700,0,0,,,,0,0,0,0,0
623,2025,100,1,1,600.0,Dr. Thanh,Switched,1,1,1,1,1
623,2025,200,0,0,,,,1,1,1,1,0
623,2025,300,0,0,,,,0,0,0,1,0
623,2025,400,0,0,,,,0,0,0,1,0
623,2025,500,0,0,,,,0,0,0,1,0
623,2025,600,0,0,,,,1,1,0,1,1
623,2025,700,0,0,,,,0,0,0,1,0
624,2025,100,0,0,,,,0,0,0,0,0
624,2025,200,0,0,,,,1,0,0,1,0
624,2025,300,1,1,200.0,Olong Tea Plus,Switched,1,1,1,1,1
624,2025,400,0,0,,,,0,0,0,0,0
624,2025,500,0,0,,,,0,0,0,0,0
624,2025,600,0,0,,,,0,0,0,0,0
624,2025,700,0,0,,,,0,0,0,0,0
625,2025,100,0,0,,,,1,1,1,1,1
625,2025,200,1,1,,,No Previous Data,1,1,1,1,1
625,2025,300,0,0,,,,1,1,1,1,1
625,2025,400,0,0,,,,1,1,0,1,1
625,2025,500,0,0,,,,0,1,0,1,0
625,2025,600,0,0,,,,0,0,0,0,0
625,2025,700,0,0,,,,0,1,0,1,0
626,2025,100,1,1,200.0,Olong Tea Plus,Switched,1,1,1,1,1
626,2025,200,0,0,,,,1,1,0,1,1
626,2025,300,0,0,,,,1,1,0,1,1
626,2025,400,0,0,,,,1,1,0,1,1
626,2025,500,0,0,,,,0,0,0,0,0
626,2025,600,0,0,,,,0,0,0,0,0
626,2025,700,0,0,,,,0,0,0,0,0
627,2025,100,0,0,,,,0,1,0,1,0
627,2025,200,1,1,100.0,C2,Switched,1,1,1,1,1
627,2025,300,0,0,,,,0,0,0,0,0
627,2025,400,0,0,,,,0,0,0,0,0
627,2025,500,0,0,,,,0,0,0,0,0
627,2025,600,0,0,,,,0,0,0,0,0
627,2025,700,0,0,,,,0,0,0,0,0
628,2025,100,1,0,,,,0,1,1,1,0
628,2025,200,0,1,100.0,C2,Switched,1,1,0,1,1
628,2025,300,0,0,,,,0,0,0,0,0
628,2025,400,0,0,,,,0,0,0,0,0
628,2025,500,0,0,,,,0,0,0,0,0
628,2025,600,0,0,,,,0,0,0,0,0
628,2025,700,0,0,,,,0,0,0,0,0
629,2025,100,1,1,200.0,Olong Tea Plus,Switched,1,1,1,1,1
629,2025,200,0,0,,,,1,1,0,1,1
629,2025,300,0,0,,,,0,0,0,0,0
629,2025,400,0,0,,,,0,1,0,1,0
629,2025,500,0,0,,,,0,0,0,0,0
629,2025,600,0,0,,,,0,0,0,0,0
629,2025,700,0,0,,,,0,0,0,0,0
630,2025,100,0,0,,,,0,0,0,0,0
630,2025,200,0,0,,,,1,1,1,1,1
630,2025,300,1,1,200.0,Olong Tea Plus,Switched,1,1,1,1,1
630,2025,400,0,0,,,,1,1,0,1,1
630,2025,500,0,0,,,,0,0,0,0,0
630,2025,600,0,0,,,,0,0,0,0,0
630,2025,700,0,0,,,,1,1,0,1,0
631,2025,100,1,0,,,,1,1,1,1,1
631,2025,200,0,0,,,,1,1,1,1,1
631,2025,300,0,0,,,,0,1,1,1,0
631,2025,400,0,1,,,No Previous Data,1,1,1,1,1
631,2025,500,0,0,,,,0,1,0,1,0
631,2025,600,0,0,,,,0,0,0,0,0
631,2025,700,0,0,,,,0,1,0,1,0
632,2025,100,1,0,,,,0,1,1,1,0
632,2025,200,0,1,100.0,C2,Switched,1,1,0,1,1
632,2025,300,0,0,,,,0,0,0,0,0
632,2025,400,0,0,,,,0,0,0,0,0
632,2025,500,0,0,,,,0,0,0,0,0
632,2025,600,0,0,,,,0,0,0,0,0
632,2025,700,0,0,,,,0,0,0,0,0
633,2025,100,1,1,,,No Previous Data,1,1,1,1,1
633,2025,200,0,0,,,,1,1,0,1,1
633,2025,300,0,0,,,,0,0,0,0,0
633,2025,400,0,0,,,,1,1,0,1,1
633,2025,500,0,0,,,,0,0,0,0,0
633,2025,600,0,0,,,,0,0,0,0,0
633,2025,700,0,0,,,,0,0,0,0,0
634,2025,100,0,0,,,,1,1,0,1,1
634,2025,200,1,1,300.0,Không Độ,Switched,1,1,1,1,1
634,2025,300,0,0,,,,1,1,1,1,1
634,2025,400,0,0,,,,1,1,0,1,1
634,2025,500,0,0,,,,0,0,0,0,0
634,2025,600,0,0,,,,0,0,0,0,0
634,2025,700,0,0,,,,0,0,0,0,0
635,2025,100,1,0,,,,1,1,1,1,1
635,2025,200,0,0,,,,0,1,1,1,0
635,2025,300,0,1,,,No Previous Data,1,1,1,1,1
635,2025,400,0,0,,,,1,1,1,1,1
635,2025,500,0,0,,,,0,0,0,1,0
635,2025,600,0,0,,,,0,0,0,0,0
635,2025,700,0,0,,,,0,1,0,1,0
636,2025,100,0,0,,,,1,1,0,1,1
636,2025,200,0,0,,,,1,1,1,1,1
636,2025,300,0,0,,,,1,1,0,1,1
636,2025,400,1,1,200.0,Olong Tea Plus,Switched,1,1,1,1,1
636,2025,500,0,0,,,,0,0,0,0,0
636,2025,600,0,0,,,,0,0,0,0,0
636,2025,700,0,0,,,,0,0,0,0,0
637,2025,100,0,0,,,,1,1,1,1,1
637,2025,200,1,0,,,,0,1,1,1,0
637,2025,300,0,0,,,,1,1,1,1,1
637,2025,400,0,1,,,No Previous Data,1,1,1,1,1
637,2025,500,0,0,,,,0,0,0,1,0
637,2025,600,0,0,,,,0,0,0,1,0
637,2025,700,0,0,,,,1,1,1,1,0
638,2025,100,0,0,,,,1,1,1,1,1
638,2025,200,1,1,,,No Previous Data,1,1,1,1,1
638,2025,300,0,0,,,,0,0,0,0,0
638,2025,400,0,0,,,,1,1,0,1,1
638,2025,500,0,0,,,,0,0,0,0,0
638,2025,600,0,0,,,,0,0,0,0,0
638,2025,700,0,0,,,,0,0,0,0,0
639,2025,100,0,0,,,,1,1,1,1,1
639,2025,200,0,0,,,,0,1,1,1,0
639,2025,300,0,0,,,,1,1,1,1,1
639,2025,400,1,1,,,No Previous Data,1,1,1,1,1
639,2025,500,0,0,,,,0,0,0,1,0
639,2025,600,0,0,,,,0,1,0,1,0
639,2025,700,0,0,,,,1,1,0,1,0
640,2025,100,1,0,,,,1,1,1,1,1
640,2025,200,0,1,700.0,Khác,Switched,1,1,1,1,1
640,2025,300,0,0,,,,0,0,0,0,0
640,2025,400,0,0,,,,0,1,1,1,0
640,2025,500,0,0,,,,0,0,0,0,0
640,2025,600,0,0,,,,0,0,0,0,0
640,2025,700,0,0,,,,0,1,0,1,0
641,2025,100,1,0,,,,1,1,1,1,0
641,2025,200,0,0,,,,1,1,1,1,1
641,2025,300,0,1,,,No Previous Data,1,1,1,1,1
641,2025,400,0,0,,,,1,1,1,1,1
641,2025,500,0,0,,,,0,0,0,1,0
641,2025,600,0,0,,,,0,0,0,0,0
641,2025,700,0,0,,,,1,1,1,1,0
642,2025,100,0,0,,,,1,1,1,1,1
642,2025,200,0,0,,,,0,1,1,1,0
642,2025,300,0,0,,,,1,1,1,1,1
642,2025,400,1,1,200.0,Olong Tea Plus,Switched,1,1,1,1,1
642,2025,500,0,0,,,,0,0,0,0,0
642,2025,600,0,0,,,,1,1,0,1,1
642,2025,700,0,0,,,,0,1,0,1,0
643,2025,100,1,0,,,,0,1,1,1,0
643,2025,200,0,1,100.0,C2,Switched,1,1,1,1,1
643,2025,300,0,0,,,,0,1,1,1,0
643,2025,400,0,0,,,,1,1,1,1,1
643,2025,500,0,0,,,,0,0,0,0,0
643,2025,600,0,0,,,,0,0,0,0,0
643,2025,700,0,0,,,,0,0,0,0,0
644,2025,100,0,0,,,,1,1,1,1,1
644,2025,200,0,1,,,No Previous Data,1,1,1,1,1
644,2025,300,0,0,,,,0,1,1,1,0
644,2025,400,1,0,,,,1,1,1,1,0
644,2025,500,0,0,,,,0,1,0,1,0
644,2025,600,0,0,,,,0,1,0,1,0
644,2025,700,0,0,,,,1,1,0,1,0
645,2025,100,0,0,,,,1,1,1,1,1
645,2025,200,1,0,,,,1,1,1,1,1
645,2025,300,0,0,,,,1,1,1,1,1
645,2025,400,0,1,,,No Previous Data,1,1,1,1,1
645,2025,500,0,0,,,,1,0,0,1,0
645,2025,600,0,0,,,,1,1,0,1,0
645,2025,700,0,0,,,,0,1,0,1,0
646,2025,100,1,0,,,,0,1,1,1,0
646,2025,200,0,1,400.0,Cozy,Switched,1,1,1,1,1
646,2025,300,0,0,,,,0,0,0,0,0
646,2025,400,0,0,,,,1,1,1,1,1
646,2025,500,0,0,,,,0,0,0,0,0
646,2025,600,0,0,,,,0,0,0,0,0
646,2025,700,0,0,,,,0,1,0,1,0
647,2025,100,1,0,,,,0,1,1,1,0
647,2025,200,0,1,100.0,C2,Switched,1,1,1,1,1
647,2025,300,0,0,,,,1,1,1,1,1
647,2025,400,0,0,,,,0,1,1,1,0
647,2025,500,0,0,,,,0,0,0,0,0
647,2025,600,0,0,,,,0,0,0,0,0
647,2025,700,0,0,,,,0,1,0,1,0
648,2025,100,0,0,,,,0,0,1,1,0
648,2025,200,1,1,,,No Previous Data,1,1,1,1,1
648,2025,300,0,0,,,,0,0,0,1,0
648,2025,400,0,0,,,,1,1,1,1,1
648,2025,500,0,0,,,,0,0,0,1,0
648,2025,600,0,0,,,,1,0,0,1,0
648,2025,700,0,0,,,,0,0,0,1,0
649,2025,100,0,0,,,,0,1,1,1,0
649,2025,200,1,1,,,No Previous Data,1,1,1,1,1
649,2025,300,0,0,,,,0,0,1,1,0
649,2025,400,0,0,,,,0,0,0,1,0
649,2025,500,0,0,,,,0,0,0,1,0
649,2025,600,0,0,,,,1,1,1,1,1
649,2025,700,0,0,,,,0,0,0,1,0
650,2025,100,0,0,,,,1,1,1,1,1
650,2025,200,1,1,,,No Previous Data,1,1,1,1,1
650,2025,300,0,0,,,,0,1,0,1,0
650,2025,400,0,0,,,,0,0,1,1,0
650,2025,500,0,0,,,,0,0,0,1,0
650,2025,600,0,0,,,,0,0,0,1,0
650,2025,700,0,0,,,,0,0,0,1,0
651,2025,100,0,0,,,,1,1,1,1,1
651,2025,200,1,1,,,No Previous Data,1,1,1,1,1
651,2025,300,0,0,,,,0,1,1,1,0
651,2025,400,0,0,,,,1,1,1,1,1
651,2025,500,0,0,,,,0,1,0,1,0
651,2025,600,0,0,,,,0,0,0,1,0
651,2025,700,0,0,,,,0,1,0,1,0
652,2025,100,0,0,,,,1,1,1,1,1
652,2025,200,0,0,,,,1,1,1,1,1
652,2025,300,1,1,,,No Previous Data,1,1,1,1,1
652,2025,400,0,0,,,,1,1,1,1,1
652,2025,500,0,0,,,,1,1,1,1,1
652,2025,600,0,0,,,,0,1,0,1,0
652,2025,700,0,0,,,,0,1,0,1,0
653,2025,100,0,0,,,,1,1,1,1,1
653,2025,200,1,1,,,No Previous Data,1,1,1,1,1
653,2025,300,0,0,,,,1,1,1,1,1
653,2025,400,0,0,,,,0,1,1,1,0
653,2025,500,0,0,,,,1,1,0,1,1
653,2025,600,0,0,,,,0,1,0,1,0
653,2025,700,0,0,,,,1,1,0,1,1
654,2025,100,0,0,,,,1,1,1,1,1
654,2025,200,0,0,,,,1,1,1,1,1
654,2025,300,1,1,,,No Previous Data,1,1,1,1,1
654,2025,400,0,0,,,,1,1,1,1,1
654,2025,500,0,0,,,,0,1,0,1,0
654,2025,600,0,0,,,,0,0,0,1,0
654,2025,700,0,0,,,,0,1,0,1,0
655,2025,100,0,0,,,,1,1,1,1,0
655,2025,200,1,1,,,No Previous Data,1,1,1,1,1
655,2025,300,0,0,,,,0,1,0,1,0
655,2025,400,0,0,,,,0,0,1,1,0
655,2025,500,0,0,,,,0,1,0,1,0
655,2025,600,0,0,,,,0,1,0,1,0
655,2025,700,0,0,,,,0,1,0,1,0
656,2025,100,1,1,,,No Previous Data,1,1,1,1,1
656,2025,200,0,0,,,,0,1,1,1,0
656,2025,300,0,0,,,,0,1,1,1,0
656,2025,400,0,0,,,,0,0,1,1,0
656,2025,500,0,0,,,,0,1,0,1,0
656,2025,600,0,0,,,,0,0,0,1,0
656,2025,700,0,0,,,,0,1,0,1,0
657,2025,100,0,0,,,,0,0,1,1,0
657,2025,200,0,0,,,,1,1,1,1,1
657,2025,300,1,1,,,No Previous Data,1,1,1,1,1
657,2025,400,0,0,,,,0,0,0,1,0
657,2025,500,0,0,,,,0,0,0,0,0
657,2025,600,0,0,,,,0,0,0,1,0
657,2025,700,0,0,,,,0,0,0,0,0
658,2025,100,0,0,,,,1,1,1,1,1
658,2025,200,1,1,,,No Previous Data,1,1,1,1,1
658,2025,300,0,0,,,,0,0,0,1,0
658,2025,400,0,0,,,,0,0,0,0,0
658,2025,500,0,0,,,,0,0,0,0,0
658,2025,600,0,0,,,,0,0,0,0,0
658,2025,700,0,0,,,,0,0,0,1,0
659,2025,100,0,0,,,,0,0,1,1,0
659,2025,200,0,0,,,,1,1,1,1,1
659,2025,300,0,0,,,,0,0,0,1,0
659,2025,400,1,1,,,No Previous Data,1,1,1,1,1
659,2025,500,0,0,,,,0,0,0,0,0
659,2025,600,0,0,,,,0,0,0,1,0
659,2025,700,0,0,,,,0,0,0,0,0
660,2025,100,1,0,,,,1,1,1,1,1
660,2025,200,0,0,,,,0,1,0,1,0
660,2025,300,0,0,,,,1,1,0,1,1
660,2025,400,0,1,,,No Previous Data,1,1,0,1,1
660,2025,500,0,0,,,,1,1,0,1,1
660,2025,600,0,0,,,,0,0,0,0,0
660,2025,700,0,0,,,,0,0,0,1,0
661,2025,100,0,0,,,,1,1,1,1,1
661,2025,200,0,1,,,No Previous Data,1,1,1,1,1
661,2025,300,0,0,,,,0,1,1,1,0
661,2025,400,1,0,,,,1,1,1,1,1
661,2025,500,0,0,,,,0,0,0,0,0
661,2025,600,0,0,,,,0,0,0,1,0
661,2025,700,0,0,,,,1,1,0,1,1
662,2025,100,0,0,,,,0,1,0,1,0
662,2025,200,0,0,,,,0,1,0,1,0
662,2025,300,1,1,200.0,Olong Tea Plus,Switched,1,1,1,1,1
662,2025,400,0,0,,,,0,0,0,1,0
662,2025,500,0,0,,,,1,1,0,1,1
662,2025,600,0,0,,,,1,1,0,1,1
662,2025,700,0,0,,,,1,1,0,1,1
663,2025,100,1,1,,,No Previous Data,1,1,1,1,1
663,2025,200,0,0,,,,1,1,0,1,1
663,2025,300,0,0,,,,1,1,0,1,1
663,2025,400,0,0,,,,1,1,0,1,1
663,2025,500,0,0,,,,0,0,0,0,0
663,2025,600,0,0,,,,0,0,0,0,0
663,2025,700,0,0,,,,1,1,0,1,0
664,2025,100,1,1,,,No Previous Data,1,1,1,1,1
664,2025,200,0,0,,,,1,1,0,1,1
664,2025,300,0,0,,,,1,1,0,1,1
664,2025,400,0,0,,,,0,0,0,0,0
664,2025,500,0,0,,,,0,0,0,0,0
664,2025,600,0,0,,,,0,0,0,0,0
664,2025,700,0,0,,,,1,1,0,1,1
665,2025,100,0,0,,,,1,1,1,1,1
665,2025,200,0,0,,,,1,1,1,1,1
665,2025,300,1,1,200.0,Olong Tea Plus,Switched,1,1,1,1,1
665,2025,400,0,0,,,,0,0,0,1,0
665,2025,500,0,0,,,,0,1,0,1,0
665,2025,600,0,0,,,,0,0,0,0,0
665,2025,700,0,0,,,,1,1,1,1,1
666,2025,100,0,0,,,,1,1,1,1,1
666,2025,200,1,1,,,No Previous Data,1,1,1,1,1
666,2025,300,0,0,,,,0,1,0,1,0
666,2025,400,0,0,,,,0,0,0,1,0
666,2025,500,0,0,,,,0,0,0,1,0
666,2025,600,0,0,,,,0,0,0,1,0
666,2025,700,0,0,,,,1,1,1,1,0
667,2025,100,1,1,,,No Previous Data,1,1,1,1,1
667,2025,200,0,0,,,,1,1,1,1,1
667,2025,300,0,0,,,,1,1,0,1,1
667,2025,400,0,0,,,,1,1,0,1,1
667,2025,500,0,0,,,,0,0,0,1,0
667,2025,600,0,0,,,,0,0,0,0,0
667,2025,700,0,0,,,,0,0,0,1,0
668,2025,100,1,0,,,,1,1,1,1,1
668,2025,200,0,0,,,,1,1,1,1,1
668,2025,300,0,0,,,,1,1,1,1,1
668,2025,400,0,1,,,No Previous Data,1,1,1,1,1
668,2025,500,0,0,,,,0,0,0,0,0
668,2025,600,0,0,,,,1,1,0,1,1
668,2025,700,0,0,,,,0,1,0,1,0
669,2025,100,1,1,,,No Previous Data,1,1,1,1,1
669,2025,200,0,0,,,,1,1,1,1,0
669,2025,300,0,0,,,,0,0,1,1,0
669,2025,400,0,0,,,,0,0,0,1,0
669,2025,500,0,0,,,,0,1,0,1,0
669,2025,600,0,0,,,,0,0,0,1,0
669,2025,700,0,0,,,,0,0,0,1,0
670,2025,100,0,0,,,,0,0,1,1,0
670,2025,200,0,0,,,,0,0,1,1,0
670,2025,300,1,1,400.0,Cozy,Switched,1,1,1,1,1
670,2025,400,0,0,,,,1,0,1,1,0
670,2025,500,0,0,,,,0,0,0,1,0
670,2025,600,0,0,,,,0,0,0,1,0
670,2025,700,0,0,,,,1,1,1,1,0
671,2025,100,0,0,,,,1,1,1,1,1
671,2025,200,0,0,,,,0,0,0,1,0
671,2025,300,1,1,,,No Previous Data,1,1,1,1,1
671,2025,400,0,0,,,,0,0,0,1,0
671,2025,500,0,0,,,,0,1,0,1,0
671,2025,600,0,0,,,,0,0,0,1,0
671,2025,700,0,0,,,,0,0,0,1,0
672,2025,100,0,0,,,,1,1,1,1,1
672,2025,200,1,1,,,No Previous Data,1,1,1,1,1
672,2025,300,0,0,,,,0,0,0,1,0
672,2025,400,0,0,,,,0,0,0,1,0
672,2025,500,0,0,,,,0,0,0,0,0
672,2025,600,0,0,,,,0,0,0,1,0
672,2025,700,0,0,,,,0,1,0,1,0
673,2025,100,1,1,,,No Previous Data,1,1,1,1,1
673,2025,200,0,0,,,,1,1,0,1,1
673,2025,300,0,0,,,,1,1,1,1,0
673,2025,400,0,0,,,,0,0,0,1,0
673,2025,500,0,0,,,,0,0,0,0,0
673,2025,600,0,0,,,,0,0,0,1,0
673,2025,700,0,0,,,,0,0,0,1,0
674,2025,100,0,0,,,,1,1,1,1,1
674,2025,200,1,1,,,No Previous Data,1,1,1,1,1
674,2025,300,0,0,,,,1,1,1,1,0
674,2025,400,0,0,,,,0,0,0,1,0
674,2025,500,0,0,,,,0,0,0,1,0
674,2025,600,0,0,,,,0,0,0,0,0
674,2025,700,0,0,,,,1,1,1,1,0
675,2025,100,1,1,,,No Previous Data,1,1,1,1,1
675,2025,200,0,0,,,,1,1,1,1,0
675,2025,300,0,0,,,,0,0,0,1,0
675,2025,400,0,0,,,,0,0,1,1,0
675,2025,500,0,0,,,,0,0,0,0,0
675,2025,600,0,0,,,,0,0,1,1,0
675,2025,700,0,0,,,,0,0,0,0,0
676,2025,100,1,1,200.0,Olong Tea Plus,Switched,1,1,1,1,1
676,2025,200,0,0,,,,1,1,1,1,1
676,2025,300,0,0,,,,0,0,0,1,0
676,2025,400,0,0,,,,1,1,0,1,1
676,2025,500,0,0,,,,0,0,0,0,0
676,2025,600,0,0,,,,0,0,0,0,0
676,2025,700,0,0,,,,0,0,0,1,0
677,2025,100,1,1,,,No Previous Data,1,1,1,1,1
677,2025,200,0,0,,,,1,1,1,1,0
677,2025,300,0,0,,,,0,0,0,1,0
677,2025,400,0,0,,,,0,0,0,1,0
677,2025,500,0,0,,,,0,0,0,1,0
677,2025,600,0,0,,,,0,0,0,0,0
677,2025,700,0,0,,,,0,1,0,1,0
678,2025,100,0,0,,,,0,0,0,1,0
678,2025,200,1,1,,,No Previous Data,1,1,1,1,1
678,2025,300,0,0,,,,1,1,1,1,0
678,2025,400,0,0,,,,0,0,0,1,0
678,2025,500,0,0,,,,0,0,0,1,0
678,2025,600,0,0,,,,0,0,1,1,0
678,2025,700,0,0,,,,0,0,0,1,0
679,2025,100,0,0,,,,1,0,0,1,0
679,2025,200,0,0,,,,1,1,0,1,1
679,2025,300,1,1,200.0,Olong Tea Plus,Switched,1,1,1,1,1
679,2025,400,0,0,,,,0,0,0,1,0
679,2025,500,0,0,,,,0,0,0,0,0
679,2025,600,0,0,,,,0,0,0,1,0
679,2025,700,0,0,,,,0,0,0,1,0
680,2025,100,0,0,,,,1,1,1,1,0
680,2025,200,1,1,,,No Previous Data,1,1,1,1,1
680,2025,300,0,0,,,,0,1,0,1,0
680,2025,400,0,0,,,,0,0,0,1,0
680,2025,500,0,0,,,,0,0,0,0,0
680,2025,600,0,0,,,,0,0,0,1,0
680,2025,700,0,0,,,,0,0,0,1,0
681,2025,100,1,1,,,No Previous Data,1,1,1,1,1
681,2025,200,0,0,,,,1,1,1,1,0
681,2025,300,0,0,,,,0,1,0,1,0
681,2025,400,0,0,,,,0,0,1,1,0
681,2025,500,0,0,,,,1,0,0,1,0
681,2025,600,0,0,,,,0,0,0,0,0
681,2025,700,0,0,,,,0,0,0,1,0
682,2025,100,0,0,,,,0,0,0,1,0
682,2025,200,1,1,100.0,C2,Switched,1,1,1,1,1
682,2025,300,0,0,,,,1,1,1,1,1
682,2025,400,0,0,,,,0,0,0,1,0
682,2025,500,0,0,,,,0,0,0,0,0
682,2025,600,0,0,,,,0,0,0,1,0
682,2025,700,0,0,,,,0,0,0,0,0
683,2025,100,0,0,,,,0,1,1,1,0
683,2025,200,0,0,,,,1,1,1,1,1
683,2025,300,1,1,200.0,Olong Tea Plus,Switched,1,1,1,1,1
683,2025,400,0,0,,,,0,0,0,1,0
683,2025,500,0,0,,,,0,0,0,1,0
683,2025,600,0,0,,,,0,0,0,0,0
683,2025,700,0,0,,,,0,0,0,1,0
684,2025,100,0,1,,,No Previous Data,1,1,1,1,1
684,2025,200,1,0,,,,1,0,1,1,0
684,2025,300,0,0,,,,1,0,0,1,0
684,2025,400,0,0,,,,0,0,0,1,0
684,2025,500,0,0,,,,0,0,0,0,0
684,2025,600,0,0,,,,0,0,0,1,0
684,2025,700,0,0,,,,0,1,0,1,0
685,2025,100,0,0,,,,0,1,0,1,0
685,2025,200,1,1,,,No Previous Data,1,1,1,1,1
685,2025,300,0,0,,,,0,0,1,1,0
685,2025,400,0,0,,,,1,0,1,1,0
685,2025,500,0,0,,,,0,0,0,0,0
685,2025,600,0,0,,,,0,0,0,1,0
685,2025,700,0,0,,,,0,0,0,1,0
686,2025,100,1,1,,,No Previous Data,1,1,1,1,1
686,2025,200,0,0,,,,0,0,1,1,0
686,2025,300,0,0,,,,0,0,0,1,0
686,2025,400,0,0,,,,0,0,0,1,0
686,2025,500,0,0,,,,0,0,0,1,0
686,2025,600,0,0,,,,1,0,0,1,0
686,2025,700,0,0,,,,1,1,1,1,0
687,2025,100,0,0,,,,0,0,1,1,0
687,2025,200,0,0,,,,0,0,0,1,0
687,2025,300,1,1,,,No Previous Data,1,1,1,1,1
687,2025,400,0,0,,,,0,0,0,1,0
687,2025,500,0,0,,,,0,0,0,1,0
687,2025,600,0,0,,,,0,0,0,1,0
687,2025,700,0,0,,,,0,0,0,1,0
688,2025,100,0,0,,,,0,1,1,1,0
688,2025,200,1,1,,,No Previous Data,1,1,1,1,1
688,2025,300,0,0,,,,1,1,1,1,1
688,2025,400,0,0,,,,1,1,1,1,0
688,2025,500,0,0,,,,0,0,0,0,0
688,2025,600,0,0,,,,0,0,0,0,0
688,2025,700,0,0,,,,0,1,0,1,0
689,2025,100,0,0,,,,0,0,0,1,0
689,2025,200,0,0,,,,1,1,1,1,1
689,2025,300,1,1,200.0,Olong Tea Plus,Switched,1,1,1,1,1
689,2025,400,0,0,,,,1,1,1,1,1
689,2025,500,0,0,,,,0,0,0,1,0
689,2025,600,0,0,,,,0,0,0,1,0
689,2025,700,0,0,,,,0,0,0,0,0
690,2025,100,0,0,,,,1,1,1,1,1
690,2025,200,0,0,,,,1,1,1,1,1
690,2025,300,1,1,200.0,Olong Tea Plus,Switched,1,1,1,1,1
690,2025,400,0,0,,,,0,1,0,1,0
690,2025,500,0,0,,,,0,0,0,0,0
690,2025,600,0,0,,,,0,0,0,1,0
690,2025,700,0,0,,,,0,1,1,1,0
691,2025,100,0,0,,,,0,0,0,1,0
691,2025,200,1,0,,,,1,1,1,1,1
691,2025,300,0,0,,,,0,0,1,1,0
691,2025,400,0,1,200.0,Olong Tea Plus,Switched,1,1,1,1,1
691,2025,500,0,0,,,,0,1,0,1,0
691,2025,600,0,0,,,,0,0,0,1,0
691,2025,700,0,0,,,,0,1,0,1,0
692,2025,100,0,0,,,,0,1,1,1,0
692,2025,200,0,0,,,,1,1,1,1,0
692,2025,300,1,1,400.0,Cozy,Switched,1,1,1,1,1
692,2025,400,0,0,,,,0,1,0,1,0
692,2025,500,0,0,,,,0,0,0,0,0
692,2025,600,0,0,,,,0,0,0,0,0
692,2025,700,0,0,,,,1,1,0,1,0
693,2025,100,1,1,,,No Previous Data,1,1,1,1,1
693,2025,200,0,0,,,,1,1,1,1,1
693,2025,300,0,0,,,,0,1,0,1,0
693,2025,400,0,0,,,,0,0,1,1,0
693,2025,500,0,0,,,,0,0,0,1,0
693,2025,600,0,0,,,,0,0,0,1,0
693,2025,700,0,0,,,,0,1,0,1,0
694,2025,100,0,0,,,,0,0,0,1,0
694,2025,200,0,0,,,,1,1,1,1,1
694,2025,300,1,1,,,No Previous Data,1,1,1,1,1
694,2025,400,0,0,,,,1,1,1,1,1
694,2025,500,0,0,,,,0,0,0,0,0
694,2025,600,0,0,,,,0,0,0,1,0
694,2025,700,0,0,,,,0,0,0,0,0
695,2025,100,0,0,,,,1,1,1,1,1
695,2025,200,0,0,,,,1,1,0,1,0
695,2025,300,1,1,100.0,C2,Switched,1,1,1,1,1
695,2025,400,0,0,,,,1,1,0,1,0
695,2025,500,0,0,,,,0,0,0,0,0
695,2025,600,0,0,,,,0,0,0,1,0
695,2025,700,0,0,,,,1,1,1,1,0
696,2025,100,0,0,,,,1,1,0,1,1
696,2025,200,1,1,,,No Previous Data,1,1,1,1,1
696,2025,300,0,0,,,,0,0,0,1,0
696,2025,400,0,0,,,,0,0,0,0,0
696,2025,500,0,0,,,,0,0,0,0,0
696,2025,600,0,0,,,,0,0,0,1,0
696,2025,700,0,0,,,,0,0,0,1,0
697,2025,100,0,0,,,,1,1,1,1,1
697,2025,200,1,1,,,No Previous Data,1,1,1,1,1
697,2025,300,0,0,,,,0,0,0,1,0
697,2025,400,0,0,,,,1,1,0,1,1
697,2025,500,0,0,,,,0,0,0,0,0
697,2025,600,0,0,,,,0,0,0,0,0
697,2025,700,0,0,,,,0,0,0,0,0
698,2025,100,1,1,,,No Previous Data,1,1,1,1,1
698,2025,200,0,0,,,,1,1,1,1,1
698,2025,300,0,0,,,,0,0,0,1,0
698,2025,400,0,0,,,,0,0,0,1,0
698,2025,500,0,0,,,,0,0,0,0,0
698,2025,600,0,0,,,,0,0,0,1,0
698,2025,700,0,0,,,,0,0,0,1,0
699,2025,100,0,0,,,,0,0,1,1,0
699,2025,200,0,0,,,,1,1,1,1,0
699,2025,300,1,1,,,No Previous Data,1,1,1,1,1
699,2025,400,0,0,,,,0,0,0,1,0
699,2025,500,0,0,,,,0,0,0,0,0
699,2025,600,0,0,,,,0,0,0,1,0
699,2025,700,0,0,,,,0,0,0,1,0
700,2025,100,1,1,,,No Previous Data,1,1,1,1,1
700,2025,200,0,0,,,,0,1,1,1,0
700,2025,300,0,0,,,,0,1,1,1,0
700,2025,400,0,0,,,,0,1,0,1,0
700,2025,500,0,0,,,,0,0,0,0,0
700,2025,600,0,0,,,,0,0,0,1,0
700,2025,700,0,0,,,,0,0,0,1,0
701,2025,100,0,1,300.0,Không Độ,Switched,1,1,1,1,1
701,2025,200,0,0,,,,0,0,0,1,0
701,2025,300,1,0,,,,1,1,1,1,0
701,2025,400,0,0,,,,1,1,0,1,1
701,2025,500,0,0,,,,0,0,0,0,0
701,2025,600,0,0,,,,0,0,0,0,0
701,2025,700,0,0,,,,0,0,0,1,0
702,2025,100,0,0,,,,0,0,1,1,0
702,2025,200,0,0,,,,0,0,0,1,0
702,2025,300,1,0,,,,0,1,1,1,0
702,2025,400,0,0,,,,0,0,0,1,0
702,2025,500,0,0,,,,0,0,0,1,0
702,2025,600,0,0,,,,0,1,0,1,0
702,2025,700,0,1,700.0,Khác,Loyal,1,1,0,1,1
703,2025,100,0,0,,,,1,1,1,1,1
703,2025,200,0,1,100.0,C2,Switched,1,1,1,1,1
703,2025,300,1,0,,,,1,1,1,1,1
703,2025,400,0,0,,,,0,0,0,0,0
703,2025,500,0,0,,,,0,1,0,1,0
703,2025,600,0,0,,,,0,0,0,0,0
703,2025,700,0,0,,,,1,1,0,1,1
704,2025,100,1,0,,,,1,1,1,1,1
704,2025,200,0,1,700.0,Khác,Switched,1,1,1,1,1
704,2025,300,0,0,,,,1,1,1,1,1
704,2025,400,0,0,,,,1,1,1,1,1
704,2025,500,0,0,,,,1,1,0,1,0
704,2025,600,0,0,,,,1,1,0,1,1
704,2025,700,0,0,,,,1,1,0,1,1
705,2025,100,1,0,,,,1,1,1,1,1
705,2025,200,0,0,,,,1,1,0,1,1
705,2025,300,0,1,100.0,C2,Switched,1,1,0,1,1
705,2025,400,0,0,,,,1,1,0,1,1
705,2025,500,0,0,,,,0,0,0,0,0
705,2025,600,0,0,,,,0,0,0,0,0
705,2025,700,0,0,,,,0,1,0,1,0
706,2025,100,0,0,,,,0,0,0,0,0
706,2025,200,0,0,,,,0,1,0,1,0
706,2025,300,1,0,,,,1,1,1,1,1
706,2025,400,0,1,300.0,Không Độ,Switched,1,1,0,1,1
706,2025,500,0,0,,,,0,0,0,0,0
706,2025,600,0,0,,,,0,0,0,0,0
706,2025,700,0,0,,,,0,0,0,0,0
707,2025,100,1,1,400.0,Cozy,Switched,1,1,1,1,1
707,2025,200,0,0,,,,1,1,0,1,1
707,2025,300,0,0,,,,1,1,0,1,1
707,2025,400,0,0,,,,1,1,0,1,1
707,2025,500,0,0,,,,0,0,0,0,0
707,2025,600,0,0,,,,1,1,0,1,1
707,2025,700,0,0,,,,1,1,0,1,1
708,2025,100,0,0,,,,0,0,0,1,0
708,2025,200,0,0,,,,0,0,0,1,0
708,2025,300,1,1,500.0,Boncha,Switched,1,1,1,1,1
708,2025,400,0,0,,,,0,0,0,1,0
708,2025,500,0,0,,,,1,1,1,1,1
708,2025,600,0,0,,,,0,0,0,1,0
708,2025,700,0,0,,,,1,1,1,1,1
709,2025,100,0,0,,,,1,1,0,1,1
709,2025,200,1,0,,,,1,1,1,1,1
709,2025,300,0,0,,,,0,0,0,1,0
709,2025,400,0,0,,,,0,0,0,1,0
709,2025,500,0,1,200.0,Olong Tea Plus,Switched,1,1,0,1,1
709,2025,600,0,0,,,,0,0,0,0,0
709,2025,700,0,0,,,,1,1,0,1,0
710,2025,100,1,1,200.0,Olong Tea Plus,Switched,1,1,1,1,1
710,2025,200,0,0,,,,1,1,1,1,1
710,2025,300,0,0,,,,1,1,1,1,1
710,2025,400,0,0,,,,0,1,1,1,0
710,2025,500,0,0,,,,1,1,0,1,0
710,2025,600,0,0,,,,0,0,0,0,0
710,2025,700,0,0,,,,1,1,0,1,0
711,2025,100,0,0,,,,1,1,1,1,1
711,2025,200,1,0,,,,1,1,1,1,1
711,2025,300,0,1,200.0,Olong Tea Plus,Switched,1,1,1,1,1
711,2025,400,0,0,,,,1,0,0,1,0
711,2025,500,0,0,,,,0,1,1,1,0
711,2025,600,0,0,,,,0,0,0,1,0
711,2025,700,0,0,,,,0,1,0,1,0
712,2025,100,0,1,700.0,Khác,Switched,1,1,1,1,1
712,2025,200,1,0,,,,1,0,1,1,0
712,2025,300,0,0,,,,1,0,1,1,0
712,2025,400,0,0,,,,0,0,0,1,0
712,2025,500,0,0,,,,0,0,0,1,0
712,2025,600,0,0,,,,0,0,0,1,0
712,2025,700,0,0,,,,0,1,0,1,0
713,2025,100,1,0,,,,0,0,1,1,0
713,2025,200,0,0,,,,1,0,0,1,0
713,2025,300,0,0,,,,0,0,1,1,0
713,2025,400,0,1,700.0,Khác,Switched,1,1,0,1,1
713,2025,500,0,0,,,,0,1,1,1,0
713,2025,600,0,0,,,,0,0,0,1,0
713,2025,700,0,0,,,,1,0,0,1,0
714,2025,100,1,1,200.0,Olong Tea Plus,Switched,1,1,1,1,1
714,2025,200,0,0,,,,0,1,1,1,0
714,2025,300,0,0,,,,0,0,0,1,0
714,2025,400,0,0,,,,0,0,0,1,0
714,2025,500,0,0,,,,0,0,0,0,0
714,2025,600,0,0,,,,0,0,0,1,0
714,2025,700,0,0,,,,1,1,0,1,0
715,2025,100,0,0,,,,1,1,1,1,1
715,2025,200,0,0,,,,0,0,0,1,0
715,2025,300,1,0,,,,0,0,1,1,0
715,2025,400,0,0,,,,0,0,0,0,0
715,2025,500,0,0,,,,0,0,0,1,0
715,2025,600,0,0,,,,0,0,0,0,0
715,2025,700,0,1,100.0,C2,Switched,1,1,0,1,1
716,2025,100,0,1,200.0,Olong Tea Plus,Switched,1,1,1,1,1
716,2025,200,0,0,,,,1,1,0,1,1
716,2025,300,1,0,,,,1,1,1,1,1
716,2025,400,0,0,,,,1,1,0,1,0
716,2025,500,0,0,,,,1,1,1,1,1
716,2025,600,0,0,,,,0,1,0,1,0
716,2025,700,0,0,,,,1,1,0,1,1
717,2025,100,1,0,,,,1,1,1,1,1
717,2025,200,0,0,,,,0,0,0,0,0
717,2025,300,0,0,,,,1,1,1,1,1
717,2025,400,0,0,,,,0,0,0,0,0
717,2025,500,0,1,100.0,C2,Switched,1,1,0,1,1
717,2025,600,0,0,,,,0,0,0,1,0
717,2025,700,0,0,,,,1,1,0,1,0
718,2025,100,0,0,,,,1,1,1,1,1
718,2025,200,0,0,,,,0,0,1,1,0
718,2025,300,1,1,,,No Previous Data,1,1,1,1,1
718,2025,400,0,0,,,,0,1,1,1,0
718,2025,500,0,0,,,,0,0,0,0,0
718,2025,600,0,0,,,,0,0,0,0,0
718,2025,700,0,0,,,,0,0,0,0,0
719,2025,100,1,0,,,,1,1,1,1,1
719,2025,200,0,0,,,,0,0,0,1,0
719,2025,300,0,1,600.0,Dr. Thanh,Switched,1,1,1,1,1
719,2025,400,0,0,,,,0,0,1,1,0
719,2025,500,0,0,,,,1,1,0,1,1
719,2025,600,0,0,,,,1,0,0,1,0
719,2025,700,0,0,,,,1,1,0,1,1
720,2025,100,0,0,,,,1,1,1,1,1
720,2025,200,0,0,,,,0,1,1,1,0
720,2025,300,1,1,600.0,Dr. Thanh,Switched,1,1,1,1,1
720,2025,400,0,0,,,,1,1,1,1,1
720,2025,500,0,0,,,,0,0,0,0,0
720,2025,600,0,0,,,,0,0,0,1,0
720,2025,700,0,0,,,,0,0,0,0,0
721,2025,100,1,1,200.0,Olong Tea Plus,Switched,1,1,1,1,1
721,2025,200,0,0,,,,0,0,1,1,0
721,2025,300,0,0,,,,0,1,0,1,0
721,2025,400,0,0,,,,0,0,0,1,0
721,2025,500,0,0,,,,0,0,0,1,0
721,2025,600,0,0,,,,0,0,0,1,0
721,2025,700,0,0,,,,0,0,0,1,0
722,2025,100,0,0,,,,0,0,1,1,0
722,2025,200,0,0,,,,1,1,1,1,0
722,2025,300,1,1,,,No Previous Data,1,1,1,1,1
722,2025,400,0,0,,,,0,0,0,1,0
722,2025,500,0,0,,,,0,0,0,1,0
722,2025,600,0,0,,,,0,0,0,1,0
722,2025,700,0,0,,,,0,0,0,1,0
723,2025,100,0,0,,,,1,1,1,1,1
723,2025,200,1,1,400.0,Cozy,Switched,1,1,1,1,1
723,2025,300,0,0,,,,1,1,1,1,0
723,2025,400,0,0,,,,1,1,1,1,1
723,2025,500,0,0,,,,0,0,0,0,0
723,2025,600,0,0,,,,0,0,0,1,0
723,2025,700,0,0,,,,0,0,0,1,0
724,2025,100,1,1,,,No Previous Data,1,1,1,1,1
724,2025,200,0,0,,,,0,0,1,1,0
724,2025,300,0,0,,,,0,0,0,1,0
724,2025,400,0,0,,,,0,0,0,1,0
724,2025,500,0,0,,,,0,0,0,1,0
724,2025,600,0,0,,,,1,1,0,1,1
724,2025,700,0,0,,,,0,0,0,1,0
725,2025,100,0,0,,,,0,1,1,1,0
725,2025,200,0,0,,,,0,0,1,1,0
725,2025,300,1,1,,,No Previous Data,1,1,1,1,1
725,2025,400,0,0,,,,0,0,0,1,0
725,2025,500,0,0,,,,0,0,0,0,0
725,2025,600,0,0,,,,0,0,0,1,0
725,2025,700,0,0,,,,0,0,0,1,0
726,2025,100,1,1,400.0,Cozy,Switched,1,1,1,1,1
726,2025,200,0,0,,,,0,0,1,1,0
726,2025,300,0,0,,,,0,1,1,1,0
726,2025,400,0,0,,,,1,0,1,1,0
726,2025,500,0,0,,,,0,0,0,0,0
726,2025,600,0,0,,,,0,0,0,1,0
726,2025,700,0,0,,,,0,0,0,1,0
727,2025,100,1,1,200.0,Olong Tea Plus,Switched,1,1,1,1,1
727,2025,200,0,0,,,,0,0,0,1,0
727,2025,300,0,0,,,,1,1,1,1,0
727,2025,400,0,0,,,,0,0,1,1,0
727,2025,500,0,0,,,,0,1,0,1,0
727,2025,600,0,0,,,,0,0,0,0,0
727,2025,700,0,0,,,,0,1,1,1,0
728,2025,100,1,1,,,No Previous Data,1,1,1,1,1
728,2025,200,0,0,,,,0,1,1,1,0
728,2025,300,0,0,,,,0,1,1,1,0
728,2025,400,0,0,,,,1,1,1,1,0
728,2025,500,0,0,,,,0,1,0,1,0
728,2025,600,0,0,,,,0,1,0,1,0
728,2025,700,0,0,,,,0,1,0,1,0
729,2025,100,1,1,,,No Previous Data,1,1,1,1,1
729,2025,200,0,0,,,,0,1,1,1,0
729,2025,300,0,0,,,,0,1,1,1,0
729,2025,400,0,0,,,,0,1,0,1,0
729,2025,500,0,0,,,,0,1,0,1,0
729,2025,600,0,0,,,,0,1,0,1,0
729,2025,700,0,0,,,,0,1,0,1,0
730,2025,100,0,0,,,,1,1,1,1,0
730,2025,200,0,0,,,,0,1,1,1,0
730,2025,300,1,1,,,No Previous Data,1,1,1,1,1
730,2025,400,0,0,,,,0,1,1,1,0
730,2025,500,0,0,,,,0,1,0,1,0
730,2025,600,0,0,,,,0,1,0,1,0
730,2025,700,0,0,,,,0,1,0,1,0
731,2025,100,0,0,,,,0,1,1,1,0
731,2025,200,0,0,,,,0,1,0,1,0
731,2025,300,1,1,,,No Previous Data,1,1,1,1,1
731,2025,400,0,0,,,,0,1,1,1,0
731,2025,500,0,0,,,,0,0,0,0,0
731,2025,600,0,0,,,,0,1,0,1,0
731,2025,700,0,0,,,,0,1,0,1,0
732,2025,100,0,0,,,,0,1,1,1,0
732,2025,200,0,0,,,,0,1,1,1,0
732,2025,300,0,0,,,,0,1,0,1,0
732,2025,400,1,1,100.0,C2,Switched,1,1,1,1,1
732,2025,500,0,0,,,,0,0,0,0,0
732,2025,600,0,0,,,,0,1,0,1,0
732,2025,700,0,0,,,,0,1,0,1,0
733,2025,100,0,0,,,,1,0,1,1,0
733,2025,200,0,0,,,,0,1,1,1,0
733,2025,300,1,1,400.0,Cozy,Switched,1,1,1,1,1
733,2025,400,0,0,,,,1,0,1,1,0
733,2025,500,0,0,,,,0,0,0,0,0
733,2025,600,0,0,,,,0,0,0,1,0
733,2025,700,0,0,,,,1,1,1,1,1
734,2025,100,0,0,,,,0,1,1,1,0
734,2025,200,1,1,,,No Previous Data,1,1,1,1,1
734,2025,300,0,0,,,,0,1,0,1,0
734,2025,400,0,0,,,,0,1,1,1,0
734,2025,500,0,0,,,,0,0,0,0,0
734,2025,600,0,0,,,,0,1,0,1,0
734,2025,700,0,0,,,,0,1,0,1,0
735,2025,100,0,0,,,,0,0,1,1,0
735,2025,200,0,0,,,,0,1,0,1,0
735,2025,300,1,1,,,No Previous Data,1,1,1,1,1
735,2025,400,0,0,,,,1,1,1,1,1
735,2025,500,0,0,,,,0,0,0,0,0
735,2025,600,0,0,,,,0,0,0,1,0
735,2025,700,0,0,,,,0,0,0,1,0
736,2025,100,0,0,,,,1,1,1,1,1
736,2025,200,1,1,,,No Previous Data,1,1,1,1,1
736,2025,300,0,0,,,,1,1,1,1,1
736,2025,400,0,0,,,,0,0,1,1,0
736,2025,500,0,0,,,,0,0,0,0,0
736,2025,600,0,0,,,,0,0,0,0,0
736,2025,700,0,0,,,,0,0,0,1,0
737,2025,100,1,1,,,No Previous Data,1,1,1,1,1
737,2025,200,0,0,,,,0,0,1,1,0
737,2025,300,0,0,,,,1,1,1,1,1
737,2025,400,0,0,,,,0,0,0,1,0
737,2025,500,0,0,,,,0,0,0,0,0
737,2025,600,0,0,,,,0,0,0,1,0
737,2025,700,0,0,,,,0,0,0,1,0
738,2025,100,0,0,,,,0,1,0,1,0
738,2025,200,0,1,,,No Previous Data,1,1,1,1,1
738,2025,300,1,0,,,,0,1,1,1,0
738,2025,400,0,0,,,,0,0,1,1,0
738,2025,500,0,0,,,,0,0,0,1,0
738,2025,600,0,0,,,,0,0,0,1,0
738,2025,700,0,0,,,,0,0,0,1,0
739,2025,100,0,0,,,,0,0,1,1,0
739,2025,200,0,0,,,,0,0,0,1,0
739,2025,300,0,0,,,,1,1,1,1,0
739,2025,400,1,1,,,No Previous Data,1,1,1,1,1
739,2025,500,0,0,,,,0,0,0,0,0
739,2025,600,0,0,,,,0,0,0,0,0
739,2025,700,0,0,,,,0,0,0,0,0
740,2025,100,0,0,,,,0,0,1,1,0
740,2025,200,1,1,,,No Previous Data,1,1,1,1,1
740,2025,300,0,0,,,,0,0,1,1,0
740,2025,400,0,0,,,,0,0,0,1,0
740,2025,500,0,0,,,,0,0,0,1,0
740,2025,600,0,0,,,,0,0,0,1,0
740,2025,700,0,0,,,,0,0,0,1,0
741,2025,100,0,0,,,,1,0,1,1,0
741,2025,200,1,1,,,No Previous Data,1,1,1,1,1
741,2025,300,0,0,,,,0,1,1,1,0
741,2025,400,0,0,,,,1,1,1,1,1
741,2025,500,0,0,,,,0,0,0,0,0
741,2025,600,0,0,,,,0,0,0,0,0
741,2025,700,0,0,,,,1,0,1,1,0
742,2025,100,0,0,,,,0,0,0,1,0
742,2025,200,0,0,,,,1,1,1,1,0
742,2025,300,0,0,,,,1,1,1,1,1
742,2025,400,1,1,,,No Previous Data,1,1,1,1,1
742,2025,500,0,0,,,,0,0,0,0,0
742,2025,600,0,0,,,,0,0,0,1,0
742,2025,700,0,0,,,,0,0,0,1,0
743,2025,100,0,0,,,,1,0,1,1,0
743,2025,200,0,0,,,,1,1,1,1,1
743,2025,300,1,1,200.0,Olong Tea Plus,Switched,1,1,1,1,1
743,2025,400,0,0,,,,0,0,0,1,0
743,2025,500,0,0,,,,0,0,0,1,0
743,2025,600,0,0,,,,0,0,0,1,0
743,2025,700,0,0,,,,0,0,0,1,0
744,2025,100,0,0,,,,1,1,1,1,1
744,2025,200,0,0,,,,0,1,1,1,0
744,2025,300,1,1,,,No Previous Data,1,1,1,1,1
744,2025,400,0,0,,,,0,0,1,1,0
744,2025,500,0,0,,,,0,0,0,0,0
744,2025,600,0,0,,,,0,0,0,0,0
744,2025,700,0,0,,,,1,1,0,1,0
745,2025,100,0,0,,,,1,1,1,1,1
745,2025,200,1,1,,,No Previous Data,1,1,1,1,1
745,2025,300,0,0,,,,0,0,1,1,0
745,2025,400,0,0,,,,0,0,0,1,0
745,2025,500,0,0,,,,0,0,0,0,0
745,2025,600,0,0,,,,0,0,0,1,0
745,2025,700,0,0,,,,0,0,0,1,0
746,2025,100,1,1,200.0,Olong Tea Plus,Switched,1,1,1,1,1
746,2025,200,0,0,,,,0,0,0,1,0
746,2025,300,0,0,,,,0,0,1,1,0
746,2025,400,0,0,,,,1,1,1,1,1
746,2025,500,0,0,,,,0,0,0,1,0
746,2025,600,0,0,,,,0,0,0,1,0
746,2025,700,0,0,,,,0,0,1,1,0
747,2025,100,1,1,,,No Previous Data,1,1,1,1,1
747,2025,200,0,0,,,,0,0,0,1,0
747,2025,300,0,0,,,,1,1,1,1,1
747,2025,400,0,0,,,,0,0,0,1,0
747,2025,500,0,0,,,,0,0,0,0,0
747,2025,600,0,0,,,,0,0,0,1,0
747,2025,700,0,0,,,,0,0,0,1,0
748,2025,100,0,0,,,,1,1,1,1,1
748,2025,200,0,0,,,,1,0,1,1,0
748,2025,300,1,1,100.0,C2,Switched,1,1,1,1,1
748,2025,400,0,0,,,,0,0,1,1,0
748,2025,500,0,0,,,,0,0,0,0,0
748,2025,600,0,0,,,,0,0,0,1,0
748,2025,700,0,0,,,,0,0,1,1,0
749,2025,100,0,0,,,,0,1,1,1,0
749,2025,200,1,1,,,No Previous Data,1,1,1,1,1
749,2025,300,0,0,,,,0,0,1,1,0
749,2025,400,0,0,,,,0,0,0,1,0
749,2025,500,0,0,,,,0,0,0,0,0
749,2025,600,0,0,,,,0,0,0,1,0
749,2025,700,0,0,,,,0,0,0,1,0
750,2025,100,0,0,,,,1,1,1,1,1
750,2025,200,0,0,,,,0,0,0,1,0
750,2025,300,1,1,100.0,C2,Switched,1,1,1,1,1
750,2025,400,0,0,,,,0,0,1,1,0
750,2025,500,0,0,,,,0,0,0,0,0
750,2025,600,0,0,,,,0,0,0,1,0
750,2025,700,0,0,,,,0,0,0,1,0
751,2025,100,1,1,,,No Previous Data,1,1,1,1,1
751,2025,200,0,0,,,,0,1,0,1,0
751,2025,300,0,0,,,,0,1,1,1,0
751,2025,400,0,0,,,,1,1,1,1,0
751,2025,500,0,0,,,,0,1,0,1,0
751,2025,600,0,0,,,,0,1,0,1,0
751,2025,700,0,0,,,,0,1,0,1,0
752,2025,100,0,0,,,,0,1,1,1,0
752,2025,200,0,0,,,,0,1,1,1,0
752,2025,300,1,1,,,No Previous Data,1,1,1,1,1
752,2025,400,0,0,,,,0,1,1,1,0
752,2025,500,0,0,,,,0,1,0,1,0
752,2025,600,0,0,,,,0,1,0,1,0
752,2025,700,0,0,,,,0,1,0,1,0
753,2025,100,0,0,,,,1,1,1,1,1
753,2025,200,1,1,,,No Previous Data,1,1,1,1,1
753,2025,300,0,0,,,,1,0,0,1,0
753,2025,400,0,0,,,,0,0,0,1,0
753,2025,500,0,0,,,,0,0,0,0,0
753,2025,600,0,0,,,,0,0,0,1,0
753,2025,700,0,0,,,,0,0,0,1,0
754,2025,100,0,0,,,,1,1,1,1,0
754,2025,200,0,0,,,,1,1,1,1,0
754,2025,300,0,0,,,,0,0,0,1,0
754,2025,400,0,0,,,,0,0,1,1,0
754,2025,500,0,0,,,,0,0,0,1,0
754,2025,600,0,0,,,,0,0,0,1,0
754,2025,700,1,1,200.0,Olong Tea Plus,Switched,1,1,1,1,1
755,2025,100,0,0,,,,1,1,1,1,1
755,2025,200,1,1,,,No Previous Data,1,1,1,1,1
755,2025,300,0,0,,,,0,0,0,1,0
755,2025,400,0,0,,,,0,0,0,1,0
755,2025,500,0,0,,,,0,0,0,0,0
755,2025,600,0,0,,,,0,0,0,1,0
755,2025,700,0,0,,,,0,0,0,1,0
756,2025,100,0,0,,,,1,1,1,1,1
756,2025,200,1,1,,,No Previous Data,1,1,1,1,1
756,2025,300,0,0,,,,1,1,1,1,1
756,2025,400,0,0,,,,0,0,0,1,0
756,2025,500,0,0,,,,0,0,0,0,0
756,2025,600,0,0,,,,0,0,0,1,0
756,2025,700,0,0,,,,0,0,0,1,0
757,2025,100,1,1,,,No Previous Data,1,1,1,1,1
757,2025,200,0,0,,,,1,1,1,1,1
757,2025,300,0,0,,,,0,1,0,1,0
757,2025,400,0,0,,,,0,0,1,1,0
757,2025,500,0,0,,,,0,0,0,0,0
757,2025,600,0,0,,,,0,1,1,1,0
757,2025,700,0,0,,,,0,0,0,1,0
758,2025,100,0,0,,,,1,1,1,1,1
758,2025,200,1,1,,,No Previous Data,1,1,1,1,1
758,2025,300,0,0,,,,0,0,0,1,0
758,2025,400,0,0,,,,1,0,0,1,0
758,2025,500,0,0,,,,0,0,0,0,0
758,2025,600,0,0,,,,0,0,0,1,0
758,2025,700,0,0,,,,0,0,0,1,0
759,2025,100,1,0,,,,1,1,1,1,1
759,2025,200,0,0,,,,1,1,0,1,0
759,2025,300,0,0,,,,0,0,1,1,0
759,2025,400,0,0,,,,0,0,1,1,0
759,2025,500,0,1,100.0,C2,Switched,1,1,1,1,1
759,2025,600,0,0,,,,0,0,0,1,0
759,2025,700,0,0,,,,0,0,1,1,0
760,2025,100,1,1,,,No Previous Data,1,1,1,1,1
760,2025,200,0,0,,,,1,1,1,1,1
760,2025,300,0,0,,,,0,1,0,1,0
760,2025,400,0,0,,,,0,0,1,1,0
760,2025,500,0,0,,,,0,0,0,0,0
760,2025,600,0,0,,,,0,0,0,1,0
760,2025,700,0,0,,,,0,1,0,1,0
761,2025,100,0,0,,,,0,1,1,1,0
761,2025,200,0,0,,,,1,1,1,1,1
761,2025,300,0,0,,,,0,0,0,1,0
761,2025,400,1,1,,,No Previous Data,1,1,1,1,1
761,2025,500,0,0,,,,0,0,0,0,0
761,2025,600,0,0,,,,0,0,0,1,0
761,2025,700,0,0,,,,0,0,0,0,0
762,2025,100,0,0,,,,0,1,1,1,0
762,2025,200,0,0,,,,1,1,1,1,1
762,2025,300,0,0,,,,0,1,0,1,0
762,2025,400,1,1,,,No Previous Data,1,1,1,1,1
762,2025,500,0,0,,,,0,0,0,0,0
762,2025,600,0,0,,,,0,0,0,1,0
762,2025,700,0,0,,,,0,0,0,0,0
763,2025,100,1,1,,,No Previous Data,1,1,1,1,1
763,2025,200,0,0,,,,1,1,1,1,1
763,2025,300,0,0,,,,0,1,0,1,0
763,2025,400,0,0,,,,0,0,0,1,0
763,2025,500,0,0,,,,0,0,0,0,0
763,2025,600,0,0,,,,0,1,0,1,0
763,2025,700,0,0,,,,0,0,0,1,0
764,2025,100,1,1,,,No Previous Data,1,1,1,1,1
764,2025,200,0,0,,,,0,1,1,1,0
764,2025,300,0,0,,,,1,1,1,1,1
764,2025,400,0,0,,,,0,0,0,1,0
764,2025,500,0,0,,,,0,0,0,1,0
764,2025,600,0,0,,,,0,0,0,1,0
764,2025,700,0,0,,,,0,1,0,1,0
765,2025,100,1,1,200.0,Olong Tea Plus,Switched,1,1,1,1,1
765,2025,200,0,0,,,,1,1,0,1,1
765,2025,300,0,0,,,,1,1,0,1,1
765,2025,400,0,0,,,,1,1,0,1,1
765,2025,500,0,0,,,,0,0,0,0,0
765,2025,600,0,0,,,,0,0,0,0,0
765,2025,700,0,0,,,,0,0,0,0,0
766,2025,100,1,1,200.0,Olong Tea Plus,Switched,1,1,1,1,1
766,2025,200,0,0,,,,1,1,1,1,1
766,2025,300,0,0,,,,0,0,0,1,0
766,2025,400,0,0,,,,0,0,1,1,0
766,2025,500,0,0,,,,0,0,0,0,0
766,2025,600,0,0,,,,0,1,0,1,0
766,2025,700,0,0,,,,1,1,0,1,0
767,2025,100,0,0,,,,0,1,1,1,0
767,2025,200,0,0,,,,1,1,1,1,0
767,2025,300,1,1,700.0,Khác,Switched,1,1,1,1,1
767,2025,400,0,0,,,,0,0,1,1,0
767,2025,500,0,0,,,,0,0,0,0,0
767,2025,600,0,0,,,,0,0,0,0,0
767,2025,700,0,0,,,,1,1,0,1,1
768,2025,100,1,1,200.0,Olong Tea Plus,Switched,1,1,1,1,1
768,2025,200,0,0,,,,1,1,1,1,1
768,2025,300,0,0,,,,1,1,0,1,0
768,2025,400,0,0,,,,0,0,0,1,0
768,2025,500,0,0,,,,0,0,0,0,0
768,2025,600,0,0,,,,1,1,0,1,1
768,2025,700,0,0,,,,0,0,0,1,0
769,2025,100,0,0,,,,1,1,0,1,1
769,2025,200,0,1,100.0,C2,Switched,1,1,0,1,1
769,2025,300,1,0,,,,0,1,1,1,0
769,2025,400,0,0,,,,0,0,0,1,0
769,2025,500,0,0,,,,1,0,0,1,0
769,2025,600,0,0,,,,0,0,0,1,0
769,2025,700,0,0,,,,0,0,0,1,0
770,2025,100,1,1,400.0,Cozy,Switched,1,1,1,1,1
770,2025,200,0,0,,,,1,1,1,1,0
770,2025,300,0,0,,,,0,0,0,0,0
770,2025,400,0,0,,,,1,1,1,1,1
770,2025,500,0,0,,,,0,0,0,0,0
770,2025,600,0,0,,,,0,0,0,0,0
770,2025,700,0,0,,,,0,1,0,1,0
771,2025,100,0,0,,,,1,1,1,1,1
771,2025,200,0,0,,,,0,0,0,0,0
771,2025,300,1,0,,,,1,1,1,1,1
771,2025,400,0,0,,,,0,0,0,0,0
771,2025,500,0,0,,,,1,1,0,1,0
771,2025,600,0,1,700.0,Khác,Switched,1,1,0,1,1
771,2025,700,0,0,,,,1,1,0,1,1
772,2025,100,0,0,,,,1,1,0,1,1
772,2025,200,0,0,,,,1,1,1,1,1
772,2025,300,0,1,200.0,Olong Tea Plus,Switched,1,1,1,1,1
772,2025,400,1,0,,,,1,1,1,1,1
772,2025,500,0,0,,,,0,1,0,1,0
772,2025,600,0,0,,,,0,0,0,1,0
772,2025,700,0,0,,,,1,1,0,1,1
773,2025,100,0,1,600.0,Dr. Thanh,Switched,1,1,1,1,1
773,2025,200,0,0,,,,1,1,1,1,1
773,2025,300,0,0,,,,0,1,1,1,0
773,2025,400,0,0,,,,0,0,1,1,0
773,2025,500,0,0,,,,0,0,0,0,0
773,2025,600,0,0,,,,0,0,0,1,0
773,2025,700,0,0,,,,0,0,0,0,0
774,2025,100,1,1,,,No Previous Data,1,1,1,1,1
774,2025,200,0,0,,,,1,1,1,1,1
774,2025,300,0,0,,,,0,0,0,1,0
774,2025,400,0,0,,,,0,0,0,1,0
774,2025,500,0,0,,,,0,0,0,0,0
774,2025,600,0,0,,,,1,0,1,1,0
774,2025,700,0,0,,,,0,0,0,0,0
775,2025,100,1,0,,,,1,1,1,1,1
775,2025,200,0,0,,,,1,1,0,1,1
775,2025,300,0,0,,,,1,1,0,1,0
775,2025,400,0,0,,,,1,1,0,1,1
775,2025,500,0,0,,,,0,0,0,0,0
775,2025,600,0,0,,,,0,0,0,0,0
775,2025,700,0,1,,,No Previous Data,1,1,0,1,1
776,2025,100,1,0,,,,1,1,1,1,1
776,2025,200,0,1,400.0,Cozy,Switched,1,1,1,1,1
776,2025,300,0,0,,,,0,0,0,0,0
776,2025,400,0,0,,,,1,1,1,1,0
776,2025,500,0,0,,,,0,0,0,0,0
776,2025,600,0,0,,,,0,0,0,0,0
776,2025,700,0,0,,,,0,0,0,1,0
777,2025,100,0,1,200.0,Olong Tea Plus,Switched,1,1,1,1,1
777,2025,200,1,0,,,,0,0,1,1,0
777,2025,300,0,0,,,,0,1,0,1,0
777,2025,400,0,0,,,,0,0,0,1,0
777,2025,500,0,0,,,,0,0,0,0,0
777,2025,600,0,0,,,,0,0,0,0,0
777,2025,700,0,0,,,,0,0,0,1,0
778,2025,100,0,0,,,,1,1,1,1,1
778,2025,200,0,0,,,,0,0,0,1,0
778,2025,300,1,0,,,,1,1,1,1,1
778,2025,400,0,0,,,,0,1,0,1,0
778,2025,500,0,1,300.0,Không Độ,Switched,1,1,0,1,1
778,2025,600,0,0,,,,0,1,0,1,0
778,2025,700,0,0,,,,1,1,0,1,0
779,2025,100,0,0,,,,1,1,0,1,1
779,2025,200,0,0,,,,1,1,0,1,1
779,2025,300,1,1,200.0,Olong Tea Plus,Switched,1,1,1,1,1
779,2025,400,0,0,,,,1,1,0,1,1
779,2025,500,0,0,,,,0,0,0,0,0
779,2025,600,0,0,,,,0,0,0,0,0
779,2025,700,0,0,,,,0,0,0,0,0
780,2025,100,1,1,,,No Previous Data,1,1,1,1,1
780,2025,200,0,0,,,,1,1,0,1,1
780,2025,300,0,0,,,,0,0,0,0,0
780,2025,400,0,0,,,,1,1,0,1,1
780,2025,500,0,0,,,,0,0,0,0,0
780,2025,600,0,0,,,,0,0,0,0,0
780,2025,700,0,0,,,,0,0,0,0,0
781,2025,100,1,1,,,No Previous Data,1,1,1,1,1
781,2025,200,0,0,,,,1,1,1,1,0
781,2025,300,0,0,,,,0,1,0,1,0
781,2025,400,0,0,,,,0,0,1,1,0
781,2025,500,0,0,,,,0,0,0,1,0
781,2025,600,0,0,,,,0,0,0,1,0
781,2025,700,0,0,,,,0,0,0,1,0
782,2025,100,1,1,,,No Previous Data,1,1,1,1,1
782,2025,200,0,0,,,,1,1,1,1,0
782,2025,300,0,0,,,,0,0,0,1,0
782,2025,400,0,0,,,,0,0,0,1,0
782,2025,500,0,0,,,,0,0,0,0,0
782,2025,600,0,0,,,,1,1,1,1,0
782,2025,700,0,0,,,,0,0,0,1,0
783,2025,100,0,0,,,,1,1,1,1,1
783,2025,200,1,1,,,No Previous Data,1,1,1,1,1
783,2025,300,0,0,,,,0,0,0,1,0
783,2025,400,0,0,,,,1,0,0,1,0
783,2025,500,0,0,,,,0,0,0,1,0
783,2025,600,0,0,,,,0,0,0,1,0
783,2025,700,0,0,,,,0,0,0,1,0
784,2025,100,0,0,,,,1,1,1,1,1
784,2025,200,1,1,,,No Previous Data,1,1,1,1,1
784,2025,300,0,0,,,,0,1,1,1,0
784,2025,400,0,0,,,,0,0,0,1,0
784,2025,500,0,0,,,,0,0,0,1,0
784,2025,600,0,0,,,,0,0,0,1,0
784,2025,700,0,0,,,,0,1,0,1,0
785,2025,100,1,1,600.0,Dr. Thanh,Switched,1,1,1,1,1
785,2025,200,0,0,,,,1,1,1,1,1
785,2025,300,0,0,,,,0,1,1,1,0
785,2025,400,0,0,,,,0,0,0,1,0
785,2025,500,0,0,,,,0,0,0,0,0
785,2025,600,0,0,,,,0,0,0,1,0
785,2025,700,0,0,,,,0,1,0,1,0
786,2025,100,0,0,,,,0,0,0,1,0
786,2025,200,1,1,,,No Previous Data,1,1,1,1,1
786,2025,300,0,0,,,,1,1,1,1,1
786,2025,400,0,0,,,,0,0,0,1,0
786,2025,500,0,0,,,,0,0,0,0,0
786,2025,600,0,0,,,,1,1,0,1,1
786,2025,700,0,0,,,,0,0,0,0,0
787,2025,100,0,0,,,,0,1,1,1,0
787,2025,200,1,1,,,No Previous Data,1,1,1,1,1
787,2025,300,0,0,,,,1,1,1,1,1
787,2025,400,0,0,,,,0,0,0,1,0
787,2025,500,0,0,,,,0,0,0,1,0
787,2025,600,0,0,,,,0,0,0,1,0
787,2025,700,0,0,,,,1,1,1,1,0
788,2025,100,0,0,,,,0,1,1,1,0
788,2025,200,1,1,,,No Previous Data,1,1,1,1,1
788,2025,300,0,0,,,,0,1,0,1,0
788,2025,400,0,0,,,,0,0,1,1,0
788,2025,500,0,0,,,,0,0,0,1,0
788,2025,600,0,0,,,,0,0,0,1,0
788,2025,700,0,0,,,,1,1,0,1,0
789,2025,100,1,1,,,No Previous Data,1,1,1,1,1
789,2025,200,0,0,,,,1,1,1,1,1
789,2025,300,0,0,,,,0,0,0,1,0
789,2025,400,0,0,,,,0,0,0,1,0
789,2025,500,0,0,,,,0,0,0,0,0
789,2025,600,0,0,,,,0,0,0,1,0
789,2025,700,0,0,,,,0,0,0,1,0
790,2025,100,0,0,,,,1,1,1,1,1
790,2025,200,1,1,,,No Previous Data,1,1,1,1,1
790,2025,300,0,0,,,,0,0,0,1,0
790,2025,400,0,0,,,,1,1,1,1,1
790,2025,500,0,0,,,,0,0,0,1,0
790,2025,600,0,0,,,,0,0,0,1,0
790,2025,700,0,0,,,,0,0,0,1,0
791,2025,100,0,0,,,,0,1,0,1,0
791,2025,200,0,0,,,,1,1,1,1,1
791,2025,300,0,0,,,,0,1,0,1,0
791,2025,400,1,1,,,No Previous Data,1,1,1,1,1
791,2025,500,0,0,,,,0,0,0,1,0
791,2025,600,0,0,,,,1,1,0,1,1
791,2025,700,0,0,,,,0,0,0,1,0
792,2025,100,0,0,,,,1,1,1,1,1
792,2025,200,1,1,,,No Previous Data,1,1,1,1,1
792,2025,300,0,0,,,,0,1,1,1,0
792,2025,400,0,0,,,,0,0,0,1,0
792,2025,500,0,0,,,,0,0,0,1,0
792,2025,600,0,0,,,,0,0,0,1,0
792,2025,700,0,0,,,,0,1,1,1,0
793,2025,100,1,1,,,No Previous Data,1,1,1,1,1
793,2025,200,0,0,,,,1,1,1,1,1
793,2025,300,0,0,,,,0,0,0,1,0
793,2025,400,0,0,,,,0,0,1,1,0
793,2025,500,0,0,,,,0,0,0,0,0
793,2025,600,0,0,,,,0,0,0,1,0
793,2025,700,0,0,,,,0,0,0,1,0
794,2025,100,0,0,,,,1,1,1,1,1
794,2025,200,1,1,,,No Previous Data,1,1,1,1,1
794,2025,300,0,0,,,,0,0,1,1,0
794,2025,400,0,0,,,,0,0,0,1,0
794,2025,500,0,0,,,,0,0,0,1,0
794,2025,600,0,0,,,,0,0,0,1,0
794,2025,700,0,0,,,,0,0,0,1,0
795,2025,100,1,1,200.0,Olong Tea Plus,Switched,1,1,1,1,1
795,2025,200,0,0,,,,0,0,1,1,0
795,2025,300,0,0,,,,0,1,0,1,0
795,2025,400,0,0,,,,0,0,0,1,0
795,2025,500,0,0,,,,0,0,0,0,0
795,2025,600,0,0,,,,0,0,0,1,0
795,2025,700,0,0,,,,0,0,0,1,0
796,2025,100,1,1,,,No Previous Data,1,1,1,1,1
796,2025,200,0,0,,,,1,1,1,1,1
796,2025,300,0,0,,,,1,0,1,1,0
796,2025,400,0,0,,,,0,0,0,1,0
796,2025,500,0,0,,,,0,0,0,0,0
796,2025,600,0,0,,,,0,0,0,1,0
796,2025,700,0,0,,,,0,0,0,1,0
797,2025,100,0,0,,,,0,1,1,1,0
797,2025,200,1,1,,,No Previous Data,1,1,1,1,1
797,2025,300,0,0,,,,0,0,0,1,0
797,2025,400,0,0,,,,0,0,0,1,0
797,2025,500,0,0,,,,0,0,0,1,0
797,2025,600,0,0,,,,0,0,0,1,0
797,2025,700,0,0,,,,0,0,0,1,0
798,2025,100,0,0,,,,1,1,1,1,0
798,2025,200,1,1,,,No Previous Data,1,1,1,1,1
798,2025,300,0,0,,,,0,1,1,1,0
798,2025,400,0,0,,,,0,0,0,1,0
798,2025,500,0,0,,,,0,0,0,0,0
798,2025,600,0,0,,,,0,1,0,1,0
798,2025,700,0,0,,,,0,0,0,1,0
799,2025,100,1,1,,,No Previous Data,1,1,1,1,1
799,2025,200,0,0,,,,0,0,1,1,0
799,2025,300,0,0,,,,0,0,0,1,0
799,2025,400,0,0,,,,0,0,0,1,0
799,2025,500,0,0,,,,0,0,0,1,0
799,2025,600,0,0,,,,0,0,0,1,0
799,2025,700,0,0,,,,0,0,0,1,0
800,2025,100,0,0,,,,1,1,1,1,1
800,2025,200,1,1,,,No Previous Data,1,1,1,1,1
800,2025,300,0,0,,,,1,1,0,1,1
800,2025,400,0,0,,,,1,1,0,1,1
800,2025,500,0,0,,,,0,0,0,0,0
800,2025,600,0,0,,,,0,0,0,1,0
800,2025,700,0,0,,,,0,0,0,1,0
801,2025,100,0,0,,,,1,1,1,1,1
801,2025,200,1,1,,,No Previous Data,1,1,1,1,1
801,2025,300,0,0,,,,0,0,0,1,0
801,2025,400,0,0,,,,1,1,1,1,1
801,2025,500,0,0,,,,0,0,0,1,0
801,2025,600,0,0,,,,0,0,0,1,0
801,2025,700,0,0,,,,0,0,0,1,0
802,2025,100,1,1,,,No Previous Data,1,1,1,1,1
802,2025,200,0,0,,,,1,1,1,1,1
802,2025,300,0,0,,,,0,1,1,1,0
802,2025,400,0,0,,,,0,1,1,1,0
802,2025,500,0,0,,,,0,0,0,0,0
802,2025,600,0,0,,,,0,1,0,1,0
802,2025,700,0,0,,,,0,0,0,1,0
803,2025,100,0,0,,,,1,1,1,1,1
803,2025,200,0,0,,,,1,0,1,1,0
803,2025,300,1,1,,,No Previous Data,1,1,1,1,1
803,2025,400,0,0,,,,0,0,0,1,0
803,2025,500,0,0,,,,0,0,0,1,0
803,2025,600,0,0,,,,0,0,0,1,0
803,2025,700,0,0,,,,0,0,0,1,0
804,2025,100,0,0,,,,0,1,1,1,0
804,2025,200,0,0,,,,1,1,1,1,1
804,2025,300,1,1,,,No Previous Data,1,1,1,1,1
804,2025,400,0,0,,,,0,0,0,1,0
804,2025,500,0,0,,,,0,0,0,1,0
804,2025,600,0,0,,,,0,0,0,1,0
804,2025,700,0,0,,,,0,1,0,1,0
805,2025,100,0,0,,,,1,1,1,1,1
805,2025,200,1,1,,,No Previous Data,1,1,1,1,1
805,2025,300,0,0,,,,0,0,0,1,0
805,2025,400,0,0,,,,1,1,1,1,1
805,2025,500,0,0,,,,0,0,0,1,0
805,2025,600,0,0,,,,0,0,0,1,0
805,2025,700,0,0,,,,0,0,0,1,0
806,2025,100,0,0,,,,1,0,1,1,0
806,2025,200,0,0,,,,0,1,1,1,0
806,2025,300,0,0,,,,0,0,0,1,0
806,2025,400,1,1,100.0,C2,Switched,1,1,1,1,1
806,2025,500,0,0,,,,0,0,0,1,0
806,2025,600,0,0,,,,0,0,0,0,0
806,2025,700,0,0,,,,0,1,0,1,0
807,2025,100,1,1,300.0,Không Độ,Switched,1,1,1,1,1
807,2025,200,0,0,,,,0,1,0,1,0
807,2025,300,0,0,,,,1,1,1,1,1
807,2025,400,0,0,,,,0,1,0,1,0
807,2025,500,0,0,,,,0,0,0,1,0
807,2025,600,0,0,,,,0,0,0,1,0
807,2025,700,0,0,,,,0,0,0,1,0
808,2025,100,0,0,,,,0,1,0,1,0
808,2025,200,1,1,,,No Previous Data,1,1,1,1,1
808,2025,300,0,0,,,,1,1,1,1,1
808,2025,400,0,0,,,,1,1,1,1,1
808,2025,500,0,0,,,,0,0,0,0,0
808,2025,600,0,0,,,,0,1,0,1,0
808,2025,700,0,0,,,,0,0,0,0,0
809,2025,100,0,0,,,,0,1,1,1,0
809,2025,200,0,0,,,,0,1,1,1,0
809,2025,300,1,1,200.0,Olong Tea Plus,Switched,1,1,1,1,1
809,2025,400,0,0,,,,0,0,1,1,0
809,2025,500,0,0,,,,0,0,0,1,0
809,2025,600,0,0,,,,0,0,0,1,0
809,2025,700,0,0,,,,0,1,0,1,0
810,2025,100,0,0,,,,1,0,1,1,0
810,2025,200,1,1,100.0,C2,Switched,1,1,1,1,1
810,2025,300,0,0,,,,1,0,1,1,0
810,2025,400,0,0,,,,0,0,0,1,0
810,2025,500,0,0,,,,0,1,0,1,0
810,2025,600,0,0,,,,0,0,0,0,0
810,2025,700,0,0,,,,0,1,0,1,0
811,2025,100,1,1,,,No Previous Data,1,1,1,1,1
811,2025,200,0,0,,,,1,1,1,1,1
811,2025,300,0,0,,,,0,0,0,1,0
811,2025,400,0,0,,,,1,1,1,1,1
811,2025,500,0,0,,,,0,0,0,1,0
811,2025,600,0,0,,,,0,0,0,1,0
811,2025,700,0,0,,,,0,0,0,1,0
812,2025,100,1,1,,,No Previous Data,1,1,1,1,1
812,2025,200,0,0,,,,1,1,1,1,1
812,2025,300,0,0,,,,1,1,0,1,1
812,2025,400,0,0,,,,0,0,0,1,0
812,2025,500,0,0,,,,0,0,0,0,0
812,2025,600,0,0,,,,0,0,0,1,0
812,2025,700,0,0,,,,0,0,0,1,0
813,2025,100,0,0,,,,0,1,0,1,0
813,2025,200,1,1,,,No Previous Data,1,1,1,1,1
813,2025,300,0,0,,,,0,1,1,1,0
813,2025,400,0,0,,,,0,0,1,1,0
813,2025,500,0,0,,,,0,0,0,0,0
813,2025,600,0,0,,,,0,0,0,1,0
813,2025,700,0,0,,,,0,0,0,1,0
814,2025,100,0,0,,,,0,0,1,1,0
814,2025,200,0,0,,,,0,0,0,1,0
814,2025,300,1,1,500.0,Boncha,Switched,1,1,1,1,1
814,2025,400,0,0,,,,0,0,1,1,0
814,2025,500,0,0,,,,1,0,0,1,0
814,2025,600,0,0,,,,0,0,0,1,0
814,2025,700,0,0,,,,0,0,1,1,0
815,2025,100,0,0,,,,1,1,0,1,1
815,2025,200,0,0,,,,1,1,1,1,0
815,2025,300,1,1,500.0,Boncha,Switched,1,1,1,1,1
815,2025,400,0,0,,,,0,1,1,1,0
815,2025,500,0,0,,,,1,1,0,1,1
815,2025,600,0,0,,,,0,0,0,1,0
815,2025,700,0,0,,,,1,1,0,1,1
816,2025,100,0,0,,,,1,1,1,1,1
816,2025,200,0,0,,,,0,0,0,1,0
816,2025,300,1,1,100.0,C2,Switched,1,1,1,1,1
816,2025,400,0,0,,,,0,0,0,1,0
816,2025,500,0,0,,,,0,1,0,1,0
816,2025,600,0,0,,,,0,0,0,1,0
816,2025,700,0,0,,,,1,1,0,1,0
817,2025,100,0,0,,,,1,1,1,1,1
817,2025,200,0,0,,,,0,1,0,1,0
817,2025,300,1,1,,,No Previous Data,1,1,1,1,1
817,2025,400,0,0,,,,0,1,0,1,0
817,2025,500,0,0,,,,0,0,0,0,0
817,2025,600,0,0,,,,0,1,0,1,0
817,2025,700,0,0,,,,0,0,0,0,0
818,2025,100,0,0,,,,1,1,0,1,1
818,2025,200,0,0,,,,0,0,0,1,0
818,2025,300,1,1,,,No Previous Data,1,1,1,1,1
818,2025,400,0,0,,,,0,0,0,1,0
818,2025,500,0,0,,,,0,0,0,0,0
818,2025,600,0,0,,,,0,0,0,1,0
818,2025,700,0,0,,,,0,0,0,0,0
819,2025,100,0,0,,,,1,1,0,1,1
819,2025,200,0,0,,,,0,0,0,1,0
819,2025,300,0,1,700.0,Khác,Switched,1,1,0,1,1
819,2025,400,0,0,,,,0,0,0,1,0
819,2025,500,0,0,,,,0,0,0,1,0
819,2025,600,0,0,,,,0,0,0,1,0
819,2025,700,1,0,,,,0,1,1,1,0
820,2025,100,0,0,,,,1,1,1,1,1
820,2025,200,1,0,,,,1,1,1,1,1
820,2025,300,0,1,200.0,Olong Tea Plus,Switched,1,1,1,1,1
820,2025,400,0,0,,,,0,0,0,1,0
820,2025,500,0,0,,,,0,1,0,1,0
820,2025,600,0,0,,,,0,1,0,1,0
820,2025,700,0,0,,,,0,1,0,1,0
821,2025,100,1,0,,,,1,1,1,1,1
821,2025,200,0,0,,,,1,1,0,1,1
821,2025,300,0,0,,,,0,0,0,0,0
821,2025,400,0,0,,,,1,1,0,1,1
821,2025,500,0,0,,,,0,0,0,0,0
821,2025,600,0,0,,,,0,0,0,0,0
821,2025,700,0,1,,,No Previous Data,1,1,0,1,1
822,2025,100,0,0,,,,1,1,1,1,1
822,2025,200,0,0,,,,1,1,0,1,1
822,2025,300,1,1,,,No Previous Data,1,1,1,1,1
822,2025,400,0,0,,,,1,1,1,1,1
822,2025,500,0,0,,,,1,1,0,1,1
822,2025,600,0,0,,,,0,0,0,1,0
822,2025,700,0,0,,,,0,1,0,1,0
823,2025,100,0,0,,,,0,0,1,1,0
823,2025,200,0,0,,,,1,1,1,1,1
823,2025,300,1,1,,,No Previous Data,1,1,1,1,1
823,2025,400,0,0,,,,0,0,0,1,0
823,2025,500,0,0,,,,0,0,0,0,0
823,2025,600,0,0,,,,0,0,0,1,0
823,2025,700,0,0,,,,0,0,0,1,0
824,2025,100,0,0,,,,0,1,1,1,0
824,2025,200,0,0,,,,0,0,1,1,0
824,2025,300,1,1,,,No Previous Data,1,1,1,1,1
824,2025,400,0,0,,,,0,0,0,1,0
824,2025,500,0,0,,,,0,0,0,1,0
824,2025,600,0,0,,,,0,0,0,1,0
824,2025,700,0,0,,,,0,0,0,1,0
825,2025,100,0,0,,,,0,0,0,1,0
825,2025,200,0,0,,,,0,0,0,1,0
825,2025,300,1,1,,,No Previous Data,1,1,1,1,1
825,2025,400,0,0,,,,1,1,1,1,1
825,2025,500,0,0,,,,0,0,0,0,0
825,2025,600,0,0,,,,0,0,0,1,0
825,2025,700,0,0,,,,0,0,0,0,0
826,2025,100,1,1,,,No Previous Data,1,1,1,1,1
826,2025,200,0,0,,,,1,1,1,1,1
826,2025,300,0,0,,,,0,1,0,1,0
826,2025,400,0,0,,,,1,0,0,1,0
826,2025,500,0,0,,,,0,0,0,0,0
826,2025,600,0,0,,,,0,0,0,1,0
826,2025,700,0,0,,,,0,0,0,0,0
827,2025,100,0,0,,,,0,0,0,1,0
827,2025,200,0,0,,,,0,0,0,1,0
827,2025,300,0,1,,,No Previous Data,1,1,0,1,1
827,2025,400,0,0,,,,0,0,0,1,0
827,2025,500,0,0,,,,0,0,0,0,0
827,2025,600,0,0,,,,0,0,0,0,0
827,2025,700,0,0,,,,0,0,0,0,0
828,2025,100,1,1,,,No Previous Data,1,1,1,1,1
828,2025,200,0,0,,,,1,1,1,1,1
828,2025,300,0,0,,,,0,0,0,1,0
828,2025,400,0,0,,,,1,0,0,1,0
828,2025,500,0,0,,,,0,0,0,0,0
828,2025,600,0,0,,,,0,0,0,1,0
828,2025,700,0,0,,,,0,0,0,1,0
829,2025,100,0,0,,,,1,0,1,1,0
829,2025,200,0,0,,,,1,1,1,1,1
829,2025,300,0,0,,,,0,0,0,1,0
829,2025,400,1,1,,,No Previous Data,1,1,1,1,1
829,2025,500,0,0,,,,0,0,0,1,0
829,2025,600,0,0,,,,0,0,0,0,0
829,2025,700,0,0,,,,0,1,0,1,0
830,2025,100,0,0,,,,1,1,1,1,1
830,2025,200,0,0,,,,0,0,0,1,0
830,2025,300,1,1,,,No Previous Data,1,1,1,1,1
830,2025,400,0,0,,,,0,0,0,1,0
830,2025,500,0,0,,,,0,0,0,0,0
830,2025,600,0,0,,,,0,0,0,1,0
830,2025,700,0,0,,,,0,0,0,0,0
831,2025,100,1,0,,,,1,1,1,1,1
831,2025,200,0,1,,,No Previous Data,1,1,1,1,1
831,2025,300,0,0,,,,0,0,1,1,0
831,2025,400,0,0,,,,0,0,1,1,0
831,2025,500,0,0,,,,0,0,0,1,0
831,2025,600,0,0,,,,0,0,0,1,0
831,2025,700,0,0,,,,0,0,0,1,0
832,2025,100,0,0,,,,1,1,1,1,1
832,2025,200,1,1,100.0,C2,Switched,1,1,1,1,1
832,2025,300,0,0,,,,1,0,0,1,0
832,2025,400,0,0,,,,0,0,0,1,0
832,2025,500,0,0,,,,0,0,1,1,0
832,2025,600,0,0,,,,0,0,0,0,0
832,2025,700,0,0,,,,0,0,0,1,0
833,2025,100,0,0,,,,1,1,1,1,1
833,2025,200,0,0,,,,0,1,1,1,0
833,2025,300,0,0,,,,0,0,0,1,0
833,2025,400,1,1,,,No Previous Data,1,1,1,1,1
833,2025,500,0,0,,,,0,0,0,1,0
833,2025,600,0,0,,,,0,0,0,1,0
833,2025,700,0,0,,,,0,0,0,1,0
834,2025,100,0,0,,,,1,1,1,1,1
834,2025,200,1,1,100.0,C2,Switched,1,1,1,1,1
834,2025,300,0,0,,,,0,0,0,1,0
834,2025,400,0,0,,,,0,0,1,1,0
834,2025,500,0,0,,,,0,0,0,1,0
834,2025,600,0,0,,,,0,0,0,1,0
834,2025,700,0,0,,,,0,1,0,1,0
835,2025,100,1,1,,,No Previous Data,1,1,1,1,1
835,2025,200,0,0,,,,0,0,0,1,0
835,2025,300,0,0,,,,1,1,0,1,1
835,2025,400,0,0,,,,0,0,0,1,0
835,2025,500,0,0,,,,0,0,0,0,0
835,2025,600,0,0,,,,0,0,0,1,0
835,2025,700,0,0,,,,0,0,0,0,0
836,2025,100,0,0,,,,0,1,0,1,0
836,2025,200,0,0,,,,0,0,0,1,0
836,2025,300,1,1,,,No Previous Data,1,1,1,1,1
836,2025,400,0,0,,,,1,1,1,1,1
836,2025,500,0,0,,,,0,0,0,0,0
836,2025,600,0,0,,,,0,0,0,0,0
836,2025,700,0,0,,,,1,0,1,1,0
837,2025,100,1,1,,,No Previous Data,1,1,1,1,1
837,2025,200,0,0,,,,1,0,1,1,0
837,2025,300,0,0,,,,0,1,0,1,0
837,2025,400,0,0,,,,0,0,0,1,0
837,2025,500,0,0,,,,0,0,0,0,0
837,2025,600,0,0,,,,0,0,0,1,0
837,2025,700,0,0,,,,0,0,0,1,0
838,2025,100,0,0,,,,0,0,0,1,0
838,2025,200,0,0,,,,0,0,1,1,0
838,2025,300,0,0,,,,0,0,0,1,0
838,2025,400,1,1,,,No Previous Data,1,1,1,1,1
838,2025,500,0,0,,,,0,1,0,1,0
838,2025,600,0,0,,,,0,0,0,1,0
838,2025,700,0,0,,,,0,0,0,1,0
839,2025,100,0,0,,,,0,1,1,1,0
839,2025,200,0,0,,,,1,1,1,1,1
839,2025,300,0,0,,,,0,0,1,1,0
839,2025,400,0,0,,,,0,0,0,1,0
839,2025,500,0,0,,,,0,1,0,1,0
839,2025,600,0,0,,,,0,0,0,1,0
839,2025,700,1,1,200.0,Olong Tea Plus,Switched,1,1,1,1,1
840,2025,100,0,0,,,,1,1,1,1,1
840,2025,200,0,0,,,,0,0,1,1,0
840,2025,300,1,1,100.0,C2,Switched,1,1,1,1,1
840,2025,400,0,0,,,,0,0,1,1,0
840,2025,500,0,0,,,,0,0,0,1,0
840,2025,600,0,0,,,,0,0,0,1,0
840,2025,700,0,0,,,,0,1,0,1,0
841,2025,100,0,0,,,,0,0,0,1,0
841,2025,200,0,0,,,,0,0,1,1,0
841,2025,300,1,1,,,No Previous Data,1,1,1,1,1
841,2025,400,0,0,,,,0,0,0,1,0
841,2025,500,0,0,,,,0,0,0,0,0
841,2025,600,0,0,,,,0,0,0,1,0
841,2025,700,0,0,,,,0,0,0,0,0
842,2025,100,1,1,,,No Previous Data,1,1,1,1,1
842,2025,200,0,0,,,,1,0,1,1,0
842,2025,300,0,0,,,,0,0,0,1,0
842,2025,400,0,0,,,,0,0,0,1,0
842,2025,500,0,0,,,,0,1,0,1,0
842,2025,600,0,0,,,,1,1,1,1,1
842,2025,700,0,0,,,,0,0,0,0,0
843,2025,100,0,0,,,,0,0,0,1,0
843,2025,200,0,0,,,,0,0,0,1,0
843,2025,300,0,0,,,,1,0,0,1,0
843,2025,400,0,0,,,,1,0,1,1,0
843,2025,500,0,0,,,,0,0,0,0,0
843,2025,600,0,0,,,,0,0,0,1,0
843,2025,700,1,1,400.0,Cozy,Switched,1,1,1,1,0
844,2025,100,0,0,,,,1,0,0,1,0
844,2025,200,0,0,,,,0,0,0,1,0
844,2025,300,0,0,,,,0,0,0,1,0
844,2025,400,0,0,,,,1,1,1,1,1
844,2025,500,1,1,,,No Previous Data,1,1,1,1,1
844,2025,600,0,0,,,,0,0,0,1,0
844,2025,700,0,0,,,,0,0,0,1,0
845,2025,100,1,1,,,No Previous Data,1,1,1,1,1
845,2025,200,0,0,,,,0,0,0,1,0
845,2025,300,0,0,,,,0,1,0,1,0
845,2025,400,0,0,,,,0,0,1,1,0
845,2025,500,0,0,,,,0,0,0,0,0
845,2025,600,0,0,,,,0,0,0,1,0
845,2025,700,0,0,,,,0,0,0,1,0
846,2025,100,0,0,,,,0,1,0,1,0
846,2025,200,1,1,,,No Previous Data,1,1,1,1,1
846,2025,300,0,0,,,,0,0,0,1,0
846,2025,400,0,0,,,,0,0,0,1,0
846,2025,500,0,0,,,,0,0,0,0,0
846,2025,600,0,0,,,,1,1,1,1,1
846,2025,700,0,0,,,,0,0,0,1,0
847,2025,100,0,0,,,,1,0,0,1,0
847,2025,200,0,0,,,,0,0,1,1,0
847,2025,300,0,0,,,,0,0,0,1,0
847,2025,400,1,1,,,No Previous Data,1,1,1,1,1
847,2025,500,0,0,,,,1,1,0,1,1
847,2025,600,0,0,,,,0,0,0,0,0
847,2025,700,0,0,,,,0,1,0,1,0
848,2025,100,0,0,,,,0,0,1,1,0
848,2025,200,0,0,,,,0,1,0,1,0
848,2025,300,0,0,,,,0,0,0,1,0
848,2025,400,1,1,,,No Previous Data,1,1,1,1,1
848,2025,500,0,0,,,,0,0,0,0,0
848,2025,600,0,0,,,,0,0,0,1,0
848,2025,700,0,0,,,,0,0,0,1,0
849,2025,100,1,1,,,No Previous Data,1,1,1,1,1
849,2025,200,0,0,,,,0,1,1,1,0
849,2025,300,0,0,,,,0,0,0,1,0
849,2025,400,0,0,,,,0,0,0,1,0
849,2025,500,0,0,,,,0,0,0,0,0
849,2025,600,0,0,,,,0,0,0,1,0
849,2025,700,0,0,,,,0,0,0,1,0
850,2025,100,1,1,,,No Previous Data,1,1,1,1,1
850,2025,200,0,0,,,,1,1,1,1,1
850,2025,300,0,0,,,,0,0,0,1,0
850,2025,400,0,0,,,,1,0,1,1,0
850,2025,500,0,0,,,,0,0,0,1,0
850,2025,600,0,0,,,,0,0,0,1,0
850,2025,700,0,0,,,,0,0,0,1,0
851,2025,100,1,1,200.0,Olong Tea Plus,Switched,1,1,1,1,1
851,2025,200,0,0,,,,0,0,0,1,0
851,2025,300,0,0,,,,0,0,1,1,0
851,2025,400,0,0,,,,0,0,0,1,0
851,2025,500,0,0,,,,0,0,0,0,0
851,2025,600,0,0,,,,1,0,0,1,0
851,2025,700,0,0,,,,0,1,0,1,0
852,2025,100,1,1,,,No Previous Data,1,1,1,1,1
852,2025,200,0,0,,,,1,1,1,1,1
852,2025,300,0,0,,,,0,0,0,1,0
852,2025,400,0,0,,,,0,0,0,1,0
852,2025,500,0,0,,,,0,0,0,0,0
852,2025,600,0,0,,,,0,0,0,0,0
852,2025,700,0,0,,,,0,1,0,1,0
853,2025,100,0,0,,,,0,0,0,1,0
853,2025,200,0,0,,,,1,1,0,1,1
853,2025,300,0,0,,,,0,1,1,1,0
853,2025,400,1,1,,,No Previous Data,1,1,1,1,1
853,2025,500,0,0,,,,0,0,0,1,0
853,2025,600,0,0,,,,0,0,0,1,0
853,2025,700,0,0,,,,0,0,0,1,0
854,2025,100,1,1,,,No Previous Data,1,1,1,1,1
854,2025,200,0,0,,,,1,1,1,1,1
854,2025,300,0,0,,,,0,0,0,1,0
854,2025,400,0,0,,,,1,1,0,1,1
854,2025,500,0,0,,,,0,0,0,1,0
854,2025,600,0,0,,,,0,0,0,1,0
854,2025,700,0,0,,,,0,0,0,1,0
855,2025,100,0,0,,,,0,0,1,1,0
855,2025,200,0,0,,,,1,1,0,1,1
855,2025,300,1,1,200.0,Olong Tea Plus,Switched,1,1,1,1,1
855,2025,400,0,0,,,,0,0,0,1,0
855,2025,500,0,0,,,,0,1,0,1,0
855,2025,600,0,0,,,,0,0,0,1,0
855,2025,700,0,0,,,,1,1,0,1,1
856,2025,100,0,0,,,,1,1,1,1,1
856,2025,200,0,0,,,,0,0,1,1,0
856,2025,300,1,1,,,No Previous Data,1,1,1,1,1
856,2025,400,0,0,,,,0,0,0,1,0
856,2025,500,0,0,,,,0,0,0,1,0
856,2025,600,0,0,,,,0,0,0,0,0
856,2025,700,0,0,,,,0,0,0,1,0
857,2025,100,0,0,,,,0,0,0,1,0
857,2025,200,1,1,,,No Previous Data,1,1,1,1,1
857,2025,300,0,0,,,,0,0,0,1,0
857,2025,400,0,0,,,,0,0,0,1,0
857,2025,500,0,0,,,,0,0,0,0,0
857,2025,600,0,0,,,,1,0,1,1,0
857,2025,700,0,0,,,,1,1,1,1,1
858,2025,100,0,0,,,,0,0,1,1,0
858,2025,200,0,0,,,,0,0,1,1,0
858,2025,300,1,1,,,No Previous Data,1,1,1,1,1
858,2025,400,0,0,,,,1,0,1,1,0
858,2025,500,0,0,,,,0,0,0,1,0
858,2025,600,0,0,,,,0,0,0,0,0
858,2025,700,0,0,,,,0,0,0,1,0
859,2025,100,1,0,,,,1,1,1,1,1
859,2025,200,0,0,,,,1,0,1,1,0
859,2025,300,0,1,,,No Previous Data,1,1,1,1,1
859,2025,400,0,0,,,,0,0,0,1,0
859,2025,500,0,0,,,,0,0,0,0,0
859,2025,600,0,0,,,,0,0,0,0,0
859,2025,700,0,0,,,,0,1,0,1,0
860,2025,100,0,0,,,,1,1,1,1,1
860,2025,200,0,0,,,,0,0,0,1,0
860,2025,300,1,1,,,No Previous Data,1,1,1,1,1
860,2025,400,0,0,,,,0,0,0,1,0
860,2025,500,0,0,,,,0,0,0,0,0
860,2025,600,0,0,,,,0,0,0,1,0
860,2025,700,0,0,,,,0,0,0,1,0
861,2025,100,1,1,,,No Previous Data,1,1,1,1,1
861,2025,200,0,0,,,,1,1,1,1,1
861,2025,300,0,0,,,,0,0,1,1,0
861,2025,400,0,0,,,,0,0,0,1,0
861,2025,500,0,0,,,,0,0,0,1,0
861,2025,600,0,0,,,,0,0,0,1,0
861,2025,700,0,0,,,,0,0,0,1,0
862,2025,100,0,0,,,,1,0,1,1,0
862,2025,200,1,1,,,No Previous Data,1,1,1,1,1
862,2025,300,0,0,,,,0,0,0,1,0
862,2025,400,0,0,,,,0,0,0,1,0
862,2025,500,0,0,,,,0,0,0,0,0
862,2025,600,0,0,,,,0,0,0,1,0
862,2025,700,0,0,,,,0,0,0,1,0
863,2025,100,1,1,,,No Previous Data,1,1,1,1,1
863,2025,200,0,0,,,,1,1,0,1,1
863,2025,300,0,0,,,,0,1,1,1,0
863,2025,400,0,0,,,,0,0,1,1,0
863,2025,500,0,0,,,,0,0,0,0,0
863,2025,600,0,0,,,,0,0,0,0,0
863,2025,700,0,0,,,,0,0,0,1,0
864,2025,100,0,0,,,,0,0,1,1,0
864,2025,200,0,0,,,,1,0,0,1,0
864,2025,300,1,1,,,No Previous Data,1,1,1,1,1
864,2025,400,0,0,,,,1,0,1,1,0
864,2025,500,0,0,,,,0,0,0,0,0
864,2025,600,0,0,,,,0,0,0,1,0
864,2025,700,0,0,,,,0,0,0,0,0
865,2025,100,0,1,,,No Previous Data,1,1,0,1,1
865,2025,200,0,0,,,,0,0,1,1,0
865,2025,300,0,0,,,,0,0,0,1,0
865,2025,400,0,0,,,,0,0,0,0,0
865,2025,500,0,0,,,,0,0,0,1,0
865,2025,600,1,0,,,,0,0,1,1,0
865,2025,700,0,0,,,,0,1,0,1,0
866,2025,100,0,0,,,,1,1,1,1,1
866,2025,200,1,1,,,No Previous Data,1,1,1,1,1
866,2025,300,0,0,,,,0,0,0,1,0
866,2025,400,0,0,,,,1,1,1,1,1
866,2025,500,0,0,,,,0,1,0,1,0
866,2025,600,0,0,,,,0,0,0,0,0
866,2025,700,0,0,,,,0,0,0,1,0
867,2025,100,0,0,,,,1,1,1,1,0
867,2025,200,1,1,,,No Previous Data,1,1,1,1,1
867,2025,300,0,0,,,,1,1,0,1,0
867,2025,400,0,0,,,,0,0,1,1,0
867,2025,500,0,0,,,,0,0,0,1,0
867,2025,600,0,0,,,,0,0,0,1,0
867,2025,700,0,0,,,,0,0,0,1,0
868,2025,100,1,0,,,,1,1,1,1,1
868,2025,200,0,0,,,,1,1,0,1,1
868,2025,300,0,0,,,,0,0,0,0,0
868,2025,400,0,0,,,,0,0,0,1,0
868,2025,500,0,1,,,No Previous Data,1,1,0,1,1
868,2025,600,0,0,,,,0,0,0,0,0
868,2025,700,0,0,,,,0,1,0,1,0
869,2025,100,0,0,,,,1,1,0,1,1
869,2025,200,1,0,,,,1,1,1,1,1
869,2025,300,0,0,,,,1,1,0,1,0
869,2025,400,0,0,,,,0,0,0,0,0
869,2025,500,0,0,,,,0,0,0,0,0
869,2025,600,0,0,,,,0,0,0,0,0
869,2025,700,0,1,,,No Previous Data,1,1,0,1,1
870,2025,100,1,1,,,No Previous Data,1,1,1,1,1
870,2025,200,0,0,,,,1,1,0,1,1
870,2025,300,0,0,,,,0,0,0,0,0
870,2025,400,0,0,,,,1,1,0,1,1
870,2025,500,0,0,,,,0,0,0,0,0
870,2025,600,0,0,,,,0,0,0,0,0
870,2025,700,0,0,,,,0,0,0,0,0
871,2025,100,0,0,,,,1,1,0,1,1
871,2025,200,0,0,,,,1,1,1,1,1
871,2025,300,1,1,200.0,Olong Tea Plus,Switched,1,1,1,1,1
871,2025,400,0,0,,,,1,1,0,1,0
871,2025,500,0,0,,,,0,1,0,1,0
871,2025,600,0,0,,,,0,0,0,0,0
871,2025,700,0,0,,,,0,1,0,1,0
872,2025,100,1,0,,,,1,1,1,1,0
872,2025,200,0,0,,,,1,1,1,1,1
872,2025,300,0,1,200.0,Olong Tea Plus,Switched,1,1,0,1,1
872,2025,400,0,0,,,,0,0,1,1,0
872,2025,500,0,0,,,,0,1,0,1,0
872,2025,600,0,0,,,,0,0,0,1,0
872,2025,700,0,0,,,,0,0,0,1,0
873,2025,100,0,0,,,,0,0,0,1,0
873,2025,200,1,0,,,,1,1,1,1,1
873,2025,300,0,0,,,,0,1,1,1,0
873,2025,400,0,0,,,,0,0,0,1,0
873,2025,500,0,0,,,,0,0,0,1,0
873,2025,600,0,1,,,No Previous Data,1,1,1,1,1
873,2025,700,0,0,,,,0,0,0,1,0
874,2025,100,1,1,,,No Previous Data,1,1,1,1,1
874,2025,200,0,0,,,,0,1,1,1,0
874,2025,300,0,0,,,,0,1,1,1,0
874,2025,400,0,0,,,,0,0,0,1,0
874,2025,500,0,0,,,,0,0,0,1,0
874,2025,600,0,0,,,,0,0,0,1,0
874,2025,700,0,0,,,,0,0,0,1,0
875,2025,100,1,0,,,,1,1,1,1,1
875,2025,200,0,0,,,,1,1,1,1,1
875,2025,300,0,1,100.0,C2,Switched,1,1,1,1,1
875,2025,400,0,0,,,,1,1,1,1,1
875,2025,500,0,0,,,,0,1,0,1,0
875,2025,600,0,0,,,,0,0,0,1,0
875,2025,700,0,0,,,,0,1,0,1,0
876,2025,100,0,0,,,,0,1,1,1,0
876,2025,200,0,0,,,,0,0,0,1,0
876,2025,300,0,0,,,,0,1,1,1,0
876,2025,400,0,1,500.0,Boncha,Switched,1,1,0,1,1
876,2025,500,0,0,,,,1,0,0,1,0
876,2025,600,0,0,,,,0,0,0,1,0
876,2025,700,0,0,,,,0,1,0,1,0
877,2025,100,0,0,,,,0,0,1,1,0
877,2025,200,0,0,,,,0,0,0,1,0
877,2025,300,1,1,200.0,Olong Tea Plus,Switched,1,1,1,1,1
877,2025,400,0,0,,,,0,0,1,1,0
877,2025,500,0,0,,,,0,0,0,1,0
877,2025,600,0,0,,,,0,0,0,1,0
877,2025,700,0,0,,,,0,0,1,1,0
878,2025,100,0,0,,,,0,1,1,1,0
878,2025,200,0,0,,,,0,1,1,1,0
878,2025,300,1,1,,,No Previous Data,1,1,1,1,1
878,2025,400,0,0,,,,0,0,0,1,0
878,2025,500,0,0,,,,0,0,0,0,0
878,2025,600,0,0,,,,0,0,0,1,0
878,2025,700,0,0,,,,0,1,0,1,0
879,2025,100,1,1,200.0,Olong Tea Plus,Switched,1,1,1,1,1
879,2025,200,0,0,,,,0,0,1,1,0
879,2025,300,0,0,,,,0,0,1,1,0
879,2025,400,0,0,,,,0,0,1,1,0
879,2025,500,0,0,,,,0,0,0,1,0
879,2025,600,0,0,,,,0,0,0,0,0
879,2025,700,0,0,,,,0,1,1,1,0
880,2025,100,1,1,,,No Previous Data,1,1,1,1,1
880,2025,200,0,0,,,,1,0,0,1,0
880,2025,300,0,0,,,,1,1,1,1,1
880,2025,400,0,0,,,,0,0,0,1,0
880,2025,500,0,0,,,,0,0,0,0,0
880,2025,600,0,0,,,,0,0,0,0,0
880,2025,700,0,0,,,,0,0,0,1,0
881,2025,100,0,0,,,,1,1,1,1,1
881,2025,200,1,1,,,No Previous Data,1,1,1,1,1
881,2025,300,0,0,,,,0,0,0,1,0
881,2025,400,0,0,,,,1,1,1,1,1
881,2025,500,0,0,,,,0,0,0,1,0
881,2025,600,0,0,,,,0,0,0,1,0
881,2025,700,0,0,,,,0,0,0,1,0
882,2025,100,0,0,,,,0,1,0,1,0
882,2025,200,0,0,,,,0,1,1,1,0
882,2025,300,0,0,,,,0,1,1,1,0
882,2025,400,1,1,,,No Previous Data,1,1,1,1,1
882,2025,500,0,0,,,,0,0,0,0,0
882,2025,600,0,0,,,,0,0,0,1,0
882,2025,700,0,0,,,,0,0,0,1,0
883,2025,100,1,1,,,No Previous Data,1,1,1,1,1
883,2025,200,0,0,,,,1,1,1,1,0
883,2025,300,0,0,,,,1,1,1,1,1
883,2025,400,0,0,,,,0,0,0,1,0
883,2025,500,0,0,,,,0,1,0,1,0
883,2025,600,0,0,,,,0,0,0,1,0
883,2025,700,0,0,,,,0,1,0,1,0
884,2025,100,0,0,,,,0,0,1,1,0
884,2025,200,0,0,,,,0,0,0,1,0
884,2025,300,0,0,,,,0,1,0,1,0
884,2025,400,1,1,200.0,Olong Tea Plus,Switched,1,1,1,1,1
884,2025,500,0,0,,,,0,1,0,1,0
884,2025,600,0,0,,,,0,0,0,1,0
884,2025,700,0,0,,,,0,0,0,1,0
885,2025,100,0,0,,,,1,1,0,1,1
885,2025,200,1,1,600.0,Dr. Thanh,Switched,1,1,1,1,1
885,2025,300,0,0,,,,0,1,0,1,0
885,2025,400,0,0,,,,0,1,0,1,0
885,2025,500,0,0,,,,0,1,0,1,0
885,2025,600,0,0,,,,1,1,0,1,1
885,2025,700,0,0,,,,0,1,0,1,0
886,2025,100,1,1,,,No Previous Data,1,1,1,1,1
886,2025,200,0,0,,,,0,0,0,1,0
886,2025,300,0,0,,,,1,0,0,1,0
886,2025,400,0,0,,,,0,0,0,1,0
886,2025,500,0,0,,,,0,0,0,1,0
886,2025,600,0,0,,,,0,0,0,1,0
886,2025,700,0,0,,,,1,1,0,1,1
887,2025,100,1,1,200.0,Olong Tea Plus,Switched,1,1,1,1,1
887,2025,200,0,0,,,,0,0,0,1,0
887,2025,300,0,0,,,,0,1,1,1,0
887,2025,400,0,0,,,,0,0,0,1,0
887,2025,500,0,0,,,,0,1,0,1,0
887,2025,600,0,0,,,,0,0,0,1,0
887,2025,700,0,0,,,,0,0,0,1,0
888,2025,100,1,1,300.0,Không Độ,Switched,1,1,1,1,1
888,2025,200,0,0,,,,0,1,0,1,0
888,2025,300,0,0,,,,0,1,1,1,0
888,2025,400,0,0,,,,0,0,0,1,0
888,2025,500,0,0,,,,0,0,0,1,0
888,2025,600,0,0,,,,0,0,0,1,0
888,2025,700,0,0,,,,0,0,0,1,0
889,2025,100,0,0,,,,1,0,1,1,0
889,2025,200,0,0,,,,1,0,0,1,0
889,2025,300,1,1,600.0,Dr. Thanh,Switched,1,1,1,1,1
889,2025,400,0,0,,,,0,0,0,1,0
889,2025,500,0,0,,,,0,0,0,0,0
889,2025,600,0,0,,,,0,0,0,1,0
889,2025,700,0,0,,,,0,0,1,1,0
890,2025,100,0,0,,,,0,1,1,1,0
890,2025,200,1,1,,,No Previous Data,1,1,1,1,1
890,2025,300,0,0,,,,0,1,1,1,0
890,2025,400,0,0,,,,0,1,0,1,0
890,2025,500,0,0,,,,0,0,0,0,0
890,2025,600,0,0,,,,0,0,0,1,0
890,2025,700,0,0,,,,0,0,0,1,0
891,2025,100,1,1,,,No Previous Data,1,1,1,1,1
891,2025,200,0,0,,,,0,1,0,1,0
891,2025,300,0,0,,,,0,1,1,1,0
891,2025,400,0,0,,,,0,1,0,1,0
891,2025,500,0,0,,,,0,0,0,0,0
891,2025,600,0,0,,,,0,0,0,1,0
891,2025,700,0,0,,,,0,0,0,0,0
892,2025,100,1,1,,,No Previous Data,1,1,1,1,1
892,2025,200,0,0,,,,1,1,0,1,1
892,2025,300,0,0,,,,0,0,0,0,0
892,2025,400,0,0,,,,1,1,0,1,1
892,2025,500,0,0,,,,0,0,0,0,0
892,2025,600,0,0,,,,0,0,0,0,0
892,2025,700,0,0,,,,0,0,0,0,0
893,2025,100,0,0,,,,1,1,1,1,1
893,2025,200,0,1,300.0,Không Độ,Switched,1,1,1,1,1
893,2025,300,1,0,,,,1,1,1,1,0
893,2025,400,0,0,,,,1,1,1,1,1
893,2025,500,0,0,,,,0,0,0,0,0
893,2025,600,0,0,,,,0,1,0,1,0
893,2025,700,0,0,,,,0,0,0,1,0
894,2025,100,0,0,,,,0,0,0,1,0
894,2025,200,1,1,,,No Previous Data,1,1,1,1,1
894,2025,300,0,0,,,,1,1,1,1,1
894,2025,400,0,0,,,,1,0,1,1,0
894,2025,500,0,0,,,,0,1,0,1,0
894,2025,600,0,0,,,,0,0,0,1,0
894,2025,700,0,0,,,,0,0,0,0,0
895,2025,100,0,0,,,,0,1,0,1,0
895,2025,200,0,0,,,,0,0,0,1,0
895,2025,300,1,1,400.0,Cozy,Switched,1,1,1,1,1
895,2025,400,0,0,,,,1,0,1,1,0
895,2025,500,0,0,,,,0,0,0,1,0
895,2025,600,0,0,,,,0,0,0,1,0
895,2025,700,0,0,,,,1,0,1,1,0
896,2025,100,0,0,,,,0,0,0,1,0
896,2025,200,0,1,,,No Previous Data,1,1,1,1,1
896,2025,300,0,0,,,,1,1,0,1,0
896,2025,400,0,0,,,,0,0,0,1,0
896,2025,500,0,0,,,,0,0,0,0,0
896,2025,600,0,0,,,,0,0,0,1,0
896,2025,700,1,0,,,,0,0,1,1,0
897,2025,100,1,1,,,No Previous Data,1,1,1,1,1
897,2025,200,0,0,,,,0,0,0,1,0
897,2025,300,0,0,,,,0,0,0,1,0
897,2025,400,0,0,,,,1,0,1,1,0
897,2025,500,0,0,,,,0,1,0,1,0
897,2025,600,0,0,,,,0,0,0,0,0
897,2025,700,0,0,,,,1,1,0,1,0
898,2025,100,0,0,,,,0,0,0,1,0
898,2025,200,0,0,,,,0,1,0,1,0
898,2025,300,0,0,,,,1,0,1,1,0
898,2025,400,1,1,,,No Previous Data,1,1,1,1,1
898,2025,500,0,0,,,,0,0,0,1,0
898,2025,600,0,0,,,,0,0,0,1,0
898,2025,700,0,0,,,,0,0,0,1,0
899,2025,100,0,0,,,,0,0,1,1,0
899,2025,200,0,0,,,,1,0,0,1,0
899,2025,300,1,1,200.0,Olong Tea Plus,Switched,1,1,1,1,1
899,2025,400,0,0,,,,0,0,1,1,0
899,2025,500,0,0,,,,0,1,0,1,0
899,2025,600,0,0,,,,0,0,0,1,0
899,2025,700,0,0,,,,0,0,0,1,0
900,2025,100,0,0,,,,0,0,1,1,0
900,2025,200,0,0,,,,0,0,1,1,0
900,2025,300,1,1,200.0,Olong Tea Plus,Switched,1,1,1,1,1
900,2025,400,0,0,,,,0,0,0,1,0
900,2025,500,0,0,,,,0,1,0,1,0
900,2025,600,0,0,,,,0,0,0,1,0
900,2025,700,0,0,,,,0,1,0,1,0
901,2025,100,1,0,,,,0,0,1,1,0
901,2025,200,0,0,,,,0,1,0,1,0
901,2025,300,0,0,,,,0,0,0,1,0
901,2025,400,0,0,,,,0,0,0,1,0
901,2025,500,0,0,,,,1,0,0,1,0
901,2025,600,0,0,,,,0,0,0,1,0
901,2025,700,0,1,100.0,C2,Switched,1,1,1,1,1
902,2025,100,1,1,300.0,Không Độ,Switched,1,1,1,1,1
902,2025,200,0,0,,,,1,0,1,1,0
902,2025,300,0,0,,,,1,0,1,1,0
902,2025,400,0,0,,,,0,0,1,1,0
902,2025,500,0,0,,,,0,0,0,1,0
902,2025,600,0,0,,,,0,0,0,0,0
902,2025,700,0,0,,,,0,1,0,1,0
903,2025,100,1,1,,,No Previous Data,1,1,1,1,1
903,2025,200,0,0,,,,1,0,0,1,0
903,2025,300,0,0,,,,0,0,0,1,0
903,2025,400,0,0,,,,1,1,1,1,1
903,2025,500,0,0,,,,0,0,0,0,0
903,2025,600,0,0,,,,0,0,0,1,0
903,2025,700,0,0,,,,0,0,0,1,0
904,2025,100,1,1,,,No Previous Data,1,1,1,1,1
904,2025,200,0,0,,,,0,0,1,1,0
904,2025,300,0,0,,,,0,0,0,1,0
904,2025,400,0,0,,,,1,1,1,1,1
904,2025,500,0,0,,,,0,0,0,1,0
904,2025,600,0,0,,,,0,0,0,0,0
904,2025,700,0,0,,,,1,0,0,1,0
905,2025,100,0,0,,,,0,0,0,1,0
905,2025,200,1,1,,,No Previous Data,1,1,1,1,1
905,2025,300,0,0,,,,1,1,0,1,1
905,2025,400,0,0,,,,0,0,1,1,0
905,2025,500,0,0,,,,0,1,0,1,0
905,2025,600,0,0,,,,0,0,0,1,0
905,2025,700,0,0,,,,0,0,0,1,0
906,2025,100,1,1,,,No Previous Data,1,1,1,1,1
906,2025,200,0,0,,,,1,1,1,1,0
906,2025,300,0,0,,,,1,1,1,1,1
906,2025,400,0,0,,,,0,0,0,1,0
906,2025,500,0,0,,,,0,1,0,1,0
906,2025,600,0,0,,,,0,0,0,1,0
906,2025,700,0,0,,,,0,0,0,1,0
907,2025,100,1,1,,,No Previous Data,1,1,1,1,1
907,2025,200,0,0,,,,1,1,1,1,1
907,2025,300,0,0,,,,0,0,0,1,0
907,2025,400,0,0,,,,0,0,1,1,0
907,2025,500,0,0,,,,0,0,0,1,0
907,2025,600,0,0,,,,0,0,0,1,0
907,2025,700,0,0,,,,0,0,0,1,0
908,2025,100,0,0,,,,0,0,0,1,0
908,2025,200,1,1,,,No Previous Data,1,1,1,1,1
908,2025,300,0,0,,,,0,0,1,1,0
908,2025,400,0,0,,,,0,0,1,1,0
908,2025,500,0,0,,,,0,0,0,1,0
908,2025,600,0,0,,,,0,0,0,1,0
908,2025,700,0,0,,,,0,1,0,1,0
909,2025,100,0,0,,,,0,1,0,1,0
909,2025,200,0,0,,,,0,1,1,1,0
909,2025,300,1,1,,,No Previous Data,1,1,1,1,1
909,2025,400,0,0,,,,0,0,1,1,0
909,2025,500,0,0,,,,0,0,0,1,0
909,2025,600,0,0,,,,1,1,1,1,1
909,2025,700,0,0,,,,0,0,0,1,0
910,2025,100,0,0,,,,0,1,1,1,0
910,2025,200,0,0,,,,0,1,1,1,0
910,2025,300,1,1,,,No Previous Data,1,1,1,1,1
910,2025,400,0,0,,,,0,0,1,1,0
910,2025,500,0,0,,,,0,0,0,1,0
910,2025,600,0,0,,,,1,1,1,1,1
910,2025,700,0,0,,,,0,0,0,1,0
911,2025,100,0,0,,,,0,0,1,1,0
911,2025,200,0,0,,,,0,0,1,1,0
911,2025,300,0,0,,,,0,0,0,1,0
911,2025,400,1,1,100.0,C2,Switched,1,1,1,1,1
911,2025,500,0,0,,,,0,1,0,1,0
911,2025,600,0,0,,,,0,0,0,1,0
911,2025,700,0,0,,,,1,1,0,1,0
912,2025,100,0,0,,,,0,0,0,1,0
912,2025,200,0,0,,,,0,1,1,1,0
912,2025,300,1,1,,,No Previous Data,1,1,1,1,1
912,2025,400,0,0,,,,1,1,1,1,1
912,2025,500,0,0,,,,0,0,0,1,0
912,2025,600,0,0,,,,0,0,0,0,0
912,2025,700,0,0,,,,0,0,0,1,0
913,2025,100,0,0,,,,1,1,0,1,1
913,2025,200,0,0,,,,0,1,0,1,0
913,2025,300,1,1,,,No Previous Data,1,1,1,1,1
913,2025,400,0,0,,,,1,1,1,1,1
913,2025,500,0,0,,,,0,0,0,1,0
913,2025,600,0,0,,,,0,0,1,1,0
913,2025,700,0,0,,,,0,0,0,1,0
914,2025,100,0,0,,,,1,1,0,1,1
914,2025,200,0,0,,,,0,1,1,1,0
914,2025,300,0,0,,,,1,1,1,1,1
914,2025,400,1,1,,,No Previous Data,1,1,1,1,1
914,2025,500,0,0,,,,0,0,0,0,0
914,2025,600,0,0,,,,0,0,0,0,0
914,2025,700,0,0,,,,0,1,0,1,0
915,2025,100,0,0,,,,0,0,0,1,0
915,2025,200,0,0,,,,0,0,0,1,0
915,2025,300,1,1,,,No Previous Data,1,1,1,1,1
915,2025,400,0,0,,,,1,1,1,1,1
915,2025,500,0,0,,,,1,0,1,1,0
915,2025,600,0,0,,,,0,0,0,0,0
915,2025,700,0,0,,,,0,0,0,1,0
916,2025,100,0,0,,,,0,0,0,1,0
916,2025,200,0,0,,,,0,1,0,1,0
916,2025,300,1,1,,,No Previous Data,1,1,1,1,1
916,2025,400,0,0,,,,1,0,1,1,0
916,2025,500,0,0,,,,0,1,1,1,0
916,2025,600,0,0,,,,1,0,1,1,0
916,2025,700,0,0,,,,0,0,0,1,0
917,2025,100,0,0,,,,0,0,0,1,0
917,2025,200,0,0,,,,0,1,0,1,0
917,2025,300,1,1,,,No Previous Data,1,1,1,1,1
917,2025,400,0,0,,,,0,0,0,1,0
917,2025,500,0,0,,,,0,0,0,0,0
917,2025,600,0,0,,,,0,1,1,1,0
917,2025,700,0,0,,,,0,0,0,0,0
918,2025,100,1,1,,,No Previous Data,1,1,1,1,1
918,2025,200,0,0,,,,0,1,1,1,0
918,2025,300,0,0,,,,1,1,1,1,1
918,2025,400,0,0,,,,1,1,0,1,1
918,2025,500,0,0,,,,0,0,0,0,0
918,2025,600,0,0,,,,0,0,0,0,0
918,2025,700,0,0,,,,0,0,0,1,0
919,2025,100,0,0,,,,1,1,0,1,1
919,2025,200,0,0,,,,0,1,1,1,0
919,2025,300,1,1,600.0,Dr. Thanh,Switched,1,1,1,1,1
919,2025,400,0,0,,,,0,0,1,1,0
919,2025,500,0,0,,,,0,0,0,0,0
919,2025,600,0,0,,,,1,1,0,1,1
919,2025,700,0,0,,,,0,0,0,1,0
920,2025,100,0,0,,,,0,0,1,1,0
920,2025,200,0,0,,,,0,0,0,1,0
920,2025,300,0,0,,,,1,0,1,1,0
920,2025,400,1,1,300.0,Không Độ,Switched,1,1,1,1,1
920,2025,500,0,0,,,,0,0,0,0,0
920,2025,600,0,0,,,,1,0,1,1,0
920,2025,700,0,0,,,,0,0,0,1,0
921,2025,100,1,1,,,No Previous Data,1,1,1,1,1
921,2025,200,0,0,,,,0,0,1,1,0
921,2025,300,0,0,,,,1,1,1,1,1
921,2025,400,0,0,,,,0,0,1,1,0
921,2025,500,0,0,,,,0,0,0,1,0
921,2025,600,0,0,,,,0,0,0,0,0
921,2025,700,0,0,,,,0,0,0,1,0
922,2025,100,1,1,,,No Previous Data,1,1,1,1,1
922,2025,200,0,0,,,,0,1,0,1,0
922,2025,300,0,0,,,,1,0,1,1,0
922,2025,400,0,0,,,,0,1,0,1,0
922,2025,500,0,0,,,,0,0,0,0,0
922,2025,600,0,0,,,,0,1,0,1,0
922,2025,700,0,0,,,,0,0,0,0,0
923,2025,100,0,0,,,,1,0,1,1,0
923,2025,200,0,0,,,,1,0,0,1,0
923,2025,300,0,0,,,,1,0,0,1,0
923,2025,400,1,1,300.0,Không Độ,Switched,1,1,1,1,1
923,2025,500,0,0,,,,1,1,0,1,0
923,2025,600,0,0,,,,0,0,0,1,0
923,2025,700,0,0,,,,1,0,1,1,0
924,2025,100,1,1,,,No Previous Data,1,1,1,1,1
924,2025,200,0,0,,,,0,1,1,1,0
924,2025,300,0,0,,,,0,1,1,1,0
924,2025,400,0,0,,,,1,1,0,1,1
924,2025,500,0,0,,,,0,0,0,1,0
924,2025,600,0,0,,,,1,1,0,1,1
924,2025,700,0,0,,,,0,0,0,1,0
925,2025,100,1,1,700.0,Khác,Switched,1,1,1,1,1
925,2025,200,0,0,,,,0,0,0,1,0
925,2025,300,0,0,,,,0,0,0,1,0
925,2025,400,0,0,,,,0,0,0,1,0
925,2025,500,0,0,,,,0,0,0,0,0
925,2025,600,0,0,,,,1,0,0,1,0
925,2025,700,0,0,,,,1,0,1,1,0
926,2025,100,0,0,,,,0,1,0,1,0
926,2025,200,0,0,,,,0,1,0,1,0
926,2025,300,0,0,,,,1,1,1,1,1
926,2025,400,0,0,,,,0,0,0,1,0
926,2025,500,0,0,,,,0,0,0,0,0
926,2025,600,1,1,,,No Previous Data,1,1,1,1,1
926,2025,700,0,0,,,,0,0,0,0,0
927,2025,100,1,1,,,No Previous Data,1,1,1,1,1
927,2025,200,0,0,,,,1,1,1,1,1
927,2025,300,0,0,,,,0,0,0,1,0
927,2025,400,0,0,,,,0,0,1,1,0
927,2025,500,0,0,,,,0,0,0,1,0
927,2025,600,0,0,,,,0,0,0,1,0
927,2025,700,0,0,,,,0,0,0,1,0
928,2025,100,0,1,300.0,Không Độ,Switched,1,1,1,1,1
928,2025,200,0,0,,,,0,1,1,1,0
928,2025,300,1,0,,,,1,0,1,1,0
928,2025,400,0,0,,,,0,0,0,1,0
928,2025,500,0,0,,,,0,1,0,1,0
928,2025,600,0,0,,,,0,0,0,1,0
928,2025,700,0,0,,,,0,0,0,1,0
929,2025,100,0,0,,,,0,1,0,1,0
929,2025,200,1,1,100.0,C2,Switched,1,1,1,1,1
929,2025,300,0,0,,,,1,0,1,1,0
929,2025,400,0,0,,,,0,0,0,1,0
929,2025,500,0,0,,,,0,0,0,1,0
929,2025,600,0,0,,,,0,0,0,1,0
929,2025,700,0,0,,,,0,0,0,1,0
930,2025,100,0,0,,,,0,0,0,1,0
930,2025,200,1,1,,,No Previous Data,1,1,1,1,1
930,2025,300,0,0,,,,0,1,0,1,0
930,2025,400,0,0,,,,0,0,1,1,0
930,2025,500,0,0,,,,1,1,0,1,1
930,2025,600,0,0,,,,0,0,0,1,0
930,2025,700,0,0,,,,0,0,1,1,0
931,2025,100,0,0,,,,0,0,1,1,0
931,2025,200,1,1,,,No Previous Data,1,1,1,1,1
931,2025,300,0,0,,,,0,0,0,1,0
931,2025,400,0,0,,,,0,0,0,1,0
931,2025,500,0,0,,,,0,0,0,1,0
931,2025,600,0,0,,,,1,1,0,1,1
931,2025,700,0,0,,,,0,1,0,1,0
932,2025,100,1,1,,,No Previous Data,1,1,1,1,1
932,2025,200,0,0,,,,0,0,1,1,0
932,2025,300,0,0,,,,0,0,0,1,0
932,2025,400,0,0,,,,0,0,0,1,0
932,2025,500,0,0,,,,0,0,0,0,0
932,2025,600,0,0,,,,1,0,0,1,0
932,2025,700,0,0,,,,1,1,1,1,0
933,2025,100,0,0,,,,1,1,1,1,1
933,2025,200,0,0,,,,0,0,1,1,0
933,2025,300,1,1,,,No Previous Data,1,1,1,1,1
933,2025,400,0,0,,,,0,0,1,1,0
933,2025,500,0,0,,,,0,0,0,0,0
933,2025,600,0,0,,,,0,0,0,0,0
933,2025,700,0,0,,,,0,1,0,1,0
934,2025,100,0,0,,,,0,0,0,1,0
934,2025,200,0,0,,,,1,1,1,1,1
934,2025,300,0,0,,,,0,1,1,1,0
934,2025,400,0,0,,,,0,0,0,1,0
934,2025,500,1,1,,,No Previous Data,1,1,1,1,1
934,2025,600,0,0,,,,1,0,0,1,0
934,2025,700,0,0,,,,0,0,0,0,0
935,2025,100,0,0,,,,0,0,0,1,0
935,2025,200,0,0,,,,1,0,1,1,0
935,2025,300,1,1,,,No Previous Data,1,1,1,1,1
935,2025,400,0,0,,,,0,0,0,1,0
935,2025,500,0,0,,,,0,0,0,1,0
935,2025,600,0,0,,,,0,0,0,1,0
935,2025,700,0,0,,,,0,1,0,1,0
936,2025,100,0,0,,,,0,1,1,1,0
936,2025,200,1,1,,,No Previous Data,1,1,1,1,1
936,2025,300,0,0,,,,0,0,1,1,0
936,2025,400,0,0,,,,0,0,1,1,0
936,2025,500,0,0,,,,1,1,0,1,1
936,2025,600,0,0,,,,0,0,0,0,0
936,2025,700,0,0,,,,0,0,0,0,0
937,2025,100,1,1,,,No Previous Data,1,1,1,1,1
937,2025,200,0,0,,,,0,1,0,1,0
937,2025,300,0,0,,,,0,0,0,1,0
937,2025,400,0,0,,,,0,0,1,1,0
937,2025,500,0,0,,,,0,0,0,0,0
937,2025,600,0,0,,,,1,1,1,1,1
937,2025,700,0,0,,,,1,0,0,1,0
938,2025,100,1,0,,,,1,1,1,1,1
938,2025,200,0,0,,,,0,0,0,1,0
938,2025,300,0,0,,,,0,0,0,1,0
938,2025,400,0,0,,,,0,0,0,1,0
938,2025,500,0,0,,,,0,0,0,0,0
938,2025,600,0,0,,,,0,0,0,0,0
938,2025,700,0,1,400.0,Cozy,Switched,1,1,1,1,1
939,2025,100,0,0,,,,0,0,1,1,0
939,2025,200,0,0,,,,1,1,1,1,1
939,2025,300,0,0,,,,0,0,0,1,0
939,2025,400,0,0,,,,0,0,0,1,0
939,2025,500,0,0,,,,0,0,0,1,0
939,2025,600,0,0,,,,1,1,0,1,1
939,2025,700,1,1,200.0,Olong Tea Plus,Switched,1,1,1,1,1
940,2025,100,0,0,,,,1,0,1,1,0
940,2025,200,0,0,,,,0,1,0,1,0
940,2025,300,1,1,400.0,Cozy,Switched,1,1,1,1,1
940,2025,400,0,0,,,,0,0,0,1,0
940,2025,500,0,0,,,,0,0,0,1,0
940,2025,600,0,0,,,,0,0,0,1,0
940,2025,700,0,0,,,,1,1,1,1,1
941,2025,100,0,0,,,,0,0,0,1,0
941,2025,200,1,1,,,No Previous Data,1,1,1,1,1
941,2025,300,0,0,,,,0,0,0,1,0
941,2025,400,0,0,,,,0,0,0,1,0
941,2025,500,0,0,,,,1,1,1,1,1
941,2025,600,0,0,,,,1,0,1,1,0
941,2025,700,0,0,,,,0,0,0,1,0
942,2025,100,0,0,,,,0,1,0,1,0
942,2025,200,0,0,,,,1,0,1,1,0
942,2025,300,0,0,,,,1,1,1,1,1
942,2025,400,0,0,,,,0,0,1,1,0
942,2025,500,0,0,,,,0,0,0,0,0
942,2025,600,0,0,,,,0,0,0,1,0
942,2025,700,1,1,,,No Previous Data,1,1,1,1,0
943,2025,100,1,0,,,,1,1,1,1,1
943,2025,200,0,0,,,,1,1,0,1,1
943,2025,300,0,0,,,,1,1,0,1,0
943,2025,400,0,0,,,,1,1,0,1,1
943,2025,500,0,0,,,,1,1,0,1,1
943,2025,600,0,0,,,,0,0,0,0,0
943,2025,700,0,1,,,No Previous Data,1,1,0,1,1
944,2025,100,0,0,,,,0,0,1,1,0
944,2025,200,0,0,,,,1,1,1,1,1
944,2025,300,1,1,200.0,Olong Tea Plus,Switched,1,1,1,1,1
944,2025,400,0,0,,,,0,0,0,1,0
944,2025,500,0,0,,,,0,0,0,0,0
944,2025,600,0,0,,,,0,0,0,1,0
944,2025,700,0,0,,,,0,0,0,1,0
945,2025,100,1,0,,,,1,1,1,1,1
945,2025,200,0,0,,,,1,1,0,1,1
945,2025,300,0,0,,,,0,0,0,0,0
945,2025,400,0,0,,,,0,1,0,1,0
945,2025,500,0,1,,,No Previous Data,1,1,0,1,1
945,2025,600,0,0,,,,0,0,0,0,0
945,2025,700,0,0,,,,1,1,0,1,0
946,2025,100,1,1,400.0,Cozy,Switched,1,1,1,1,1
946,2025,200,0,0,,,,1,1,0,1,1
946,2025,300,0,0,,,,0,0,0,0,0
946,2025,400,0,0,,,,1,1,0,1,1
946,2025,500,0,0,,,,0,0,0,0,0
946,2025,600,0,0,,,,0,0,0,0,0
946,2025,700,0,0,,,,1,1,0,1,1
947,2025,100,1,0,,,,1,1,1,1,1
947,2025,200,0,0,,,,1,1,0,1,1
947,2025,300,0,0,,,,1,1,0,1,0
947,2025,400,0,0,,,,1,1,0,1,1
947,2025,500,0,0,,,,1,1,0,1,1
947,2025,600,0,0,,,,0,0,0,0,0
947,2025,700,0,1,400.0,Cozy,Switched,1,1,0,1,1
948,2025,100,0,0,,,,0,1,0,1,0
948,2025,200,1,1,,,No Previous Data,1,1,1,1,1
948,2025,300,0,0,,,,0,0,0,0,0
948,2025,400,0,0,,,,0,0,0,0,0
948,2025,500,0,0,,,,1,1,0,1,1
948,2025,600,0,0,,,,0,0,0,0,0
948,2025,700,0,0,,,,0,1,0,1,0
949,2025,100,0,0,,,,1,1,0,1,1
949,2025,200,0,0,,,,1,1,1,1,1
949,2025,300,1,1,200.0,Olong Tea Plus,Switched,1,1,1,1,1
949,2025,400,0,0,,,,1,1,0,1,1
949,2025,500,0,0,,,,0,0,0,0,0
949,2025,600,0,0,,,,0,0,0,0,0
949,2025,700,0,0,,,,0,0,0,0,0
950,2025,100,1,0,,,,1,1,1,1,0
950,2025,200,0,1,100.0,C2,Switched,1,1,0,1,1
950,2025,300,0,0,,,,0,0,0,0,0
950,2025,400,0,0,,,,1,1,0,1,0
950,2025,500,0,0,,,,0,0,0,0,0
950,2025,600,0,0,,,,0,0,0,0,0
950,2025,700,0,0,,,,0,0,0,0,0
951,2025,100,0,0,,,,1,1,0,1,1
951,2025,200,0,0,,,,0,0,0,1,0
951,2025,300,1,1,700.0,Khác,Switched,1,1,1,1,1
951,2025,400,0,0,,,,0,0,0,0,0
951,2025,500,0,0,,,,0,1,0,1,0
951,2025,600,0,0,,,,0,0,0,0,0
951,2025,700,0,0,,,,1,1,0,1,1
952,2025,100,1,0,,,,1,1,1,1,0
952,2025,200,0,0,,,,1,1,0,1,1
952,2025,300,0,0,,,,0,0,0,0,0
952,2025,400,0,0,,,,0,0,0,0,0
952,2025,500,0,1,,,No Previous Data,1,1,0,1,1
952,2025,600,0,0,,,,0,0,0,0,0
952,2025,700,0,0,,,,1,1,0,1,1
953,2025,100,1,1,,,No Previous Data,1,1,1,1,1
953,2025,200,0,0,,,,0,0,0,1,0
953,2025,300,0,0,,,,0,0,0,1,0
953,2025,400,0,0,,,,1,1,1,1,1
953,2025,500,0,0,,,,0,0,0,0,0
953,2025,600,0,0,,,,0,0,0,1,0
953,2025,700,0,0,,,,0,0,0,0,0
954,2025,100,0,0,,,,0,0,1,1,0
954,2025,200,0,0,,,,0,0,1,1,0
954,2025,300,0,0,,,,0,1,0,1,0
954,2025,400,1,1,100.0,C2,Switched,1,1,1,1,1
954,2025,500,0,0,,,,0,0,0,0,0
954,2025,600,0,0,,,,0,0,0,1,0
954,2025,700,0,0,,,,0,1,0,1,0
955,2025,100,1,1,,,No Previous Data,1,1,1,1,1
955,2025,200,0,0,,,,1,1,1,1,1
955,2025,300,0,0,,,,1,1,1,1,0
955,2025,400,0,0,,,,1,1,1,1,1
955,2025,500,0,0,,,,0,0,0,0,0
955,2025,600,0,0,,,,0,0,0,0,0
955,2025,700,0,0,,,,1,1,0,1,0
956,2025,100,0,0,,,,1,1,1,1,1
956,2025,200,0,0,,,,1,1,1,1,1
956,2025,300,1,1,,,No Previous Data,1,1,1,1,1
956,2025,400,0,0,,,,1,1,1,1,1
956,2025,500,0,0,,,,1,1,0,1,1
956,2025,600,0,0,,,,0,0,0,0,0
956,2025,700,0,0,,,,0,0,0,0,0
957,2025,100,0,0,,,,1,1,1,1,1
957,2025,200,1,1,300.0,Không Độ,Switched,1,1,1,1,1
957,2025,300,0,0,,,,1,1,1,1,1
957,2025,400,0,0,,,,1,1,1,1,1
957,2025,500,0,0,,,,1,1,0,1,1
957,2025,600,0,0,,,,0,0,0,0,0
957,2025,700,0,0,,,,1,1,0,1,1
958,2025,100,0,0,,,,0,1,0,1,0
958,2025,200,1,1,100.0,C2,Switched,1,1,1,1,1
958,2025,300,0,0,,,,1,1,1,1,1
958,2025,400,0,0,,,,0,0,0,1,0
958,2025,500,0,0,,,,0,0,0,0,0
958,2025,600,0,0,,,,0,0,0,0,0
958,2025,700,0,0,,,,0,1,1,1,0
959,2025,100,0,0,,,,1,1,1,1,1
959,2025,200,1,1,,,No Previous Data,1,1,1,1,1
959,2025,300,0,0,,,,1,1,1,1,1
959,2025,400,0,0,,,,1,1,1,1,1
959,2025,500,0,0,,,,0,1,0,1,0
959,2025,600,0,0,,,,0,0,0,0,0
959,2025,700,0,0,,,,0,1,0,1,0
960,2025,100,0,0,,,,1,1,1,1,1
960,2025,200,1,1,,,No Previous Data,1,1,1,1,1
960,2025,300,0,0,,,,1,1,0,1,1
960,2025,400,0,0,,,,0,1,0,1,0
960,2025,500,0,0,,,,0,1,0,1,0
960,2025,600,0,0,,,,0,0,0,0,0
960,2025,700,0,0,,,,1,1,0,1,0
961,2025,100,0,0,,,,1,1,1,1,1
961,2025,200,1,1,,,No Previous Data,1,1,1,1,1
961,2025,300,0,0,,,,1,1,1,1,1
961,2025,400,0,0,,,,1,1,1,1,1
961,2025,500,0,0,,,,0,1,0,1,0
961,2025,600,0,0,,,,1,1,0,1,1
961,2025,700,0,0,,,,0,1,0,1,0
962,2025,100,0,0,,,,1,1,1,1,1
962,2025,200,1,1,,,No Previous Data,1,1,1,1,1
962,2025,300,0,0,,,,0,0,0,1,0
962,2025,400,0,0,,,,0,0,1,1,0
962,2025,500,0,0,,,,0,1,0,1,0
962,2025,600,0,0,,,,0,0,0,1,0
962,2025,700,0,0,,,,0,1,0,1,0
963,2025,100,1,1,,,No Previous Data,1,1,1,1,1
963,2025,200,0,0,,,,1,1,1,1,1
963,2025,300,0,0,,,,0,0,1,1,0
963,2025,400,0,0,,,,0,0,0,1,0
963,2025,500,0,0,,,,0,0,0,1,0
963,2025,600,0,0,,,,0,0,0,0,0
963,2025,700,0,0,,,,0,1,0,1,0
964,2025,100,1,1,200.0,Olong Tea Plus,Switched,1,1,1,1,1
964,2025,200,0,0,,,,0,0,1,1,0
964,2025,300,0,0,,,,1,1,1,1,1
964,2025,400,0,0,,,,1,1,1,1,0
964,2025,500,0,0,,,,0,1,0,1,0
964,2025,600,0,0,,,,0,1,0,1,0
964,2025,700,0,0,,,,0,1,1,1,0
965,2025,100,0,0,,,,1,1,1,1,1
965,2025,200,1,1,,,No Previous Data,1,1,1,1,1
965,2025,300,0,0,,,,0,1,0,1,0
965,2025,400,0,0,,,,0,0,0,1,0
965,2025,500,0,0,,,,1,1,0,1,1
965,2025,600,0,0,,,,0,0,0,0,0
965,2025,700,0,0,,,,0,1,0,1,0
966,2025,100,0,0,,,,1,1,1,1,1
966,2025,200,0,0,,,,1,1,1,1,1
966,2025,300,1,1,200.0,Olong Tea Plus,Switched,1,1,1,1,1
966,2025,400,0,0,,,,0,1,0,1,0
966,2025,500,0,0,,,,0,1,0,1,0
966,2025,600,0,0,,,,0,0,0,0,0
966,2025,700,0,0,,,,0,0,0,0,0
967,2025,100,1,1,200.0,Olong Tea Plus,Switched,1,1,1,1,1
967,2025,200,0,0,,,,1,0,1,1,0
967,2025,300,0,0,,,,0,0,1,1,0
967,2025,400,0,0,,,,0,0,0,1,0
967,2025,500,0,0,,,,0,0,0,0,0
967,2025,600,0,0,,,,0,0,0,1,0
967,2025,700,0,0,,,,1,1,0,1,0
968,2025,100,0,0,,,,0,1,1,1,0
968,2025,200,0,0,,,,0,1,1,1,0
968,2025,300,1,1,,,No Previous Data,1,1,1,1,1
968,2025,400,0,0,,,,0,1,0,1,0
968,2025,500,0,0,,,,0,0,0,0,0
968,2025,600,0,0,,,,0,0,0,1,0
968,2025,700,0,0,,,,0,0,0,1,0
969,2025,100,1,1,,,No Previous Data,1,1,1,1,1
969,2025,200,0,0,,,,1,1,1,1,1
969,2025,300,0,0,,,,1,0,0,1,0
969,2025,400,0,0,,,,1,0,0,1,0
969,2025,500,0,0,,,,1,1,0,1,0
969,2025,600,0,0,,,,0,0,0,1,0
969,2025,700,0,0,,,,1,1,1,1,0
970,2025,100,0,0,,,,1,1,1,1,1
970,2025,200,1,1,,,No Previous Data,1,1,1,1,1
970,2025,300,0,0,,,,1,1,0,1,0
970,2025,400,0,0,,,,1,0,0,1,0
970,2025,500,0,0,,,,0,0,0,1,0
970,2025,600,0,0,,,,0,0,0,0,0
970,2025,700,0,0,,,,1,1,1,1,1
971,2025,100,1,1,,,No Previous Data,1,1,1,1,1
971,2025,200,0,0,,,,1,1,0,1,1
971,2025,300,0,0,,,,1,1,0,1,1
971,2025,400,0,0,,,,1,1,0,1,1
971,2025,500,0,0,,,,0,0,0,1,0
971,2025,600,0,0,,,,0,0,0,1,0
971,2025,700,0,0,,,,1,1,0,1,0
972,2025,100,1,1,,,No Previous Data,1,1,1,1,1
972,2025,200,0,0,,,,0,0,1,1,0
972,2025,300,0,0,,,,1,1,0,1,1
972,2025,400,0,0,,,,1,0,1,1,0
972,2025,500,0,0,,,,0,0,0,1,0
972,2025,600,0,0,,,,0,1,0,1,0
972,2025,700,0,0,,,,0,0,0,1,0
973,2025,100,1,1,200.0,Olong Tea Plus,Switched,1,1,1,1,1
973,2025,200,0,0,,,,1,1,0,1,1
973,2025,300,0,0,,,,1,1,0,1,1
973,2025,400,0,0,,,,1,1,0,1,1
973,2025,500,0,0,,,,0,0,0,0,0
973,2025,600,0,0,,,,0,0,0,0,0
973,2025,700,0,0,,,,0,0,0,0,0
974,2025,100,0,0,,,,0,0,1,1,0
974,2025,200,0,0,,,,0,1,1,1,0
974,2025,300,1,0,,,,1,1,1,1,1
974,2025,400,0,0,,,,0,0,1,1,0
974,2025,500,0,1,300.0,Không Độ,Switched,1,1,0,1,1
974,2025,600,0,0,,,,0,0,0,0,0
974,2025,700,0,0,,,,0,0,1,1,0
975,2025,100,0,0,,,,0,0,1,1,0
975,2025,200,1,1,600.0,Dr. Thanh,Switched,1,1,1,1,1
975,2025,300,0,0,,,,0,0,0,1,0
975,2025,400,0,0,,,,0,0,0,1,0
975,2025,500,0,0,,,,1,1,0,1,0
975,2025,600,0,0,,,,0,0,0,1,0
975,2025,700,0,0,,,,0,1,0,1,0
976,2025,100,0,0,,,,0,1,1,1,0
976,2025,200,1,1,,,No Previous Data,1,1,1,1,1
976,2025,300,0,0,,,,1,1,0,1,0
976,2025,400,0,0,,,,0,0,0,1,0
976,2025,500,0,0,,,,0,0,0,0,0
976,2025,600,0,0,,,,0,0,0,1,0
976,2025,700,0,0,,,,0,1,0,1,0
977,2025,100,0,0,,,,0,1,1,1,0
977,2025,200,1,1,,,No Previous Data,1,1,1,1,1
977,2025,300,0,0,,,,0,1,1,1,0
977,2025,400,0,0,,,,0,1,0,1,0
977,2025,500,0,0,,,,0,0,0,1,0
977,2025,600,0,0,,,,0,0,0,1,0
977,2025,700,0,0,,,,0,0,0,1,0
978,2025,100,1,1,,,No Previous Data,1,1,1,1,1
978,2025,200,0,0,,,,1,1,1,1,1
978,2025,300,0,0,,,,1,1,0,1,0
978,2025,400,0,0,,,,0,0,1,1,0
978,2025,500,0,0,,,,0,0,0,1,0
978,2025,600,0,0,,,,0,0,0,0,0
978,2025,700,0,0,,,,1,1,1,1,1
979,2025,100,0,0,,,,1,1,1,1,1
979,2025,200,1,1,,,No Previous Data,1,1,1,1,1
979,2025,300,0,0,,,,0,1,0,1,0
979,2025,400,0,0,,,,0,0,0,1,0
979,2025,500,0,0,,,,0,1,0,1,0
979,2025,600,0,0,,,,0,0,0,1,0
979,2025,700,0,0,,,,0,1,0,1,0
980,2025,100,1,1,200.0,Olong Tea Plus,Switched,1,1,1,1,1
980,2025,200,0,0,,,,0,0,1,1,0
980,2025,300,0,0,,,,0,1,1,1,0
980,2025,400,0,0,,,,0,0,0,1,0
980,2025,500,0,0,,,,0,1,0,1,0
980,2025,600,0,0,,,,0,1,0,1,0
980,2025,700,0,0,,,,0,1,0,1,0
981,2025,100,0,0,,,,1,1,1,1,0
981,2025,200,0,0,,,,0,1,1,1,0
981,2025,300,1,1,,,No Previous Data,1,1,1,1,1
981,2025,400,0,0,,,,1,0,0,1,0
981,2025,500,0,0,,,,1,1,0,1,0
981,2025,600,0,0,,,,0,1,0,1,0
981,2025,700,0,0,,,,0,1,0,1,0
982,2025,100,0,0,,,,1,0,1,1,0
982,2025,200,0,0,,,,1,0,1,1,0
982,2025,300,1,1,200.0,Olong Tea Plus,Switched,1,1,1,1,1
982,2025,400,0,0,,,,0,0,0,1,0
982,2025,500,0,0,,,,0,1,0,1,0
982,2025,600,0,0,,,,0,0,0,1,0
982,2025,700,0,0,,,,1,0,0,1,0
983,2025,100,1,1,,,No Previous Data,1,1,1,1,1
983,2025,200,0,0,,,,1,1,1,1,1
983,2025,300,0,0,,,,1,0,1,1,0
983,2025,400,0,0,,,,1,0,0,1,0
983,2025,500,0,0,,,,0,1,0,1,0
983,2025,600,0,0,,,,0,0,0,1,0
983,2025,700,0,0,,,,1,1,0,1,0
984,2025,100,0,0,,,,0,0,1,1,0
984,2025,200,0,0,,,,0,0,0,1,0
984,2025,300,0,0,,,,1,0,0,1,0
984,2025,400,1,1,,,No Previous Data,1,1,1,1,1
984,2025,500,0,0,,,,0,0,0,0,0
984,2025,600,0,0,,,,0,0,0,1,0
984,2025,700,0,0,,,,0,0,0,1,0
985,2025,100,0,0,,,,1,1,1,1,1
985,2025,200,0,0,,,,1,1,1,1,0
985,2025,300,1,1,,,No Previous Data,1,1,1,1,1
985,2025,400,0,0,,,,0,0,0,1,0
985,2025,500,0,0,,,,0,1,0,1,0
985,2025,600,0,0,,,,0,0,0,0,0
985,2025,700,0,0,,,,1,1,0,1,0
986,2025,100,1,1,200.0,Olong Tea Plus,Switched,1,1,1,1,1
986,2025,200,0,0,,,,0,0,1,1,0
986,2025,300,0,0,,,,0,0,1,1,0
986,2025,400,0,0,,,,0,0,1,1,0
986,2025,500,0,0,,,,0,0,0,1,0
986,2025,600,0,0,,,,0,0,0,1,0
986,2025,700,0,0,,,,1,0,0,1,0
987,2025,100,0,0,,,,0,0,1,1,0
987,2025,200,0,0,,,,0,0,1,1,0
987,2025,300,0,0,,,,1,0,0,1,0
987,2025,400,1,1,,,No Previous Data,1,1,1,1,1
987,2025,500,0,0,,,,0,0,0,1,0
987,2025,600,0,0,,,,0,0,0,1,0
987,2025,700,0,0,,,,0,0,0,1,0
988,2025,100,0,0,,,,1,1,1,1,1
988,2025,200,1,1,,,No Previous Data,1,1,1,1,1
988,2025,300,0,0,,,,0,1,0,1,0
988,2025,400,0,0,,,,0,0,0,1,0
988,2025,500,0,0,,,,0,0,0,1,0
988,2025,600,0,0,,,,0,0,0,0,0
988,2025,700,0,0,,,,1,1,1,1,0
989,2025,100,0,1,300.0,Không Độ,Switched,1,1,1,1,1
989,2025,200,0,0,,,,0,1,1,1,0
989,2025,300,1,0,,,,1,1,1,1,1
989,2025,400,0,0,,,,0,0,0,1,0
989,2025,500,0,0,,,,0,0,0,1,0
989,2025,600,0,0,,,,0,0,0,1,0
989,2025,700,0,0,,,,0,0,0,1,0
990,2025,100,0,0,,,,0,0,1,1,0
990,2025,200,0,0,,,,1,1,1,1,0
990,2025,300,1,1,,,No Previous Data,1,1,1,1,1
990,2025,400,0,0,,,,0,0,0,1,0
990,2025,500,0,0,,,,0,0,0,1,0
990,2025,600,0,0,,,,0,0,0,1,0
990,2025,700,0,0,,,,0,0,0,1,0
991,2025,100,0,0,,,,1,1,1,1,1
991,2025,200,1,1,,,No Previous Data,1,1,1,1,1
991,2025,300,0,0,,,,1,1,0,1,0
991,2025,400,0,0,,,,0,0,0,1,0
991,2025,500,0,0,,,,0,0,0,1,0
991,2025,600,0,0,,,,0,0,0,0,0
991,2025,700,0,0,,,,0,0,0,1,0
992,2025,100,0,0,,,,1,1,1,1,1
992,2025,200,0,0,,,,1,1,1,1,1
992,2025,300,1,1,100.0,C2,Switched,1,1,1,1,1
992,2025,400,0,0,,,,0,0,0,1,0
992,2025,500,0,0,,,,0,0,0,1,0
992,2025,600,0,0,,,,0,0,0,1,0
992,2025,700,0,0,,,,1,1,0,1,0
993,2025,100,1,0,,,,1,1,1,1,1
993,2025,200,0,0,,,,1,1,1,1,1
993,2025,300,0,1,100.0,C2,Switched,1,1,0,1,1
993,2025,400,0,0,,,,0,0,1,1,0
993,2025,500,0,0,,,,0,1,0,1,0
993,2025,600,0,0,,,,0,0,0,1,0
993,2025,700,0,0,,,,1,1,1,1,1
994,2025,100,0,0,,,,1,1,1,1,1
994,2025,200,0,0,,,,1,1,1,1,1
994,2025,300,0,0,,,,0,1,0,1,0
994,2025,400,1,1,100.0,C2,Switched,1,1,1,1,1
994,2025,500,0,0,,,,0,1,0,1,0
994,2025,600,0,0,,,,0,0,0,1,0
994,2025,700,0,0,,,,0,0,0,1,0
995,2025,100,1,1,,,No Previous Data,1,1,1,1,1
995,2025,200,0,0,,,,1,1,1,1,1
995,2025,300,0,0,,,,0,1,0,1,0
995,2025,400,0,0,,,,1,1,0,1,1
995,2025,500,0,0,,,,0,0,0,1,0
995,2025,600,0,0,,,,0,0,0,0,0
995,2025,700,0,0,,,,1,1,1,1,1
996,2025,100,0,0,,,,1,1,1,1,1
996,2025,200,0,0,,,,1,1,1,1,0
996,2025,300,1,1,100.0,C2,Switched,1,1,1,1,1
996,2025,400,0,0,,,,0,1,0,1,0
996,2025,500,0,0,,,,0,0,0,0,0
996,2025,600,0,0,,,,0,0,0,0,0
996,2025,700,0,0,,,,0,0,0,0,0
997,2025,100,0,0,,,,0,0,1,1,0
997,2025,200,1,1,,,No Previous Data,1,1,1,1,1
997,2025,300,0,0,,,,0,0,0,1,0
997,2025,400,0,0,,,,0,0,0,1,0
997,2025,500,0,0,,,,0,1,0,1,0
997,2025,600,0,0,,,,1,0,0,1,0
997,2025,700,0,0,,,,1,0,1,1,0
998,2025,100,0,0,,,,0,1,1,1,0
998,2025,200,0,0,,,,0,1,1,1,0
998,2025,300,1,1,100.0,C2,Switched,1,1,1,1,1
998,2025,400,0,0,,,,0,1,0,1,0
998,2025,500,0,0,,,,0,0,0,0,0
998,2025,600,0,0,,,,0,1,0,1,0
998,2025,700,0,0,,,,0,0,0,1,0
999,2025,100,0,0,,,,0,1,1,1,0
999,2025,200,0,0,,,,0,1,1,1,0
999,2025,300,1,1,,,No Previous Data,1,1,1,1,1
999,2025,400,0,0,,,,0,0,0,1,0
999,2025,500,0,0,,,,0,1,0,1,0
999,2025,600,0,0,,,,0,0,0,1,0
999,2025,700,0,0,,,,0,1,0,1,0
1000,2025,100,1,1,,,No Previous Data,1,1,1,1,1
1000,2025,200,0,0,,,,0,1,1,1,0
1000,2025,300,0,0,,,,0,1,1,1,0
1000,2025,400,0,0,,,,0,0,0,1,0
1000,2025,500,0,0,,,,0,0,0,0,0
1000,2025,600,0,0,,,,0,0,0,1,0
1000,2025,700,0,0,,,,0,0,0,1,0
1001,2025,100,0,1,700.0,Khác,Switched,1,1,0,1,1
1001,2025,200,0,0,,,,0,0,0,1,0
1001,2025,300,1,0,,,,1,1,1,1,1
1001,2025,400,0,0,,,,0,0,0,0,0
1001,2025,500,0,0,,,,1,1,0,1,1
1001,2025,600,0,0,,,,0,0,0,0,0
1001,2025,700,0,0,,,,0,1,0,1,0
1002,2025,100,1,0,,,,1,1,1,1,1
1002,2025,200,0,0,,,,0,1,1,1,0
1002,2025,300,0,0,,,,0,0,0,0,0
1002,2025,400,0,0,,,,0,0,0,0,0
1002,2025,500,0,0,,,,0,0,0,0,0
1002,2025,600,0,0,,,,0,0,0,0,0
1002,2025,700,0,1,100.0,C2,Switched,1,1,0,1,0
1003,2025,100,1,0,,,,1,1,1,1,1
1003,2025,200,0,0,,,,1,1,1,1,1
1003,2025,300,0,0,,,,1,1,1,1,1
1003,2025,400,0,0,,,,1,1,1,1,1
1003,2025,500,0,1,100.0,C2,Switched,1,1,0,1,1
1003,2025,600,0,0,,,,1,1,0,1,1
1003,2025,700,0,0,,,,1,1,0,1,1
1004,2025,100,0,0,,,,1,1,1,1,1
1004,2025,200,0,0,,,,1,1,0,1,1
1004,2025,300,0,0,,,,1,1,1,1,1
1004,2025,400,1,0,,,,1,1,1,1,1
1004,2025,500,0,0,,,,0,1,0,1,0
1004,2025,600,0,0,,,,1,1,0,1,1
1004,2025,700,0,1,100.0,C2,Switched,1,1,1,1,1
1005,2025,100,1,0,,,,1,1,1,1,1
1005,2025,200,0,1,500.0,Boncha,Switched,1,1,0,1,1
1005,2025,300,0,0,,,,0,0,0,0,0
1005,2025,400,0,0,,,,0,0,0,0,0
1005,2025,500,0,0,,,,1,1,0,1,1
1005,2025,600,0,0,,,,0,0,0,0,0
1005,2025,700,0,0,,,,1,1,0,1,0
1006,2025,100,0,1,200.0,Olong Tea Plus,Switched,1,1,1,1,1
1006,2025,200,0,0,,,,1,1,1,1,1
1006,2025,300,1,0,,,,0,1,1,1,0
1006,2025,400,0,0,,,,1,1,0,1,1
1006,2025,500,0,0,,,,0,0,0,1,0
1006,2025,600,0,0,,,,1,1,0,1,1
1006,2025,700,0,0,,,,1,1,0,1,0
1007,2025,100,0,0,,,,1,1,1,1,1
1007,2025,200,0,0,,,,1,1,0,1,1
1007,2025,300,0,0,,,,1,1,1,1,0
1007,2025,400,0,0,,,,0,1,0,1,0
1007,2025,500,0,0,,,,1,1,0,1,1
1007,2025,600,0,1,200.0,Olong Tea Plus,Switched,1,1,0,1,1
1007,2025,700,0,0,,,,1,1,1,1,1
1008,2025,100,1,1,,,No Previous Data,1,1,1,1,1
1008,2025,200,0,0,,,,0,0,1,1,0
1008,2025,300,0,0,,,,1,1,1,1,1
1008,2025,400,0,0,,,,0,0,0,1,0
1008,2025,500,0,0,,,,0,0,0,1,0
1008,2025,600,0,0,,,,0,0,0,1,0
1008,2025,700,0,0,,,,0,0,0,1,0
1009,2025,100,1,1,,,No Previous Data,1,1,1,1,1
1009,2025,200,0,0,,,,0,0,1,1,0
1009,2025,300,0,0,,,,1,1,1,1,0
1009,2025,400,0,0,,,,0,0,0,1,0
1009,2025,500,0,0,,,,0,0,0,1,0
1009,2025,600,0,0,,,,0,0,0,1,0
1009,2025,700,0,0,,,,0,0,1,1,0
1010,2025,100,0,0,,,,0,0,0,1,0
1010,2025,200,0,0,,,,1,1,1,1,1
1010,2025,300,1,1,,,No Previous Data,1,1,1,1,1
1010,2025,400,0,0,,,,1,0,1,1,0
1010,2025,500,0,0,,,,0,0,0,1,0
1010,2025,600,0,0,,,,0,0,0,1,0
1010,2025,700,0,0,,,,0,0,0,1,0
1011,2025,100,0,1,200.0,Olong Tea Plus,Switched,1,1,1,1,1
1011,2025,200,1,0,,,,1,1,1,1,0
1011,2025,300,0,0,,,,0,0,1,1,0
1011,2025,400,0,0,,,,0,0,0,1,0
1011,2025,500,0,0,,,,0,0,0,0,0
1011,2025,600,0,0,,,,0,0,0,1,0
1011,2025,700,0,0,,,,0,0,0,1,0
1012,2025,100,1,1,,,No Previous Data,1,1,1,1,1
1012,2025,200,0,0,,,,0,0,1,1,0
1012,2025,300,0,0,,,,1,1,1,1,1
1012,2025,400,0,0,,,,0,0,0,1,0
1012,2025,500,0,0,,,,0,0,0,1,0
1012,2025,600,0,0,,,,0,0,0,1,0
1012,2025,700,0,0,,,,0,0,0,1,0
1013,2025,100,0,0,,,,0,0,1,1,0
1013,2025,200,1,1,100.0,C2,Switched,1,1,1,1,1
1013,2025,300,0,0,,,,0,1,1,1,0
1013,2025,400,0,0,,,,0,0,0,1,0
1013,2025,500,0,0,,,,0,0,0,1,0
1013,2025,600,0,0,,,,0,0,0,1,0
1013,2025,700,0,0,,,,0,0,0,1,0
1014,2025,100,1,1,500.0,Boncha,Switched,1,1,1,1,1
1014,2025,200,0,0,,,,1,1,0,1,0
1014,2025,300,0,0,,,,0,0,0,1,0
1014,2025,400,0,0,,,,0,0,0,1,0
1014,2025,500,0,0,,,,1,1,1,1,1
1014,2025,600,0,0,,,,0,0,0,1,0
1014,2025,700,0,0,,,,0,1,0,1,0
1015,2025,100,0,0,,,,0,0,0,1,0
1015,2025,200,0,0,,,,1,0,1,1,0
1015,2025,300,1,1,,,No Previous Data,1,1,1,1,1
1015,2025,400,0,0,,,,0,0,1,1,0
1015,2025,500,0,0,,,,0,0,0,0,0
1015,2025,600,0,0,,,,0,0,0,1,0
1015,2025,700,0,0,,,,0,0,0,1,0
1016,2025,100,0,0,,,,0,1,1,1,0
1016,2025,200,0,0,,,,0,0,1,1,0
1016,2025,300,0,0,,,,0,1,0,1,0
1016,2025,400,1,1,,,No Previous Data,1,1,1,1,1
1016,2025,500,0,0,,,,0,0,0,0,0
1016,2025,600,0,0,,,,0,0,0,1,0
1016,2025,700,0,0,,,,0,0,0,1,0
1017,2025,100,1,1,,,No Previous Data,1,1,1,1,1
1017,2025,200,0,0,,,,1,1,1,1,1
1017,2025,300,0,0,,,,0,1,1,1,0
1017,2025,400,0,0,,,,0,0,0,1,0
1017,2025,500,0,0,,,,0,0,0,1,0
1017,2025,600,0,0,,,,0,0,0,1,0
1017,2025,700,0,0,,,,0,0,0,1,0
1018,2025,100,0,0,,,,1,1,1,1,1
1018,2025,200,0,0,,,,0,0,1,1,0
1018,2025,300,1,1,100.0,C2,Switched,1,1,1,1,1
1018,2025,400,0,0,,,,0,1,0,1,0
1018,2025,500,0,0,,,,0,0,0,1,0
1018,2025,600,0,0,,,,0,0,0,1,0
1018,2025,700,0,0,,,,0,1,0,1,0
1019,2025,100,0,0,,,,1,1,1,1,1
1019,2025,200,1,1,100.0,C2,Switched,1,1,1,1,1
1019,2025,300,0,0,,,,0,0,1,1,0
1019,2025,400,0,0,,,,0,0,0,1,0
1019,2025,500,0,0,,,,0,0,0,1,0
1019,2025,600,0,0,,,,0,0,0,1,0
1019,2025,700,0,0,,,,0,0,1,1,0
1020,2025,100,0,0,,,,1,1,1,1,1
1020,2025,200,0,0,,,,1,1,1,1,0
1020,2025,300,0,0,,,,1,0,1,1,0
1020,2025,400,1,1,,,No Previous Data,1,1,1,1,1
1020,2025,500,0,0,,,,0,0,0,0,0
1020,2025,600,0,0,,,,0,0,0,1,0
1020,2025,700,0,0,,,,0,0,0,1,0
1021,2025,100,1,1,,,No Previous Data,1,1,1,1,1
1021,2025,200,0,0,,,,1,0,1,1,0
1021,2025,300,0,0,,,,0,1,1,1,0
1021,2025,400,0,0,,,,0,0,0,1,0
1021,2025,500,0,0,,,,0,0,0,1,0
1021,2025,600,0,0,,,,0,0,0,1,0
1021,2025,700,0,0,,,,0,0,1,1,0
1022,2025,100,0,0,,,,1,1,1,1,1
1022,2025,200,1,1,,,No Previous Data,1,1,1,1,1
1022,2025,300,0,0,,,,1,1,1,1,1
1022,2025,400,0,0,,,,0,0,0,1,0
1022,2025,500,0,0,,,,0,0,0,0,0
1022,2025,600,0,0,,,,0,0,0,0,0
1022,2025,700,0,0,,,,0,0,0,1,0
1023,2025,100,0,0,,,,1,1,1,1,1
1023,2025,200,0,0,,,,0,0,0,1,0
1023,2025,300,1,1,,,No Previous Data,1,1,1,1,1
1023,2025,400,0,0,,,,1,1,1,1,1
1023,2025,500,0,0,,,,0,0,0,1,0
1023,2025,600,0,0,,,,0,0,0,1,0
1023,2025,700,0,0,,,,0,0,0,1,0
1024,2025,100,0,0,,,,0,1,1,1,0
1024,2025,200,0,0,,,,0,0,0,1,0
1024,2025,300,1,1,,,No Previous Data,1,1,1,1,1
1024,2025,400,0,0,,,,0,0,0,1,0
1024,2025,500,0,0,,,,0,0,0,1,0
1024,2025,600,0,0,,,,0,0,0,1,0
1024,2025,700,0,0,,,,0,1,1,1,0
1025,2025,100,0,0,,,,1,1,1,1,1
1025,2025,200,1,1,,,No Previous Data,1,1,1,1,1
1025,2025,300,0,0,,,,0,0,0,1,0
1025,2025,400,0,0,,,,0,0,0,1,0
1025,2025,500,0,0,,,,0,0,0,1,0
1025,2025,600,0,0,,,,0,0,0,1,0
1025,2025,700,0,0,,,,0,0,0,1,0
1026,2025,100,1,1,,,No Previous Data,1,1,1,1,1
1026,2025,200,0,0,,,,0,1,0,1,0
1026,2025,300,0,0,,,,1,1,1,1,1
1026,2025,400,0,0,,,,0,0,1,1,0
1026,2025,500,0,0,,,,0,0,0,1,0
1026,2025,600,0,0,,,,0,0,0,1,0
1026,2025,700,0,0,,,,0,0,0,1,0
1027,2025,100,0,0,,,,1,1,1,1,1
1027,2025,200,0,0,,,,0,0,1,1,0
1027,2025,300,1,1,,,No Previous Data,1,1,1,1,1
1027,2025,400,0,0,,,,0,0,0,1,0
1027,2025,500,0,0,,,,0,0,0,0,0
1027,2025,600,0,0,,,,0,0,0,1,0
1027,2025,700,0,0,,,,0,0,0,1,0
1028,2025,100,0,0,,,,1,1,1,1,0
1028,2025,200,0,0,,,,0,0,0,1,0
1028,2025,300,1,1,100.0,C2,Switched,1,1,1,1,1
1028,2025,400,0,0,,,,0,0,0,1,0
1028,2025,500,0,0,,,,1,1,1,1,0
1028,2025,600,0,0,,,,0,0,0,1,0
1028,2025,700,0,0,,,,0,0,0,1,0
1029,2025,100,1,1,,,No Previous Data,1,1,1,1,1
1029,2025,200,0,0,,,,0,1,1,1,0
1029,2025,300,0,0,,,,0,1,1,1,0
1029,2025,400,0,0,,,,1,1,1,1,1
1029,2025,500,0,0,,,,0,1,0,1,0
1029,2025,600,0,0,,,,0,1,0,1,0
1029,2025,700,0,0,,,,0,1,0,1,0
1030,2025,100,0,1,,,No Previous Data,1,1,1,1,1
1030,2025,200,0,0,,,,0,1,1,1,0
1030,2025,300,1,0,,,,1,1,1,1,1
1030,2025,400,0,0,,,,0,0,0,1,0
1030,2025,500,0,0,,,,0,0,0,1,0
1030,2025,600,0,0,,,,0,1,0,1,0
1030,2025,700,0,0,,,,0,0,0,1,0
1031,2025,100,0,0,,,,1,1,1,1,1
1031,2025,200,0,0,,,,0,1,1,1,0
1031,2025,300,1,1,,,No Previous Data,1,1,1,1,1
1031,2025,400,0,0,,,,0,0,1,1,0
1031,2025,500,0,0,,,,0,0,0,1,0
1031,2025,600,0,0,,,,0,1,0,1,0
1031,2025,700,0,0,,,,0,1,0,1,0
1032,2025,100,1,1,,,No Previous Data,1,1,1,1,1
1032,2025,200,0,0,,,,0,1,1,1,0
1032,2025,300,0,0,,,,0,1,0,1,0
1032,2025,400,0,0,,,,1,0,1,1,0
1032,2025,500,0,0,,,,0,0,0,0,0
1032,2025,600,0,0,,,,0,0,0,1,0
1032,2025,700,0,0,,,,0,0,0,1,0
1033,2025,100,1,1,,,No Previous Data,1,1,1,1,1
1033,2025,200,0,0,,,,0,1,1,1,0
1033,2025,300,0,0,,,,0,1,1,1,0
1033,2025,400,0,0,,,,0,0,0,1,0
1033,2025,500,0,0,,,,0,1,0,1,0
1033,2025,600,0,0,,,,0,0,0,1,0
1033,2025,700,0,0,,,,0,0,0,1,0
1034,2025,100,0,0,,,,0,1,1,1,0
1034,2025,200,0,0,,,,1,1,1,1,1
1034,2025,300,1,1,,,No Previous Data,1,1,1,1,1
1034,2025,400,0,0,,,,0,0,1,1,0
1034,2025,500,0,0,,,,0,1,0,1,0
1034,2025,600,0,0,,,,0,0,0,1,0
1034,2025,700,0,0,,,,0,1,0,1,0
1035,2025,100,1,1,200.0,Olong Tea Plus,Switched,1,1,1,1,1
1035,2025,200,0,0,,,,0,0,1,1,0
1035,2025,300,0,0,,,,0,1,1,1,0
1035,2025,400,0,0,,,,0,0,1,1,0
1035,2025,500,0,0,,,,0,1,1,1,0
1035,2025,600,0,0,,,,0,0,0,1,0
1035,2025,700,0,0,,,,0,1,0,1,0
1036,2025,100,1,1,,,No Previous Data,1,1,1,1,1
1036,2025,200,0,0,,,,1,1,1,1,0
1036,2025,300,0,0,,,,0,0,0,1,0
1036,2025,400,0,0,,,,0,0,0,1,0
1036,2025,500,0,0,,,,0,0,0,1,0
1036,2025,600,0,0,,,,0,0,0,1,0
1036,2025,700,0,0,,,,0,0,0,1,0
1037,2025,100,0,0,,,,1,1,1,1,1
1037,2025,200,0,0,,,,1,1,1,1,0
1037,2025,300,0,0,,,,0,1,0,1,0
1037,2025,400,0,0,,,,0,0,0,1,0
1037,2025,500,1,1,100.0,C2,Switched,1,1,1,1,1
1037,2025,600,0,0,,,,0,0,0,1,0
1037,2025,700,0,0,,,,0,0,0,1,0
1038,2025,100,0,0,,,,1,1,1,1,1
1038,2025,200,1,1,,,No Previous Data,1,1,1,1,1
1038,2025,300,0,0,,,,0,0,0,1,0
1038,2025,400,0,0,,,,0,0,0,1,0
1038,2025,500,0,0,,,,0,0,0,1,0
1038,2025,600,0,0,,,,0,0,0,1,0
1038,2025,700,0,0,,,,0,0,0,1,0
1039,2025,100,0,0,,,,0,0,0,1,0
1039,2025,200,0,0,,,,1,1,1,1,1
1039,2025,300,1,0,,,,1,1,1,1,1
1039,2025,400,0,0,,,,0,0,1,1,0
1039,2025,500,0,0,,,,0,0,0,0,0
1039,2025,600,0,0,,,,0,0,0,0,0
1039,2025,700,0,1,300.0,Không Độ,Switched,1,1,0,1,1
1040,2025,100,1,1,700.0,Khác,Switched,1,1,1,1,1
1040,2025,200,0,0,,,,0,0,0,1,0
1040,2025,300,0,0,,,,0,1,0,1,0
1040,2025,400,0,0,,,,0,0,0,0,0
1040,2025,500,0,0,,,,0,0,0,0,0
1040,2025,600,0,0,,,,0,0,0,0,0
1040,2025,700,0,0,,,,1,1,0,1,1
1041,2025,100,0,0,,,,0,0,0,1,0
1041,2025,200,0,0,,,,1,0,0,1,0
1041,2025,300,0,0,,,,1,1,1,1,1
1041,2025,400,1,1,,,No Previous Data,1,1,1,1,1
1041,2025,500,0,0,,,,0,0,0,1,0
1041,2025,600,0,0,,,,0,0,0,1,0
1041,2025,700,0,0,,,,0,0,0,1,0
1042,2025,100,0,0,,,,0,0,0,0,0
1042,2025,200,0,0,,,,1,1,1,1,1
1042,2025,300,1,1,200.0,Olong Tea Plus,Switched,1,1,1,1,1
1042,2025,400,0,0,,,,0,0,0,0,0
1042,2025,500,0,0,,,,0,0,0,0,0
1042,2025,600,0,0,,,,0,0,0,0,0
1042,2025,700,0,0,,,,0,0,0,0,0
1043,2025,100,0,1,300.0,Không Độ,Switched,1,1,1,1,1
1043,2025,200,0,0,,,,1,1,0,1,1
1043,2025,300,0,0,,,,1,1,1,1,1
1043,2025,400,0,0,,,,0,0,1,1,0
1043,2025,500,0,0,,,,0,1,1,1,0
1043,2025,600,0,0,,,,0,0,0,1,0
1043,2025,700,1,0,,,,1,1,1,1,0
1044,2025,100,0,0,,,,1,1,0,1,1
1044,2025,200,0,1,500.0,Boncha,Switched,1,1,1,1,1
1044,2025,300,1,0,,,,0,0,1,1,0
1044,2025,400,0,0,,,,0,0,1,1,0
1044,2025,500,0,0,,,,1,0,0,1,0
1044,2025,600,0,0,,,,0,1,0,1,0
1044,2025,700,0,0,,,,0,1,0,1,0
1045,2025,100,0,0,,,,1,0,1,1,0
1045,2025,200,0,0,,,,0,0,1,1,0
1045,2025,300,0,0,,,,1,1,1,1,1
1045,2025,400,1,1,300.0,Không Độ,Switched,1,1,1,1,1
1045,2025,500,0,0,,,,0,0,0,0,0
1045,2025,600,0,0,,,,0,0,0,1,0
1045,2025,700,0,0,,,,0,0,0,0,0
1046,2025,100,0,1,,,No Previous Data,1,1,1,1,1
1046,2025,200,1,0,,,,1,1,1,1,0
1046,2025,300,0,0,,,,0,0,1,1,0
1046,2025,400,0,0,,,,0,0,1,1,0
1046,2025,500,0,0,,,,0,0,0,0,0
1046,2025,600,0,0,,,,0,0,0,1,0
1046,2025,700,0,0,,,,0,1,0,1,0
1047,2025,100,0,0,,,,1,1,1,1,1
1047,2025,200,0,0,,,,1,1,1,1,1
1047,2025,300,1,1,200.0,Olong Tea Plus,Switched,1,1,1,1,1
1047,2025,400,0,0,,,,0,0,1,1,0
1047,2025,500,0,0,,,,0,1,0,1,0
1047,2025,600,0,0,,,,0,0,0,1,0
1047,2025,700,0,0,,,,0,1,0,1,0
1048,2025,100,0,0,,,,0,0,1,1,0
1048,2025,200,0,0,,,,0,0,0,0,0
1048,2025,300,1,1,100.0,C2,Switched,1,1,1,1,1
1048,2025,400,0,0,,,,0,0,0,0,0
1048,2025,500,0,0,,,,0,0,0,0,0
1048,2025,600,0,0,,,,0,0,0,0,0
1048,2025,700,0,0,,,,0,0,0,0,0
1049,2025,100,0,0,,,,1,0,0,1,0
1049,2025,200,0,0,,,,0,1,0,1,0
1049,2025,300,0,0,,,,1,1,0,1,1
1049,2025,400,0,0,,,,0,0,0,1,0
1049,2025,500,0,0,,,,0,0,0,1,0
1049,2025,600,0,0,,,,0,0,0,1,0
1049,2025,700,1,1,300.0,Không Độ,Switched,1,1,1,1,0
1050,2025,100,0,0,,,,0,0,1,1,0
1050,2025,200,1,1,,,No Previous Data,1,1,1,1,1
1050,2025,300,0,0,,,,0,1,0,1,0
1050,2025,400,0,0,,,,0,0,0,1,0
1050,2025,500,0,0,,,,0,0,0,1,0
1050,2025,600,0,0,,,,0,0,0,1,0
1050,2025,700,0,0,,,,0,0,0,1,0
1051,2025,100,1,0,,,,1,1,1,1,1
1051,2025,200,0,0,,,,1,1,1,1,1
1051,2025,300,0,0,,,,0,1,0,1,0
1051,2025,400,0,0,,,,1,0,0,1,0
1051,2025,500,0,1,700.0,Khác,Switched,1,1,0,1,1
1051,2025,600,0,0,,,,0,0,0,0,0
1051,2025,700,0,0,,,,1,1,0,1,1
1052,2025,100,0,0,,,,0,0,0,0,0
1052,2025,200,0,0,,,,1,1,1,1,1
1052,2025,300,0,0,,,,0,0,0,0,0
1052,2025,400,1,1,200.0,Olong Tea Plus,Switched,1,1,1,1,1
1052,2025,500,0,0,,,,0,0,0,0,0
1052,2025,600,0,0,,,,0,0,0,0,0
1052,2025,700,0,0,,,,0,0,0,0,0
1053,2025,100,0,0,,,,1,1,1,1,1
1053,2025,200,0,0,,,,0,1,0,1,0
1053,2025,300,1,0,,,,1,1,1,1,1
1053,2025,400,0,0,,,,1,0,0,1,0
1053,2025,500,0,1,100.0,C2,Switched,1,1,1,1,1
1053,2025,600,0,0,,,,1,1,0,1,0
1053,2025,700,0,0,,,,0,1,0,1,0
1054,2025,100,0,0,,,,1,1,1,1,1
1054,2025,200,0,0,,,,0,0,1,1,0
1054,2025,300,1,1,,,No Previous Data,1,1,1,1,1
1054,2025,400,0,0,,,,0,0,0,1,0
1054,2025,500,0,0,,,,0,0,0,1,0
1054,2025,600,0,0,,,,0,0,0,1,0
1054,2025,700,0,0,,,,0,0,0,1,0
1055,2025,100,0,0,,,,1,1,1,1,1
1055,2025,200,1,1,,,No Previous Data,1,1,1,1,1
1055,2025,300,0,0,,,,0,0,0,1,0
1055,2025,400,0,0,,,,0,0,0,1,0
1055,2025,500,0,0,,,,0,0,0,0,0
1055,2025,600,0,0,,,,1,0,0,1,0
1055,2025,700,0,0,,,,0,0,0,1,0
1056,2025,100,0,0,,,,1,1,0,1,1
1056,2025,200,0,0,,,,0,1,0,1,0
1056,2025,300,1,1,200.0,Olong Tea Plus,Switched,1,1,1,1,1
1056,2025,400,0,0,,,,0,0,0,0,0
1056,2025,500,0,0,,,,0,0,0,0,0
1056,2025,600,0,0,,,,0,0,0,0,0
1056,2025,700,0,0,,,,0,0,0,1,0
1057,2025,100,0,0,,,,1,1,1,1,1
1057,2025,200,1,1,,,No Previous Data,1,1,1,1,1
1057,2025,300,0,0,,,,1,0,1,1,0
1057,2025,400,0,0,,,,1,0,0,1,0
1057,2025,500,0,0,,,,0,0,0,0,0
1057,2025,600,0,0,,,,0,0,0,1,0
1057,2025,700,0,0,,,,0,0,0,1,0
1058,2025,100,1,1,200.0,Olong Tea Plus,Switched,1,1,1,1,1
1058,2025,200,0,0,,,,0,0,0,1,0
1058,2025,300,0,0,,,,0,0,1,1,0
1058,2025,400,0,0,,,,0,0,0,1,0
1058,2025,500,0,0,,,,0,1,0,1,0
1058,2025,600,0,0,,,,0,0,0,1,0
1058,2025,700,0,0,,,,0,0,0,1,0
1059,2025,100,0,0,,,,0,0,1,1,0
1059,2025,200,1,1,,,No Previous Data,1,1,1,1,1
1059,2025,300,0,0,,,,0,0,0,1,0
1059,2025,400,0,0,,,,0,0,0,1,0
1059,2025,500,0,0,,,,0,0,0,0,0
1059,2025,600,0,0,,,,0,0,0,0,0
1059,2025,700,0,0,,,,0,0,0,0,0
1060,2025,100,0,0,,,,0,1,1,1,0
1060,2025,200,0,0,,,,0,0,1,1,0
1060,2025,300,1,1,,,No Previous Data,1,1,1,1,1
1060,2025,400,0,0,,,,0,0,0,1,0
1060,2025,500,0,0,,,,0,1,0,1,0
1060,2025,600,0,0,,,,0,0,0,1,0
1060,2025,700,0,0,,,,0,0,0,1,0
1061,2025,100,0,0,,,,0,1,1,1,0
1061,2025,200,1,1,,,No Previous Data,1,1,1,1,1
1061,2025,300,0,0,,,,1,1,1,1,0
1061,2025,400,0,0,,,,1,1,0,1,1
1061,2025,500,0,0,,,,0,0,0,1,0
1061,2025,600,0,0,,,,0,0,0,1,0
1061,2025,700,0,0,,,,0,0,0,1,0
1062,2025,100,1,1,,,No Previous Data,1,1,1,1,1
1062,2025,200,0,0,,,,1,1,1,1,1
1062,2025,300,0,0,,,,0,0,0,1,0
1062,2025,400,0,0,,,,0,0,0,1,0
1062,2025,500,0,0,,,,0,0,0,0,0
1062,2025,600,0,0,,,,0,0,0,0,0
1062,2025,700,0,0,,,,0,0,0,0,0
1063,2025,100,1,1,,,No Previous Data,1,1,1,1,1
1063,2025,200,0,0,,,,1,1,1,1,1
1063,2025,300,0,0,,,,0,1,0,1,0
1063,2025,400,0,0,,,,0,0,1,1,0
1063,2025,500,0,0,,,,0,0,0,1,0
1063,2025,600,0,0,,,,0,0,0,1,0
1063,2025,700,0,0,,,,0,1,0,1,0
1064,2025,100,1,1,,,No Previous Data,1,1,1,1,1
1064,2025,200,0,0,,,,1,1,1,1,1
1064,2025,300,0,0,,,,0,0,0,1,0
1064,2025,400,0,0,,,,0,0,1,1,0
1064,2025,500,0,0,,,,0,0,0,0,0
1064,2025,600,0,0,,,,0,0,0,1,0
1064,2025,700,0,0,,,,0,0,0,0,0
1065,2025,100,0,0,,,,0,1,1,1,0
1065,2025,200,0,0,,,,1,1,1,1,1
1065,2025,300,1,1,,,No Previous Data,1,1,1,1,1
1065,2025,400,0,0,,,,0,0,0,1,0
1065,2025,500,0,0,,,,0,0,0,1,0
1065,2025,600,0,0,,,,0,0,0,1,0
1065,2025,700,0,0,,,,0,1,1,1,0
1066,2025,100,0,0,,,,0,1,1,1,0
1066,2025,200,1,1,,,No Previous Data,1,1,1,1,1
1066,2025,300,0,0,,,,1,1,1,1,1
1066,2025,400,0,0,,,,0,0,1,1,0
1066,2025,500,0,0,,,,0,0,0,1,0
1066,2025,600,0,0,,,,0,0,0,1,0
1066,2025,700,0,0,,,,1,1,0,1,0
1067,2025,100,1,1,,,No Previous Data,1,1,1,1,1
1067,2025,200,0,0,,,,1,1,1,1,1
1067,2025,300,0,0,,,,0,1,1,1,0
1067,2025,400,0,0,,,,0,0,1,1,0
1067,2025,500,0,0,,,,0,0,0,0,0
1067,2025,600,0,0,,,,0,0,0,1,0
1067,2025,700,0,0,,,,0,1,0,1,0
1068,2025,100,1,1,,,No Previous Data,1,1,1,1,1
1068,2025,200,0,0,,,,0,1,1,1,0
1068,2025,300,0,0,,,,0,1,0,1,0
1068,2025,400,0,0,,,,0,0,1,1,0
1068,2025,500,0,0,,,,0,0,0,0,0
1068,2025,600,0,0,,,,0,1,0,1,0
1068,2025,700,0,0,,,,0,0,0,1,0
1069,2025,100,0,0,,,,0,1,0,1,0
1069,2025,200,0,0,,,,1,1,1,1,1
1069,2025,300,0,0,,,,0,0,0,1,0
1069,2025,400,1,1,,,No Previous Data,1,1,1,1,1
1069,2025,500,0,0,,,,0,0,0,1,0
1069,2025,600,0,0,,,,0,0,0,0,0
1069,2025,700,0,0,,,,0,0,0,0,0
1070,2025,100,1,1,,,No Previous Data,1,1,1,1,1
1070,2025,200,0,0,,,,0,0,1,1,0
1070,2025,300,0,0,,,,1,1,1,1,1
1070,2025,400,0,0,,,,0,0,1,1,0
1070,2025,500,0,0,,,,0,0,0,1,0
1070,2025,600,0,0,,,,1,1,0,1,0
1070,2025,700,0,0,,,,0,0,0,1,0
1071,2025,100,0,1,,,No Previous Data,1,1,1,1,1
1071,2025,200,0,0,,,,1,1,1,1,1
1071,2025,300,0,0,,,,0,0,1,1,0
1071,2025,400,0,0,,,,0,0,0,1,0
1071,2025,500,0,0,,,,0,0,0,1,0
1071,2025,600,0,0,,,,0,0,0,1,0
1071,2025,700,0,0,,,,0,1,0,1,0
1072,2025,100,0,0,,,,1,1,1,1,1
1072,2025,200,1,1,600.0,Dr. Thanh,Switched,1,1,1,1,1
1072,2025,300,0,0,,,,0,1,1,1,0
1072,2025,400,0,0,,,,0,0,1,1,0
1072,2025,500,0,0,,,,0,0,0,0,0
1072,2025,600,0,0,,,,0,0,0,1,0
1072,2025,700,0,0,,,,1,1,0,1,0
1073,2025,100,0,0,,,,0,1,1,1,0
1073,2025,200,1,1,,,No Previous Data,1,1,1,1,1
1073,2025,300,0,0,,,,1,1,1,1,1
1073,2025,400,0,0,,,,0,0,1,1,0
1073,2025,500,0,0,,,,0,0,0,0,0
1073,2025,600,0,0,,,,0,0,0,1,0
1073,2025,700,0,0,,,,0,1,0,1,0
1074,2025,100,1,1,,,No Previous Data,1,1,1,1,1
1074,2025,200,0,0,,,,1,1,1,1,1
1074,2025,300,0,0,,,,1,0,0,1,0
1074,2025,400,0,0,,,,0,0,0,1,0
1074,2025,500,0,0,,,,0,0,0,1,0
1074,2025,600,0,0,,,,0,0,0,1,0
1074,2025,700,0,0,,,,0,0,0,1,0
1075,2025,100,0,0,,,,0,1,1,1,0
1075,2025,200,1,1,400.0,Cozy,Switched,1,1,1,1,1
1075,2025,300,0,0,,,,0,1,1,1,0
1075,2025,400,0,0,,,,0,0,0,1,0
1075,2025,500,0,0,,,,0,0,0,0,0
1075,2025,600,0,0,,,,0,0,0,1,0
1075,2025,700,0,0,,,,1,1,1,1,1
1076,2025,100,0,1,200.0,Olong Tea Plus,Switched,1,1,1,1,1
1076,2025,200,1,0,,,,1,0,1,1,0
1076,2025,300,0,0,,,,0,0,1,1,0
1076,2025,400,0,0,,,,0,0,1,1,0
1076,2025,500,0,0,,,,0,0,0,1,0
1076,2025,600,0,0,,,,0,0,0,1,0
1076,2025,700,0,0,,,,0,0,0,1,0
1077,2025,100,0,0,,,,1,1,1,1,1
1077,2025,200,1,1,,,No Previous Data,1,1,1,1,1
1077,2025,300,0,0,,,,0,0,0,1,0
1077,2025,400,0,0,,,,1,1,1,1,1
1077,2025,500,0,0,,,,0,0,0,0,0
1077,2025,600,0,0,,,,0,0,0,0,0
1077,2025,700,0,0,,,,0,0,0,1,0
1078,2025,100,0,0,,,,0,0,1,1,0
1078,2025,200,0,0,,,,0,0,1,1,0
1078,2025,300,1,1,,,No Previous Data,1,1,1,1,1
1078,2025,400,0,0,,,,0,0,1,1,0
1078,2025,500,0,0,,,,0,0,0,1,0
1078,2025,600,0,0,,,,0,0,0,1,0
1078,2025,700,0,0,,,,0,0,0,1,0
1079,2025,100,0,0,,,,1,0,1,1,0
1079,2025,200,0,0,,,,1,0,1,1,0
1079,2025,300,1,1,200.0,Olong Tea Plus,Switched,1,1,1,1,1
1079,2025,400,0,0,,,,0,0,1,1,0
1079,2025,500,0,0,,,,0,1,0,1,0
1079,2025,600,0,0,,,,0,0,0,1,0
1079,2025,700,0,0,,,,0,1,0,1,0
1080,2025,100,1,1,,,No Previous Data,1,1,1,1,1
1080,2025,200,0,0,,,,1,1,1,1,1
1080,2025,300,0,0,,,,0,0,0,1,0
1080,2025,400,0,0,,,,0,0,1,1,0
1080,2025,500,0,0,,,,0,0,0,1,0
1080,2025,600,0,0,,,,0,0,0,1,0
1080,2025,700,0,0,,,,0,1,0,1,0
1081,2025,100,1,1,,,No Previous Data,1,1,1,1,1
1081,2025,200,0,0,,,,1,1,1,1,0
1081,2025,300,0,0,,,,0,0,0,1,0
1081,2025,400,0,0,,,,0,0,0,1,0
1081,2025,500,0,0,,,,0,0,0,0,0
1081,2025,600,0,0,,,,0,0,0,0,0
1081,2025,700,0,0,,,,0,0,0,0,0
1082,2025,100,0,0,,,,0,1,1,1,0
1082,2025,200,0,0,,,,0,0,0,1,0
1082,2025,300,1,1,100.0,C2,Switched,1,1,1,1,1
1082,2025,400,0,0,,,,0,0,0,1,0
1082,2025,500,0,0,,,,0,0,0,1,0
1082,2025,600,0,0,,,,0,0,0,1,0
1082,2025,700,0,0,,,,0,0,0,1,0
1083,2025,100,0,0,,,,1,1,1,1,1
1083,2025,200,1,1,,,No Previous Data,1,1,1,1,1
1083,2025,300,0,0,,,,1,1,1,1,1
1083,2025,400,0,0,,,,0,0,0,1,0
1083,2025,500,0,0,,,,0,0,0,1,0
1083,2025,600,0,0,,,,0,0,0,1,0
1083,2025,700,0,0,,,,0,0,0,1,0
1084,2025,100,1,1,200.0,Olong Tea Plus,Switched,1,1,1,1,1
1084,2025,200,0,0,,,,1,1,1,1,0
1084,2025,300,0,0,,,,1,1,1,1,0
1084,2025,400,0,0,,,,0,0,0,1,0
1084,2025,500,0,0,,,,0,0,0,1,0
1084,2025,600,0,0,,,,0,0,0,0,0
1084,2025,700,0,0,,,,0,1,0,1,0
1085,2025,100,0,0,,,,0,0,1,1,0
1085,2025,200,0,0,,,,0,0,1,1,0
1085,2025,300,0,0,,,,0,1,0,1,0
1085,2025,400,1,1,200.0,Olong Tea Plus,Switched,1,1,1,1,1
1085,2025,500,0,0,,,,0,0,0,0,0
1085,2025,600,0,0,,,,0,0,0,1,0
1085,2025,700,0,0,,,,0,0,0,1,0
1086,2025,100,1,1,,,No Previous Data,1,1,1,1,1
1086,2025,200,0,0,,,,1,1,1,1,1
1086,2025,300,0,0,,,,0,0,0,1,0
1086,2025,400,0,0,,,,0,0,0,1,0
1086,2025,500,0,0,,,,0,0,0,0,0
1086,2025,600,0,0,,,,1,0,0,1,0
1086,2025,700,0,0,,,,0,0,0,1,0
1087,2025,100,1,1,,,No Previous Data,1,1,1,1,1
1087,2025,200,0,0,,,,1,0,1,1,0
1087,2025,300,0,0,,,,0,0,0,1,0
1087,2025,400,0,0,,,,1,1,1,1,1
1087,2025,500,0,0,,,,0,0,0,0,0
1087,2025,600,0,0,,,,1,0,0,1,0
1087,2025,700,0,0,,,,0,1,0,1,0
1088,2025,100,1,1,,,No Previous Data,1,1,1,1,1
1088,2025,200,0,0,,,,1,1,1,1,1
1088,2025,300,0,0,,,,0,0,0,1,0
1088,2025,400,0,0,,,,0,0,0,1,0
1088,2025,500,0,0,,,,0,0,0,0,0
1088,2025,600,0,0,,,,0,0,0,1,0
1088,2025,700,0,0,,,,0,0,0,1,0
1089,2025,100,1,1,,,No Previous Data,1,1,1,1,1
1089,2025,200,0,0,,,,1,0,1,1,0
1089,2025,300,0,0,,,,0,0,0,1,0
1089,2025,400,0,0,,,,1,1,1,1,1
1089,2025,500,0,0,,,,0,0,0,0,0
1089,2025,600,0,0,,,,0,0,0,1,0
1089,2025,700,0,0,,,,0,0,0,1,0
1090,2025,100,1,1,,,No Previous Data,1,1,1,1,1
1090,2025,200,0,0,,,,1,1,1,1,0
1090,2025,300,0,0,,,,0,0,0,1,0
1090,2025,400,0,0,,,,0,0,0,1,0
1090,2025,500,0,0,,,,0,0,0,0,0
1090,2025,600,0,0,,,,0,0,1,1,0
1090,2025,700,0,0,,,,0,0,0,1,0
1091,2025,100,0,0,,,,1,1,1,1,1
1091,2025,200,0,0,,,,0,1,0,1,0
1091,2025,300,1,1,,,No Previous Data,1,1,1,1,1
1091,2025,400,0,0,,,,0,0,0,1,0
1091,2025,500,0,0,,,,0,0,0,0,0
1091,2025,600,0,0,,,,1,0,1,1,0
1091,2025,700,0,0,,,,0,0,0,1,0
1092,2025,100,0,0,,,,1,0,1,1,0
1092,2025,200,0,0,,,,1,0,1,1,0
1092,2025,300,0,0,,,,1,1,1,1,1
1092,2025,400,0,0,,,,0,0,0,1,0
1092,2025,500,0,0,,,,0,0,0,1,0
1092,2025,600,0,0,,,,0,0,0,1,0
1092,2025,700,0,1,300.0,Không Độ,Switched,1,1,0,1,0
1093,2025,100,0,1,300.0,Không Độ,Switched,1,1,1,1,1
1093,2025,200,0,0,,,,0,1,1,1,0
1093,2025,300,1,0,,,,1,1,1,1,1
1093,2025,400,0,0,,,,0,0,0,1,0
1093,2025,500,0,0,,,,0,0,0,0,0
1093,2025,600,0,0,,,,0,0,0,1,0
1093,2025,700,0,0,,,,0,0,0,1,0
1094,2025,100,0,0,,,,0,1,1,1,0
1094,2025,200,1,1,,,No Previous Data,1,1,1,1,1
1094,2025,300,0,0,,,,1,1,1,1,1
1094,2025,400,0,0,,,,0,0,0,1,0
1094,2025,500,0,0,,,,0,0,0,0,0
1094,2025,600,0,0,,,,0,0,0,1,0
1094,2025,700,0,0,,,,0,1,0,1,0
1095,2025,100,1,1,,,No Previous Data,1,1,1,1,1
1095,2025,200,0,0,,,,1,1,1,1,1
1095,2025,300,0,0,,,,0,1,0,1,0
1095,2025,400,0,0,,,,0,0,0,1,0
1095,2025,500,0,0,,,,0,0,0,0,0
1095,2025,600,0,0,,,,0,0,0,1,0
1095,2025,700,0,0,,,,1,1,1,1,0
1096,2025,100,1,1,,,No Previous Data,1,1,1,1,1
1096,2025,200,0,0,,,,1,1,1,1,1
1096,2025,300,0,0,,,,0,0,0,1,0
1096,2025,400,0,0,,,,0,0,0,1,0
1096,2025,500,0,0,,,,1,0,1,1,0
1096,2025,600,0,0,,,,0,0,0,0,0
1096,2025,700,0,0,,,,0,0,0,0,0
1097,2025,100,0,0,,,,1,1,1,1,1
1097,2025,200,1,1,,,No Previous Data,1,1,1,1,1
1097,2025,300,0,0,,,,1,0,1,1,0
1097,2025,400,0,0,,,,0,0,0,1,0
1097,2025,500,0,0,,,,0,0,0,1,0
1097,2025,600,0,0,,,,0,0,0,1,0
1097,2025,700,0,0,,,,0,0,0,1,0
1098,2025,100,0,0,,,,1,1,1,1,1
1098,2025,200,1,1,700.0,Khác,Switched,1,1,1,1,1
1098,2025,300,0,0,,,,0,1,1,1,0
1098,2025,400,0,0,,,,0,0,0,1,0
1098,2025,500,0,0,,,,0,0,0,1,0
1098,2025,600,0,0,,,,0,0,0,1,0
1098,2025,700,0,0,,,,0,1,0,1,0
1099,2025,100,0,0,,,,1,1,1,1,1
1099,2025,200,1,1,,,No Previous Data,1,1,1,1,1
1099,2025,300,0,0,,,,0,0,0,1,0
1099,2025,400,0,0,,,,1,0,0,1,0
1099,2025,500,0,0,,,,0,0,0,0,0
1099,2025,600,0,0,,,,0,0,0,0,0
1099,2025,700,0,0,,,,0,0,0,0,0
1100,2025,100,0,0,,,,0,0,1,1,0
1100,2025,200,0,0,,,,0,0,1,1,0
1100,2025,300,0,0,,,,0,0,0,1,0
1100,2025,400,0,0,,,,0,0,0,1,0
1100,2025,500,0,0,,,,0,0,0,0,0
1100,2025,600,0,0,,,,0,0,0,0,0
1100,2025,700,1,1,,,No Previous Data,1,1,1,1,1
1101,2025,100,0,0,,,,0,1,1,1,0
1101,2025,200,1,1,,,No Previous Data,1,1,1,1,1
1101,2025,300,0,0,,,,0,1,0,1,0
1101,2025,400,0,0,,,,0,0,1,1,0
1101,2025,500,0,0,,,,0,0,0,0,0
1101,2025,600,0,0,,,,0,1,0,1,0
1101,2025,700,0,0,,,,0,0,0,1,0
1102,2025,100,0,0,,,,1,1,1,1,1
1102,2025,200,1,1,,,No Previous Data,1,1,1,1,1
1102,2025,300,0,0,,,,0,0,0,1,0
1102,2025,400,0,0,,,,1,1,1,1,1
1102,2025,500,0,0,,,,0,0,0,0,0
1102,2025,600,0,0,,,,0,0,0,1,0
1102,2025,700,0,0,,,,0,0,0,0,0
1103,2025,100,1,1,,,No Previous Data,1,1,1,1,1
1103,2025,200,0,0,,,,1,1,1,1,1
1103,2025,300,0,0,,,,0,0,0,1,0
1103,2025,400,0,0,,,,0,0,0,1,0
1103,2025,500,0,0,,,,0,0,0,1,0
1103,2025,600,0,0,,,,1,0,0,1,0
1103,2025,700,0,0,,,,0,0,0,1,0
1104,2025,100,1,1,300.0,Không Độ,Switched,1,1,1,1,1
1104,2025,200,0,0,,,,0,0,1,1,0
1104,2025,300,0,0,,,,1,1,1,1,0
1104,2025,400,0,0,,,,0,0,0,1,0
1104,2025,500,0,0,,,,0,0,0,0,0
1104,2025,600,0,0,,,,0,0,0,1,0
1104,2025,700,0,0,,,,0,0,0,0,0
1105,2025,100,0,0,,,,0,0,1,1,0
1105,2025,200,0,0,,,,0,0,1,1,0
1105,2025,300,0,0,,,,0,0,1,1,0
1105,2025,400,1,1,,,No Previous Data,1,1,1,1,1
1105,2025,500,0,0,,,,0,0,0,1,0
1105,2025,600,0,0,,,,0,0,0,1,0
1105,2025,700,0,0,,,,0,0,0,1,0
1106,2025,100,0,0,,,,1,1,1,1,1
1106,2025,200,0,0,,,,0,0,0,1,0
1106,2025,300,0,0,,,,0,0,0,1,0
1106,2025,400,1,1,,,No Previous Data,1,1,1,1,1
1106,2025,500,0,0,,,,0,0,0,0,0
1106,2025,600,0,0,,,,0,0,0,0,0
1106,2025,700,0,0,,,,1,1,1,1,0
1107,2025,100,1,1,400.0,Cozy,Switched,1,1,1,1,1
1107,2025,200,0,0,,,,0,1,1,1,0
1107,2025,300,0,0,,,,1,1,1,1,1
1107,2025,400,0,0,,,,0,0,0,1,0
1107,2025,500,0,0,,,,0,0,0,0,0
1107,2025,600,0,0,,,,0,0,0,1,0
1107,2025,700,0,0,,,,0,1,0,1,0
1108,2025,100,0,0,,,,0,0,1,1,0
1108,2025,200,1,1,,,No Previous Data,1,1,1,1,1
1108,2025,300,0,0,,,,0,0,1,1,0
1108,2025,400,0,0,,,,0,0,1,1,0
1108,2025,500,0,0,,,,0,0,0,1,0
1108,2025,600,0,0,,,,0,0,0,0,0
1108,2025,700,0,0,,,,0,0,0,0,0
1109,2025,100,1,1,400.0,Cozy,Switched,1,1,1,1,1
1109,2025,200,0,0,,,,0,0,0,1,0
1109,2025,300,0,0,,,,0,0,0,1,0
1109,2025,400,0,0,,,,1,1,1,1,1
1109,2025,500,0,0,,,,1,0,0,1,0
1109,2025,600,0,0,,,,0,0,0,1,0
1109,2025,700,0,0,,,,0,0,0,0,0
1110,2025,100,0,0,,,,0,0,1,1,0
1110,2025,200,1,1,,,No Previous Data,1,1,1,1,1
1110,2025,300,0,0,,,,0,0,1,1,0
1110,2025,400,0,0,,,,0,0,1,1,0
1110,2025,500,0,0,,,,0,0,0,0,0
1110,2025,600,0,0,,,,0,0,0,1,0
1110,2025,700,0,0,,,,0,0,0,1,0
1111,2025,100,0,0,,,,1,1,1,1,1
1111,2025,200,1,1,,,No Previous Data,1,1,1,1,1
1111,2025,300,0,0,,,,0,1,1,1,0
1111,2025,400,0,0,,,,1,0,0,1,0
1111,2025,500,0,0,,,,0,0,0,0,0
1111,2025,600,0,0,,,,0,0,0,0,0
1111,2025,700,0,0,,,,0,0,0,1,0
1112,2025,100,0,0,,,,0,1,1,1,0
1112,2025,200,1,1,100.0,C2,Switched,1,1,1,1,1
1112,2025,300,0,0,,,,0,1,1,1,0
1112,2025,400,0,0,,,,0,0,0,1,0
1112,2025,500,0,0,,,,0,0,0,1,0
1112,2025,600,0,0,,,,0,0,0,1,0
1112,2025,700,0,0,,,,0,0,0,1,0
1113,2025,100,0,0,,,,1,1,1,1,1
1113,2025,200,0,0,,,,0,0,0,1,0
1113,2025,300,1,1,,,No Previous Data,1,1,1,1,1
1113,2025,400,0,0,,,,0,0,0,0,0
1113,2025,500,0,0,,,,0,0,0,0,0
1113,2025,600,0,0,,,,0,0,0,1,0
1113,2025,700,0,0,,,,0,0,0,0,0
1114,2025,100,0,0,,,,1,1,1,1,1
1114,2025,200,0,0,,,,0,0,0,0,0
1114,2025,300,1,1,,,No Previous Data,1,1,1,1,1
1114,2025,400,0,0,,,,0,0,0,0,0
1114,2025,500,0,0,,,,0,0,0,0,0
1114,2025,600,0,0,,,,0,0,0,1,0
1114,2025,700,0,0,,,,0,0,0,1,0
1115,2025,100,1,1,,,No Previous Data,1,1,1,1,1
1115,2025,200,0,0,,,,0,0,0,1,0
1115,2025,300,0,0,,,,0,0,0,1,0
1115,2025,400,0,0,,,,1,1,1,1,1
1115,2025,500,0,0,,,,0,0,0,0,0
1115,2025,600,0,0,,,,0,0,0,1,0
1115,2025,700,0,0,,,,0,0,0,0,0
1116,2025,100,0,0,,,,0,1,1,1,0
1116,2025,200,0,0,,,,0,1,1,1,0
1116,2025,300,1,1,,,No Previous Data,1,1,1,1,1
1116,2025,400,0,0,,,,0,1,0,1,0
1116,2025,500,0,0,,,,0,0,0,0,0
1116,2025,600,0,0,,,,0,1,0,1,0
1116,2025,700,0,0,,,,0,1,0,1,0
1117,2025,100,0,0,,,,1,1,1,1,1
1117,2025,200,0,0,,,,0,0,1,1,0
1117,2025,300,1,1,,,No Previous Data,1,1,1,1,1
1117,2025,400,0,0,,,,0,0,0,1,0
1117,2025,500,0,0,,,,0,0,0,0,0
1117,2025,600,0,0,,,,0,0,0,1,0
1117,2025,700,0,0,,,,0,0,0,0,0
1118,2025,100,0,0,,,,1,1,1,1,1
1118,2025,200,0,0,,,,0,0,0,1,0
1118,2025,300,1,1,,,No Previous Data,1,1,1,1,1
1118,2025,400,0,0,,,,0,0,0,1,0
1118,2025,500,0,0,,,,0,0,0,0,0
1118,2025,600,0,0,,,,0,0,0,1,0
1118,2025,700,0,0,,,,0,0,0,0,0
1119,2025,100,0,0,,,,0,0,1,1,0
1119,2025,200,0,0,,,,0,0,1,1,0
1119,2025,300,1,1,,,No Previous Data,1,1,1,1,1
1119,2025,400,0,0,,,,0,0,1,1,0
1119,2025,500,0,0,,,,0,0,0,1,0
1119,2025,600,0,0,,,,0,0,0,1,0
1119,2025,700,0,0,,,,0,0,1,1,0
1120,2025,100,0,0,,,,0,0,1,1,0
1120,2025,200,1,1,,,No Previous Data,1,1,1,1,1
1120,2025,300,0,0,,,,0,0,1,1,0
1120,2025,400,0,0,,,,0,0,1,1,0
1120,2025,500,0,0,,,,0,0,1,1,0
1120,2025,600,0,0,,,,0,0,0,1,0
1120,2025,700,0,0,,,,0,0,0,0,0
1121,2025,100,1,1,,,No Previous Data,1,1,1,1,1
1121,2025,200,0,0,,,,0,0,1,1,0
1121,2025,300,0,0,,,,0,0,1,1,0
1121,2025,400,0,0,,,,0,0,1,1,0
1121,2025,500,0,0,,,,0,0,0,0,0
1121,2025,600,0,0,,,,0,0,0,1,0
1121,2025,700,0,0,,,,0,0,1,1,0
1122,2025,100,1,1,,,No Previous Data,1,1,1,1,1
1122,2025,200,0,0,,,,0,1,1,1,0
1122,2025,300,0,0,,,,0,0,1,1,0
1122,2025,400,0,0,,,,0,0,0,1,0
1122,2025,500,0,0,,,,0,0,0,0,0
1122,2025,600,0,0,,,,0,0,0,1,0
1122,2025,700,0,0,,,,0,0,0,1,0
1123,2025,100,0,1,,,No Previous Data,1,1,1,1,1
1123,2025,200,1,0,,,,1,0,1,1,0
1123,2025,300,0,0,,,,0,0,1,1,0
1123,2025,400,0,0,,,,0,0,1,1,0
1123,2025,500,0,0,,,,0,0,0,1,0
1123,2025,600,0,0,,,,0,0,0,1,0
1123,2025,700,0,0,,,,0,0,0,1,0
1124,2025,100,0,0,,,,0,0,0,0,0
1124,2025,200,0,0,,,,0,1,0,1,0
1124,2025,300,1,1,400.0,Cozy,Switched,1,1,1,1,1
1124,2025,400,0,0,,,,1,1,0,1,1
1124,2025,500,0,0,,,,0,0,0,0,0
1124,2025,600,0,0,,,,0,0,0,0,0
1124,2025,700,0,0,,,,0,0,0,0,0
1125,2025,100,0,1,200.0,Olong Tea Plus,Switched,1,1,1,1,1
1125,2025,200,0,0,,,,1,1,0,1,1
1125,2025,300,1,0,,,,1,0,1,1,0
1125,2025,400,0,0,,,,0,0,1,1,0
1125,2025,500,0,0,,,,0,1,0,1,0
1125,2025,600,0,0,,,,0,1,0,1,0
1125,2025,700,0,0,,,,0,1,0,1,0
1126,2025,100,1,1,,,No Previous Data,1,1,1,1,1
1126,2025,200,0,0,,,,1,1,1,1,1
1126,2025,300,0,0,,,,0,0,0,1,0
1126,2025,400,0,0,,,,0,0,0,1,0
1126,2025,500,0,0,,,,0,0,0,1,0
1126,2025,600,0,0,,,,0,0,0,1,0
1126,2025,700,0,0,,,,0,0,0,1,0
1127,2025,100,1,1,,,No Previous Data,1,1,1,1,1
1127,2025,200,0,0,,,,1,0,1,1,0
1127,2025,300,0,0,,,,1,1,1,1,1
1127,2025,400,0,0,,,,0,0,1,1,0
1127,2025,500,0,0,,,,0,0,0,1,0
1127,2025,600,0,0,,,,0,0,0,1,0
1127,2025,700,0,0,,,,0,0,0,1,0
1128,2025,100,0,0,,,,1,0,1,1,0
1128,2025,200,0,0,,,,0,1,0,1,0
1128,2025,300,0,0,,,,1,1,1,1,0
1128,2025,400,1,1,100.0,C2,Switched,1,1,1,1,1
1128,2025,500,0,0,,,,0,0,0,1,0
1128,2025,600,0,0,,,,0,0,0,1,0
1128,2025,700,0,0,,,,0,1,0,1,0
1129,2025,100,1,1,600.0,Dr. Thanh,Switched,1,1,1,1,1
1129,2025,200,0,0,,,,1,1,1,1,0
1129,2025,300,0,0,,,,0,1,0,1,0
1129,2025,400,0,0,,,,0,0,1,1,0
1129,2025,500,0,0,,,,0,0,0,1,0
1129,2025,600,0,0,,,,0,0,0,1,0
1129,2025,700,0,0,,,,1,1,1,1,1
1130,2025,100,1,1,200.0,Olong Tea Plus,Switched,1,1,1,1,1
1130,2025,200,0,0,,,,1,1,1,1,1
1130,2025,300,0,0,,,,0,0,1,1,0
1130,2025,400,0,0,,,,0,0,1,1,0
1130,2025,500,0,0,,,,0,0,0,0,0
1130,2025,600,0,0,,,,0,0,0,1,0
1130,2025,700,0,0,,,,0,1,0,1,0
1131,2025,100,0,1,,,No Previous Data,1,1,1,1,1
1131,2025,200,1,0,,,,1,1,1,1,0
1131,2025,300,0,0,,,,0,0,0,1,0
1131,2025,400,0,0,,,,1,0,0,1,0
1131,2025,500,0,0,,,,0,0,0,1,0
1131,2025,600,0,0,,,,0,0,0,1,0
1131,2025,700,0,0,,,,1,0,0,1,0
1132,2025,100,1,1,,,No Previous Data,1,1,1,1,1
1132,2025,200,0,0,,,,0,0,0,1,0
1132,2025,300,0,0,,,,0,0,0,1,0
1132,2025,400,0,0,,,,0,0,0,1,0
1132,2025,500,0,0,,,,0,0,0,0,0
1132,2025,600,0,0,,,,0,0,0,1,0
1132,2025,700,0,0,,,,0,0,1,1,0
1133,2025,100,0,0,,,,1,1,1,1,1
1133,2025,200,0,0,,,,1,1,1,1,1
1133,2025,300,1,1,,,No Previous Data,1,1,1,1,1
1133,2025,400,0,0,,,,0,0,0,1,0
1133,2025,500,0,0,,,,0,0,0,1,0
1133,2025,600,0,0,,,,0,0,0,1,0
1133,2025,700,0,0,,,,0,0,0,1,0
1134,2025,100,0,0,,,,1,0,1,1,0
1134,2025,200,0,0,,,,1,0,1,1,0
1134,2025,300,0,0,,,,1,1,0,1,1
1134,2025,400,0,0,,,,0,0,0,1,0
1134,2025,500,0,0,,,,0,0,0,1,0
1134,2025,600,0,0,,,,0,0,0,1,0
1134,2025,700,1,1,,,No Previous Data,1,1,1,1,0
1135,2025,100,0,0,,,,1,1,1,1,1
1135,2025,200,0,0,,,,0,0,1,1,0
1135,2025,300,0,0,,,,0,0,1,1,0
1135,2025,400,0,0,,,,0,0,1,1,0
1135,2025,500,0,0,,,,0,1,0,1,0
1135,2025,600,0,0,,,,0,0,0,1,0
1135,2025,700,1,1,,,No Previous Data,1,1,1,1,1
1136,2025,100,0,0,,,,0,0,0,1,0
1136,2025,200,0,0,,,,0,0,0,1,0
1136,2025,300,0,0,,,,0,0,0,1,0
1136,2025,400,0,0,,,,0,0,0,1,0
1136,2025,500,0,0,,,,0,0,0,0,0
1136,2025,600,0,0,,,,0,0,0,1,0
1136,2025,700,1,1,,,No Previous Data,1,1,1,1,1
1137,2025,100,0,0,,,,0,0,0,1,0
1137,2025,200,1,0,,,,1,0,1,1,0
1137,2025,300,0,1,,,No Previous Data,1,1,1,1,1
1137,2025,400,0,0,,,,0,0,1,1,0
1137,2025,500,0,0,,,,0,0,0,0,0
1137,2025,600,0,0,,,,0,0,0,1,0
1137,2025,700,0,0,,,,0,1,0,1,0
1138,2025,100,0,0,,,,1,1,1,1,1
1138,2025,200,1,1,,,No Previous Data,1,1,1,1,1
1138,2025,300,0,0,,,,1,1,1,1,1
1138,2025,400,0,0,,,,0,0,0,1,0
1138,2025,500,0,0,,,,0,0,0,1,0
1138,2025,600,0,0,,,,0,1,0,1,0
1138,2025,700,0,0,,,,0,0,0,1,0
1139,2025,100,0,0,,,,0,1,0,1,0
1139,2025,200,0,0,,,,1,1,1,1,1
1139,2025,300,1,1,,,No Previous Data,1,1,1,1,1
1139,2025,400,0,0,,,,0,0,0,1,0
1139,2025,500,0,0,,,,0,0,0,0,0
1139,2025,600,0,0,,,,0,0,0,1,0
1139,2025,700,0,0,,,,0,0,0,1,0
1140,2025,100,1,1,,,No Previous Data,1,1,1,1,1
1140,2025,200,0,0,,,,1,1,1,1,1
1140,2025,300,0,0,,,,0,1,0,1,0
1140,2025,400,0,0,,,,0,0,0,1,0
1140,2025,500,0,0,,,,0,0,0,1,0
1140,2025,600,0,0,,,,0,0,0,1,0
1140,2025,700,0,0,,,,0,0,0,1,0
1141,2025,100,0,0,,,,0,0,0,1,0
1141,2025,200,0,0,,,,0,0,1,1,0
1141,2025,300,1,1,,,No Previous Data,1,1,1,1,1
1141,2025,400,0,0,,,,0,0,0,1,0
1141,2025,500,0,0,,,,0,0,0,1,0
1141,2025,600,0,0,,,,0,1,0,1,0
1141,2025,700,0,0,,,,0,0,0,1,0
1142,2025,100,0,0,,,,0,1,0,1,0
1142,2025,200,0,0,,,,0,0,0,1,0
1142,2025,300,1,1,,,No Previous Data,1,1,1,1,1
1142,2025,400,0,0,,,,0,0,0,1,0
1142,2025,500,0,0,,,,0,0,0,0,0
1142,2025,600,0,0,,,,0,0,0,1,0
1142,2025,700,0,0,,,,0,0,0,1,0
1143,2025,100,0,0,,,,1,0,0,1,0
1143,2025,200,0,0,,,,0,0,0,1,0
1143,2025,300,0,0,,,,0,0,0,1,0
1143,2025,400,0,0,,,,1,1,1,1,1
1143,2025,500,0,0,,,,0,0,0,1,0
1143,2025,600,0,0,,,,0,0,0,0,0
1143,2025,700,1,1,,,No Previous Data,1,1,1,1,0
1144,2025,100,0,0,,,,1,0,0,1,0
1144,2025,200,0,0,,,,0,0,0,1,0
1144,2025,300,1,1,,,No Previous Data,1,1,1,1,1
1144,2025,400,0,0,,,,0,0,0,1,0
1144,2025,500,0,0,,,,0,0,0,1,0
1144,2025,600,0,0,,,,1,1,1,1,1
1144,2025,700,0,0,,,,0,0,0,1,0
1145,2025,100,0,0,,,,0,1,1,1,0
1145,2025,200,0,0,,,,0,0,0,1,0
1145,2025,300,1,1,,,No Previous Data,1,1,1,1,1
1145,2025,400,0,0,,,,0,0,1,1,0
1145,2025,500,0,0,,,,0,0,0,1,0
1145,2025,600,0,0,,,,1,1,0,1,0
1145,2025,700,0,0,,,,0,0,0,1,0
1146,2025,100,0,0,,,,1,1,0,1,1
1146,2025,200,0,0,,,,0,1,1,1,0
1146,2025,300,0,0,,,,1,1,0,1,0
1146,2025,400,0,0,,,,0,0,1,1,0
1146,2025,500,0,0,,,,0,0,0,1,0
1146,2025,600,1,1,,,No Previous Data,1,1,1,1,1
1146,2025,700,0,0,,,,0,0,0,1,0
1147,2025,100,0,0,,,,1,1,0,1,1
1147,2025,200,0,0,,,,1,0,1,1,0
1147,2025,300,1,1,,,No Previous Data,1,1,1,1,1
1147,2025,400,0,0,,,,1,1,1,1,1
1147,2025,500,0,0,,,,0,0,0,1,0
1147,2025,600,0,0,,,,0,0,0,1,0
1147,2025,700,0,0,,,,0,0,0,1,0
1148,2025,100,0,0,,,,1,1,0,1,1
1148,2025,200,0,0,,,,0,0,1,1,0
1148,2025,300,1,1,100.0,C2,Switched,1,1,1,1,1
1148,2025,400,0,0,,,,0,0,1,1,0
1148,2025,500,0,0,,,,0,0,0,1,0
1148,2025,600,0,0,,,,0,1,0,1,0
1148,2025,700,0,0,,,,0,1,0,1,0
1149,2025,100,0,0,,,,0,1,0,1,0
1149,2025,200,0,0,,,,0,1,1,1,0
1149,2025,300,1,1,,,No Previous Data,1,1,1,1,1
1149,2025,400,0,0,,,,0,0,1,1,0
1149,2025,500,0,0,,,,0,0,0,1,0
1149,2025,600,0,0,,,,1,1,1,1,1
1149,2025,700,0,0,,,,0,0,0,1,0
1150,2025,100,0,0,,,,1,1,0,1,1
1150,2025,200,0,0,,,,1,0,0,1,0
1150,2025,300,0,0,,,,1,1,1,1,1
1150,2025,400,0,0,,,,0,0,0,1,0
1150,2025,500,0,0,,,,0,0,0,0,0
1150,2025,600,0,1,,,No Previous Data,1,1,0,1,1
1150,2025,700,0,0,,,,0,0,0,1,0
1151,2025,100,0,0,,,,1,1,1,1,1
1151,2025,200,0,0,,,,0,0,0,1,0
1151,2025,300,1,1,,,No Previous Data,1,1,1,1,1
1151,2025,400,0,0,,,,0,0,1,1,0
1151,2025,500,0,0,,,,0,0,0,1,0
1151,2025,600,0,0,,,,1,1,1,1,1
1151,2025,700,0,0,,,,0,1,0,1,0
1152,2025,100,0,0,,,,1,1,0,1,1
1152,2025,200,0,0,,,,0,0,0,1,0
1152,2025,300,1,1,,,No Previous Data,1,1,1,1,1
1152,2025,400,0,0,,,,0,0,1,1,0
1152,2025,500,0,0,,,,0,1,0,1,0
1152,2025,600,0,0,,,,1,1,1,1,1
1152,2025,700,0,0,,,,0,1,0,1,0
1153,2025,100,0,0,,,,1,1,0,1,1
1153,2025,200,0,0,,,,0,1,1,1,0
1153,2025,300,1,1,,,No Previous Data,1,1,1,1,1
1153,2025,400,0,0,,,,0,0,1,1,0
1153,2025,500,0,0,,,,0,0,0,1,0
1153,2025,600,0,0,,,,1,1,1,1,1
1153,2025,700,0,0,,,,0,1,1,1,0
1154,2025,100,0,0,,,,1,1,0,1,1
1154,2025,200,0,0,,,,0,1,1,1,0
1154,2025,300,1,1,,,No Previous Data,1,1,1,1,1
1154,2025,400,0,0,,,,0,0,1,1,0
1154,2025,500,0,0,,,,0,0,0,0,0
1154,2025,600,0,0,,,,1,1,1,1,1
1154,2025,700,0,0,,,,0,1,0,1,0
1155,2025,100,0,1,200.0,Olong Tea Plus,Switched,1,1,1,1,1
1155,2025,200,0,0,,,,1,1,1,1,1
1155,2025,300,0,0,,,,0,0,0,1,0
1155,2025,400,1,0,,,,0,0,1,1,0
1155,2025,500,0,0,,,,0,0,0,0,0
1155,2025,600,0,0,,,,0,0,0,1,0
1155,2025,700,0,0,,,,0,1,0,1,0
1156,2025,100,1,1,,,No Previous Data,1,1,1,1,1
1156,2025,200,0,0,,,,1,1,0,1,1
1156,2025,300,0,0,,,,0,0,0,0,0
1156,2025,400,0,0,,,,1,1,0,1,1
1156,2025,500,0,0,,,,0,0,0,0,0
1156,2025,600,0,0,,,,0,0,0,0,0
1156,2025,700,0,0,,,,0,0,0,0,0
1157,2025,100,0,1,200.0,Olong Tea Plus,Switched,1,1,1,1,1
1157,2025,200,0,0,,,,0,1,0,1,0
1157,2025,300,1,0,,,,1,1,1,1,0
1157,2025,400,0,0,,,,1,1,0,1,1
1157,2025,500,0,0,,,,0,0,1,1,0
1157,2025,600,0,0,,,,1,1,0,1,1
1157,2025,700,0,0,,,,1,1,1,1,1
1158,2025,100,0,0,,,,0,1,0,1,0
1158,2025,200,0,0,,,,0,1,1,1,0
1158,2025,300,1,1,,,No Previous Data,1,1,1,1,1
1158,2025,400,0,0,,,,0,0,1,1,0
1158,2025,500,0,0,,,,0,0,0,1,0
1158,2025,600,0,0,,,,1,1,0,1,1
1158,2025,700,0,0,,,,0,0,0,1,0
1159,2025,100,0,0,,,,1,1,0,1,1
1159,2025,200,1,0,,,,1,1,1,1,1
1159,2025,300,0,0,,,,1,1,1,1,1
1159,2025,400,0,0,,,,0,1,1,1,0
1159,2025,500,0,1,400.0,Cozy,Switched,1,1,0,1,1
1159,2025,600,0,0,,,,0,0,0,1,0
1159,2025,700,0,0,,,,0,1,0,1,0
1160,2025,100,1,0,,,,1,1,1,1,1
1160,2025,200,0,0,,,,1,1,0,1,1
1160,2025,300,0,0,,,,1,1,0,1,0
1160,2025,400,0,0,,,,0,0,0,0,0
1160,2025,500,0,0,,,,1,1,0,1,1
1160,2025,600,0,0,,,,0,0,0,0,0
1160,2025,700,0,1,,,No Previous Data,1,1,0,1,1
1161,2025,100,0,0,,,,1,1,0,1,1
1161,2025,200,1,0,,,,1,1,1,1,1
1161,2025,300,0,0,,,,1,1,0,1,0
1161,2025,400,0,0,,,,0,1,0,1,0
1161,2025,500,0,0,,,,1,1,0,1,1
1161,2025,600,0,0,,,,0,0,0,0,0
1161,2025,700,0,1,200.0,Olong Tea Plus,Switched,1,1,0,1,1
1162,2025,100,1,0,,,,0,1,1,1,0
1162,2025,200,0,1,100.0,C2,Switched,1,1,0,1,1
1162,2025,300,0,0,,,,0,0,0,0,0
1162,2025,400,0,0,,,,0,0,0,0,0
1162,2025,500,0,0,,,,0,0,0,0,0
1162,2025,600,0,0,,,,0,0,0,0,0
1162,2025,700,0,0,,,,0,0,0,0,0
1163,2025,100,1,0,,,,1,1,1,1,1
1163,2025,200,0,1,100.0,C2,Switched,1,1,1,1,1
1163,2025,300,0,0,,,,0,0,0,0,0
1163,2025,400,0,0,,,,1,1,0,1,1
1163,2025,500,0,0,,,,0,0,0,0,0
1163,2025,600,0,0,,,,0,0,0,0,0
1163,2025,700,0,0,,,,0,0,0,0,0
1164,2025,100,0,0,,,,1,1,0,1,1
1164,2025,200,1,1,100.0,C2,Switched,1,1,1,1,1
1164,2025,300,0,0,,,,1,1,1,1,1
1164,2025,400,0,0,,,,1,1,0,1,1
1164,2025,500,0,0,,,,1,1,0,1,1
1164,2025,600,0,0,,,,0,0,0,0,0
1164,2025,700,0,0,,,,1,1,0,1,0
1165,2025,100,1,1,,,No Previous Data,1,1,1,1,1
1165,2025,200,0,0,,,,1,1,0,1,1
1165,2025,300,0,0,,,,0,0,0,0,0
1165,2025,400,0,0,,,,1,1,0,1,1
1165,2025,500,0,0,,,,0,0,0,0,0
1165,2025,600,0,0,,,,0,0,0,0,0
1165,2025,700,0,0,,,,0,0,0,0,0
1166,2025,100,1,0,,,,1,1,1,1,1
1166,2025,200,0,1,100.0,C2,Switched,1,1,1,1,1
1166,2025,300,0,0,,,,0,0,0,0,0
1166,2025,400,0,0,,,,0,0,0,0,0
1166,2025,500,0,0,,,,0,0,0,0,0
1166,2025,600,0,0,,,,0,0,0,0,0
1166,2025,700,0,0,,,,1,1,0,1,1
1167,2025,100,1,1,,,No Previous Data,1,1,1,1,1
1167,2025,200,0,0,,,,1,1,0,1,1
1167,2025,300,0,0,,,,0,0,0,0,0
1167,2025,400,0,0,,,,1,1,0,1,1
1167,2025,500,0,0,,,,0,0,0,0,0
1167,2025,600,0,0,,,,0,0,0,0,0
1167,2025,700,0,0,,,,0,0,0,0,0
1168,2025,100,0,0,,,,1,1,0,1,1
1168,2025,200,1,1,,,No Previous Data,1,1,1,1,1
1168,2025,300,0,0,,,,1,1,0,1,1
1168,2025,400,0,0,,,,0,0,0,0,0
1168,2025,500,0,0,,,,1,1,0,1,1
1168,2025,600,0,0,,,,0,0,0,0,0
1168,2025,700,0,0,,,,1,1,0,1,1
1169,2025,100,0,0,,,,0,0,0,0,0
1169,2025,200,0,0,,,,1,1,0,1,1
1169,2025,300,0,0,,,,1,1,0,1,1
1169,2025,400,1,1,,,No Previous Data,1,1,1,1,1
1169,2025,500,0,0,,,,1,1,0,1,1
1169,2025,600,0,0,,,,0,0,0,0,0
1169,2025,700,0,0,,,,1,1,0,1,1
1170,2025,100,0,0,,,,1,1,1,1,1
1170,2025,200,1,1,100.0,C2,Switched,1,1,1,1,1
1170,2025,300,0,0,,,,0,0,0,0,0
1170,2025,400,0,0,,,,1,1,0,1,0
1170,2025,500,0,0,,,,0,0,0,0,0
1170,2025,600,0,0,,,,0,0,0,0,0
1170,2025,700,0,0,,,,1,1,0,1,0
1171,2025,100,0,0,,,,1,1,0,1,1
1171,2025,200,1,1,,,No Previous Data,1,1,1,1,1
1171,2025,300,0,0,,,,1,1,0,1,0
1171,2025,400,0,0,,,,1,1,0,1,1
1171,2025,500,0,0,,,,1,1,0,1,1
1171,2025,600,0,0,,,,0,0,0,0,0
1171,2025,700,0,0,,,,1,1,0,1,1
1172,2025,100,1,1,,,No Previous Data,1,1,1,1,1
1172,2025,200,0,0,,,,1,1,1,1,1
1172,2025,300,0,0,,,,0,0,0,0,0
1172,2025,400,0,0,,,,1,1,0,1,1
1172,2025,500,0,0,,,,0,0,0,0,0
1172,2025,600,0,0,,,,0,0,0,0,0
1172,2025,700,0,0,,,,0,0,0,0,0
1173,2025,100,1,0,,,,0,1,1,1,0
1173,2025,200,0,1,,,No Previous Data,1,1,1,1,1
1173,2025,300,0,0,,,,1,1,0,1,0
1173,2025,400,0,0,,,,1,1,0,1,0
1173,2025,500,0,0,,,,0,1,0,1,0
1173,2025,600,0,0,,,,0,0,0,1,0
1173,2025,700,0,0,,,,1,1,0,1,1
1174,2025,100,0,0,,,,0,1,0,1,0
1174,2025,200,0,0,,,,1,1,0,1,1
1174,2025,300,1,1,,,No Previous Data,1,1,1,1,1
1174,2025,400,0,0,,,,1,1,0,1,1
1174,2025,500,0,0,,,,1,1,0,1,1
1174,2025,600,0,0,,,,0,0,0,0,0
1174,2025,700,0,0,,,,0,1,0,1,0
1175,2025,100,0,0,,,,1,1,0,1,1
1175,2025,200,0,1,400.0,Cozy,Switched,1,1,1,1,1
1175,2025,300,0,0,,,,0,1,0,1,0
1175,2025,400,1,0,,,,1,1,1,1,1
1175,2025,500,0,0,,,,0,0,0,0,0
1175,2025,600,0,0,,,,0,0,0,0,0
1175,2025,700,0,0,,,,0,0,0,0,0
1176,2025,100,1,0,,,,1,1,1,1,1
1176,2025,200,0,1,,,No Previous Data,1,1,0,1,1
1176,2025,300,0,0,,,,0,0,0,0,0
1176,2025,400,0,0,,,,1,1,0,1,1
1176,2025,500,0,0,,,,0,0,0,0,0
1176,2025,600,0,0,,,,0,0,0,0,0
1176,2025,700,0,0,,,,0,0,0,0,0
1177,2025,100,1,0,,,,1,1,1,1,1
1177,2025,200,0,1,100.0,C2,Switched,1,1,0,1,1
1177,2025,300,0,0,,,,1,1,0,1,1
1177,2025,400,0,0,,,,1,1,0,1,1
1177,2025,500,0,0,,,,1,1,0,1,1
1177,2025,600,0,0,,,,0,0,0,0,0
1177,2025,700,0,0,,,,1,1,0,1,1
1178,2025,100,0,0,,,,1,1,0,1,1
1178,2025,200,0,0,,,,1,1,0,1,1
1178,2025,300,0,0,,,,1,1,0,1,1
1178,2025,400,1,1,200.0,Olong Tea Plus,Switched,1,1,1,1,1
1178,2025,500,0,0,,,,1,1,0,1,1
1178,2025,600,0,0,,,,0,0,0,0,0
1178,2025,700,0,0,,,,0,0,0,0,0
1179,2025,100,0,0,,,,1,1,1,1,1
1179,2025,200,1,1,,,No Previous Data,1,1,1,1,1
1179,2025,300,0,0,,,,0,1,1,1,0
1179,2025,400,0,0,,,,0,0,1,1,0
1179,2025,500,0,0,,,,0,0,0,1,0
1179,2025,600,0,0,,,,0,0,0,1,0
1179,2025,700,0,0,,,,0,1,1,1,0
1180,2025,100,0,0,,,,0,0,0,1,0
1180,2025,200,1,1,100.0,C2,Switched,1,1,1,1,1
1180,2025,300,0,0,,,,0,0,0,1,0
1180,2025,400,0,0,,,,0,0,0,1,0
1180,2025,500,0,0,,,,1,1,1,1,1
1180,2025,600,0,0,,,,0,0,0,0,0
1180,2025,700,0,0,,,,1,0,1,1,0
1181,2025,100,0,0,,,,1,0,0,1,0
1181,2025,200,1,0,,,,1,0,1,1,0
1181,2025,300,0,0,,,,0,0,0,1,0
1181,2025,400,0,1,,,No Previous Data,1,1,1,1,1
1181,2025,500,0,0,,,,0,0,0,0,0
1181,2025,600,0,0,,,,0,0,0,1,0
1181,2025,700,0,0,,,,0,0,0,1,0
1182,2025,100,0,0,,,,0,1,0,1,0
1182,2025,200,0,0,,,,1,1,1,1,1
1182,2025,300,0,0,,,,0,0,0,1,0
1182,2025,400,0,0,,,,1,0,0,1,0
1182,2025,500,0,0,,,,0,0,0,0,0
1182,2025,600,1,1,,,No Previous Data,1,1,1,1,1
1182,2025,700,0,0,,,,0,0,1,1,0
1183,2025,100,0,0,,,,1,1,1,1,0
1183,2025,200,0,1,,,No Previous Data,1,1,1,1,1
1183,2025,300,0,0,,,,0,0,0,1,0
1183,2025,400,0,0,,,,0,0,1,1,0
1183,2025,500,0,0,,,,1,0,0,1,0
1183,2025,600,0,0,,,,0,0,0,1,0
1183,2025,700,1,0,,,,0,0,1,1,0
1184,2025,100,0,0,,,,1,0,0,1,0
1184,2025,200,0,0,,,,1,0,1,1,0
1184,2025,300,0,0,,,,0,0,0,1,0
1184,2025,400,1,1,200.0,Olong Tea Plus,Switched,1,1,1,1,1
1184,2025,500,0,0,,,,0,0,0,0,0
1184,2025,600,0,0,,,,1,0,0,1,0
1184,2025,700,0,0,,,,0,0,0,1,0
1185,2025,100,0,0,,,,0,0,1,1,0
1185,2025,200,1,0,,,,1,1,1,1,1
1185,2025,300,0,0,,,,0,0,0,1,0
1185,2025,400,0,1,200.0,Olong Tea Plus,Switched,1,1,1,1,1
1185,2025,500,0,0,,,,0,0,0,1,0
1185,2025,600,0,0,,,,0,0,0,1,0
1185,2025,700,0,0,,,,0,0,1,1,0
1186,2025,100,1,1,,,No Previous Data,1,1,1,1,1
1186,2025,200,0,0,,,,1,1,1,1,1
1186,2025,300,0,0,,,,0,0,0,1,0
1186,2025,400,0,0,,,,1,0,1,1,0
1186,2025,500,0,0,,,,0,0,0,1,0
1186,2025,600,0,0,,,,0,0,0,1,0
1186,2025,700,0,0,,,,0,0,0,1,0
1187,2025,100,1,1,200.0,Olong Tea Plus,Switched,1,1,1,1,1
1187,2025,200,0,0,,,,1,1,1,1,1
1187,2025,300,0,0,,,,0,0,0,1,0
1187,2025,400,0,0,,,,0,0,0,1,0
1187,2025,500,0,0,,,,0,1,0,1,0
1187,2025,600,0,0,,,,0,0,0,1,0
1187,2025,700,0,0,,,,0,1,0,1,0
1188,2025,100,0,0,,,,1,1,1,1,1
1188,2025,200,1,1,,,No Previous Data,1,1,1,1,1
1188,2025,300,0,0,,,,0,1,0,1,0
1188,2025,400,0,0,,,,0,0,0,1,0
1188,2025,500,0,0,,,,1,1,1,1,1
1188,2025,600,0,0,,,,0,0,0,1,0
1188,2025,700,0,0,,,,0,1,0,1,0
1189,2025,100,1,1,,,No Previous Data,1,1,1,1,1
1189,2025,200,0,0,,,,0,1,1,1,0
1189,2025,300,0,0,,,,0,0,1,1,0
1189,2025,400,0,0,,,,0,0,0,1,0
1189,2025,500,0,0,,,,0,0,0,1,0
1189,2025,600,0,0,,,,0,0,0,1,0
1189,2025,700,0,0,,,,0,1,0,1,0
1190,2025,100,1,1,,,No Previous Data,1,1,1,1,1
1190,2025,200,0,0,,,,0,1,1,1,0
1190,2025,300,0,0,,,,0,1,1,1,0
1190,2025,400,0,0,,,,1,1,1,1,1
1190,2025,500,0,0,,,,0,0,0,0,0
1190,2025,600,0,0,,,,0,1,0,1,0
1190,2025,700,0,0,,,,0,1,0,1,0
1191,2025,100,1,1,,,No Previous Data,1,1,1,1,1
1191,2025,200,0,0,,,,0,1,1,1,0
1191,2025,300,0,0,,,,0,1,1,1,0
1191,2025,400,0,0,,,,1,1,1,1,0
1191,2025,500,0,0,,,,0,1,1,1,0
1191,2025,600,0,0,,,,0,1,0,1,0
1191,2025,700,0,0,,,,0,0,0,1,0
1192,2025,100,0,0,,,,0,0,1,1,0
1192,2025,200,0,0,,,,0,0,0,1,0
1192,2025,300,1,1,,,No Previous Data,1,1,1,1,1
1192,2025,400,0,0,,,,0,0,0,1,0
1192,2025,500,0,0,,,,0,0,0,1,0
1192,2025,600,0,0,,,,0,0,0,1,0
1192,2025,700,0,0,,,,1,1,0,1,1
1193,2025,100,0,1,200.0,Olong Tea Plus,Switched,1,1,1,1,1
1193,2025,200,1,0,,,,1,1,1,1,1
1193,2025,300,0,0,,,,0,0,0,1,0
1193,2025,400,0,0,,,,0,0,1,1,0
1193,2025,500,0,0,,,,0,0,0,1,0
1193,2025,600,0,0,,,,0,0,0,0,0
1193,2025,700,0,0,,,,0,0,0,1,0
1194,2025,100,1,1,,,No Previous Data,1,1,1,1,1
1194,2025,200,0,0,,,,0,1,1,1,0
1194,2025,300,0,0,,,,1,1,1,1,1
1194,2025,400,0,0,,,,1,1,1,1,1
1194,2025,500,0,0,,,,0,0,0,0,0
1194,2025,600,0,0,,,,0,0,0,0,0
1194,2025,700,0,0,,,,0,1,1,1,0
1195,2025,100,0,0,,,,0,1,1,1,0
1195,2025,200,0,0,,,,0,1,0,1,0
1195,2025,300,1,1,,,No Previous Data,1,1,1,1,1
1195,2025,400,0,0,,,,0,0,1,1,0
1195,2025,500,0,0,,,,0,1,0,1,0
1195,2025,600,0,0,,,,0,1,0,1,0
1195,2025,700,0,0,,,,0,1,0,1,0
1196,2025,100,1,1,,,No Previous Data,1,1,1,1,1
1196,2025,200,0,0,,,,1,1,1,1,1
1196,2025,300,0,0,,,,0,0,0,1,0
1196,2025,400,0,0,,,,1,0,0,1,0
1196,2025,500,0,0,,,,0,0,0,1,0
1196,2025,600,0,0,,,,0,0,0,1,0
1196,2025,700,0,0,,,,0,0,0,1,0
1197,2025,100,0,0,,,,1,1,1,1,1
1197,2025,200,1,1,,,No Previous Data,1,1,1,1,1
1197,2025,300,0,0,,,,0,1,0,1,0
1197,2025,400,0,0,,,,0,0,0,1,0
1197,2025,500,0,0,,,,0,1,0,1,0
1197,2025,600,0,0,,,,0,0,0,1,0
1197,2025,700,0,0,,,,1,1,0,1,1
1198,2025,100,1,1,200.0,Olong Tea Plus,Switched,1,1,1,1,1
1198,2025,200,0,0,,,,0,0,0,1,0
1198,2025,300,0,0,,,,0,1,1,1,0
1198,2025,400,0,0,,,,0,0,1,1,0
1198,2025,500,0,0,,,,0,1,0,1,0
1198,2025,600,0,0,,,,0,0,0,1,0
1198,2025,700,0,0,,,,0,1,0,1,0
1199,2025,100,0,0,,,,1,1,0,1,1
1199,2025,200,0,0,,,,0,1,0,1,0
1199,2025,300,1,1,100.0,C2,Switched,1,1,1,1,1
1199,2025,400,0,0,,,,0,0,0,1,0
1199,2025,500,0,0,,,,0,0,0,1,0
1199,2025,600,0,0,,,,0,0,0,1,0
1199,2025,700,0,0,,,,0,1,0,1,0
1200,2025,100,0,0,,,,1,1,1,1,1
1200,2025,200,1,1,100.0,C2,Switched,1,1,1,1,1
1200,2025,300,0,0,,,,0,0,0,1,0
1200,2025,400,0,0,,,,0,0,0,1,0
1200,2025,500,0,0,,,,1,1,1,1,1
1200,2025,600,0,0,,,,0,0,0,1,0
1200,2025,700,0,0,,,,1,1,0,1,0
1201,2025,100,0,0,,,,0,1,1,1,0
1201,2025,200,0,0,,,,0,1,1,1,0
1201,2025,300,0,0,,,,1,1,1,1,1
1201,2025,400,1,1,,,No Previous Data,1,1,1,1,1
1201,2025,500,0,0,,,,0,0,0,0,0
1201,2025,600,0,0,,,,0,0,0,1,0
1201,2025,700,0,0,,,,0,0,0,1,0
1202,2025,100,0,0,,,,1,1,1,1,0
1202,2025,200,0,0,,,,0,1,0,1,0
1202,2025,300,0,0,,,,0,1,1,1,0
1202,2025,400,1,1,,,No Previous Data,1,1,1,1,1
1202,2025,500,0,0,,,,0,1,0,1,0
1202,2025,600,0,0,,,,0,0,0,1,0
1202,2025,700,0,0,,,,0,1,0,1,0
1203,2025,100,1,1,,,No Previous Data,1,1,1,1,1
1203,2025,200,0,0,,,,1,1,1,1,1
1203,2025,300,0,0,,,,0,1,0,1,0
1203,2025,400,0,0,,,,0,0,1,1,0
1203,2025,500,0,0,,,,0,1,0,1,0
1203,2025,600,0,0,,,,0,0,0,1,0
1203,2025,700,0,0,,,,0,1,0,1,0
1204,2025,100,1,1,,,No Previous Data,1,1,1,1,1
1204,2025,200,0,0,,,,0,1,1,1,0
1204,2025,300,0,0,,,,0,1,1,1,0
1204,2025,400,0,0,,,,0,0,0,1,0
1204,2025,500,0,0,,,,0,1,0,1,0
1204,2025,600,0,0,,,,0,0,0,1,0
1204,2025,700,0,0,,,,0,0,0,1,0
1205,2025,100,0,0,,,,1,0,1,1,0
1205,2025,200,1,1,,,No Previous Data,1,1,1,1,1
1205,2025,300,0,0,,,,0,0,0,1,0
1205,2025,400,0,0,,,,1,1,0,1,1
1205,2025,500,0,0,,,,0,0,0,0,0
1205,2025,600,0,0,,,,0,0,0,1,0
1205,2025,700,0,0,,,,0,0,0,1,0
1206,2025,100,1,1,,,No Previous Data,1,1,1,1,1
1206,2025,200,0,0,,,,0,1,1,1,0
1206,2025,300,0,0,,,,0,1,0,1,0
1206,2025,400,0,0,,,,0,1,0,1,0
1206,2025,500,0,0,,,,0,0,0,1,0
1206,2025,600,0,0,,,,1,1,0,1,1
1206,2025,700,0,0,,,,0,0,0,1,0
1207,2025,100,1,1,,,No Previous Data,1,1,1,1,1
1207,2025,200,0,0,,,,1,0,1,1,0
1207,2025,300,0,0,,,,0,0,0,1,0
1207,2025,400,0,0,,,,0,0,1,1,0
1207,2025,500,0,0,,,,0,0,0,1,0
1207,2025,600,0,0,,,,0,0,0,1,0
1207,2025,700,0,0,,,,0,0,0,1,0
1208,2025,100,0,0,,,,0,1,0,1,0
1208,2025,200,1,1,600.0,Dr. Thanh,Switched,1,1,1,1,1
1208,2025,300,0,0,,,,0,0,0,1,0
1208,2025,400,0,0,,,,0,0,0,1,0
1208,2025,500,0,0,,,,0,0,0,0,0
1208,2025,600,0,0,,,,1,1,1,1,1
1208,2025,700,0,0,,,,1,0,1,1,0
1209,2025,100,1,1,,,No Previous Data,1,1,1,1,1
1209,2025,200,0,0,,,,1,1,1,1,1
1209,2025,300,0,0,,,,0,0,0,1,0
1209,2025,400,0,0,,,,0,0,0,1,0
1209,2025,500,0,0,,,,0,0,0,1,0
1209,2025,600,0,0,,,,0,0,1,1,0
1209,2025,700,0,0,,,,0,0,0,1,0
1210,2025,100,0,0,,,,1,1,1,1,1
1210,2025,200,1,1,,,No Previous Data,1,1,1,1,1
1210,2025,300,0,0,,,,0,0,0,1,0
1210,2025,400,0,0,,,,0,0,0,1,0
1210,2025,500,0,0,,,,0,0,0,1,0
1210,2025,600,0,0,,,,0,0,0,1,0
1210,2025,700,0,0,,,,0,0,0,1,0
1211,2025,100,0,0,,,,1,1,1,1,1
1211,2025,200,1,1,,,No Previous Data,1,1,1,1,1
1211,2025,300,0,0,,,,1,1,1,1,1
1211,2025,400,0,0,,,,1,1,1,1,1
1211,2025,500,0,0,,,,0,0,0,0,0
1211,2025,600,0,0,,,,0,1,0,1,0
1211,2025,700,0,0,,,,0,1,0,1,0
1212,2025,100,0,0,,,,1,1,1,1,1
1212,2025,200,0,0,,,,0,0,0,1,0
1212,2025,300,1,1,,,No Previous Data,1,1,1,1,1
1212,2025,400,0,0,,,,0,0,1,1,0
1212,2025,500,0,0,,,,0,0,0,0,0
1212,2025,600,0,0,,,,0,1,0,1,0
1212,2025,700,0,0,,,,0,0,0,0,0
1213,2025,100,1,1,,,No Previous Data,1,1,1,1,1
1213,2025,200,0,0,,,,0,1,1,1,0
1213,2025,300,0,0,,,,1,1,1,1,1
1213,2025,400,0,0,,,,1,1,1,1,0
1213,2025,500,0,0,,,,0,0,0,1,0
1213,2025,600,0,0,,,,0,0,0,1,0
1213,2025,700,0,0,,,,0,1,0,1,0
1214,2025,100,1,0,,,,1,1,1,1,1
1214,2025,200,0,1,,,No Previous Data,1,1,1,1,1
1214,2025,300,0,0,,,,1,0,0,1,0
1214,2025,400,0,0,,,,1,1,0,1,1
1214,2025,500,0,0,,,,1,1,1,1,1
1214,2025,600,0,0,,,,0,0,0,1,0
1214,2025,700,0,0,,,,0,0,0,1,0
1215,2025,100,1,1,,,No Previous Data,1,1,1,1,1
1215,2025,200,0,0,,,,1,1,1,1,1
1215,2025,300,0,0,,,,0,0,0,1,0
1215,2025,400,0,0,,,,1,0,0,1,0
1215,2025,500,0,0,,,,0,0,0,1,0
1215,2025,600,0,0,,,,0,0,0,1,0
1215,2025,700,0,0,,,,0,0,0,1,0
1216,2025,100,1,1,,,No Previous Data,1,1,1,1,1
1216,2025,200,0,0,,,,1,1,1,1,1
1216,2025,300,0,0,,,,0,0,0,1,0
1216,2025,400,0,0,,,,0,0,1,1,0
1216,2025,500,0,0,,,,0,0,0,0,0
1216,2025,600,0,0,,,,0,0,0,1,0
1216,2025,700,0,0,,,,0,0,0,1,0
1217,2025,100,1,1,300.0,Không Độ,Switched,1,1,1,1,1
1217,2025,200,0,0,,,,0,1,0,1,0
1217,2025,300,0,0,,,,1,1,0,1,1
1217,2025,400,0,0,,,,0,1,0,1,0
1217,2025,500,0,0,,,,0,0,0,1,0
1217,2025,600,0,0,,,,0,0,0,1,0
1217,2025,700,0,0,,,,0,0,0,0,0
1218,2025,100,1,0,,,,1,1,1,1,0
1218,2025,200,0,1,500.0,Boncha,Switched,1,1,0,1,1
1218,2025,300,0,0,,,,0,0,0,0,0
1218,2025,400,0,0,,,,0,0,0,0,0
1218,2025,500,0,0,,,,1,1,0,1,1
1218,2025,600,0,0,,,,0,0,0,0,0
1218,2025,700,0,0,,,,0,1,0,1,0
1219,2025,100,1,1,300.0,Không Độ,Switched,1,1,1,1,1
1219,2025,200,0,0,,,,0,0,0,1,0
1219,2025,300,0,0,,,,1,0,0,1,0
1219,2025,400,0,0,,,,0,0,0,0,0
1219,2025,500,0,0,,,,0,0,0,0,0
1219,2025,600,0,0,,,,0,0,0,0,0
1219,2025,700,0,0,,,,0,0,0,0,0
1220,2025,100,0,0,,,,0,1,1,1,0
1220,2025,200,0,0,,,,0,1,1,1,0
1220,2025,300,1,1,,,No Previous Data,1,1,1,1,1
1220,2025,400,0,0,,,,0,1,0,1,0
1220,2025,500,0,0,,,,0,0,0,0,0
1220,2025,600,0,0,,,,0,1,0,1,0
1220,2025,700,0,0,,,,0,1,0,1,0
1221,2025,100,0,0,,,,1,1,1,1,1
1221,2025,200,1,1,100.0,C2,Switched,1,1,1,1,1
1221,2025,300,0,0,,,,1,1,1,1,1
1221,2025,400,0,0,,,,0,0,0,1,0
1221,2025,500,0,0,,,,1,1,0,1,1
1221,2025,600,0,0,,,,0,0,0,1,0
1221,2025,700,0,0,,,,1,1,0,1,1
1222,2025,100,1,1,200.0,Olong Tea Plus,Switched,1,1,1,1,1
1222,2025,200,0,0,,,,1,1,1,1,1
1222,2025,300,0,0,,,,1,1,0,1,1
1222,2025,400,0,0,,,,1,1,0,1,1
1222,2025,500,0,0,,,,1,1,1,1,1
1222,2025,600,0,0,,,,0,0,0,1,0
1222,2025,700,0,0,,,,1,1,0,1,1
1223,2025,100,1,1,,,No Previous Data,1,1,1,1,1
1223,2025,200,0,0,,,,1,1,0,1,1
1223,2025,300,0,0,,,,0,0,0,1,0
1223,2025,400,0,0,,,,1,1,0,1,1
1223,2025,500,0,0,,,,0,0,0,1,0
1223,2025,600,0,0,,,,0,0,0,1,0
1223,2025,700,0,0,,,,0,0,0,1,0
1224,2025,100,1,1,,,No Previous Data,1,1,1,1,1
1224,2025,200,0,0,,,,1,1,1,1,1
1224,2025,300,0,0,,,,0,1,0,1,0
1224,2025,400,0,0,,,,1,1,0,1,1
1224,2025,500,0,0,,,,0,0,0,0,0
1224,2025,600,0,0,,,,0,0,1,1,0
1224,2025,700,0,0,,,,0,0,0,0,0
1225,2025,100,0,0,,,,1,1,1,1,1
1225,2025,200,1,1,,,No Previous Data,1,1,1,1,1
1225,2025,300,0,0,,,,1,1,1,1,1
1225,2025,400,0,0,,,,0,0,1,1,0
1225,2025,500,0,0,,,,0,0,0,1,0
1225,2025,600,0,0,,,,0,0,0,1,0
1225,2025,700,0,0,,,,0,1,0,1,0
1226,2025,100,0,0,,,,1,1,1,1,1
1226,2025,200,1,1,,,No Previous Data,1,1,1,1,1
1226,2025,300,0,0,,,,0,1,0,1,0
1226,2025,400,0,0,,,,1,0,1,1,0
1226,2025,500,0,0,,,,0,0,0,1,0
1226,2025,600,0,0,,,,0,0,0,1,0
1226,2025,700,0,0,,,,0,1,1,1,0
1227,2025,100,0,0,,,,1,1,1,1,1
1227,2025,200,1,0,,,,1,1,1,1,1
1227,2025,300,0,1,,,No Previous Data,1,1,0,1,1
1227,2025,400,0,0,,,,1,1,0,1,1
1227,2025,500,0,0,,,,0,0,0,1,0
1227,2025,600,0,0,,,,0,0,1,1,0
1227,2025,700,0,0,,,,0,0,0,1,0
1228,2025,100,1,1,,,No Previous Data,1,1,1,1,1
1228,2025,200,0,0,,,,1,1,1,1,1
1228,2025,300,0,0,,,,1,1,0,1,1
1228,2025,400,0,0,,,,1,0,0,1,0
1228,2025,500,0,0,,,,0,0,0,0,0
1228,2025,600,0,0,,,,0,1,1,1,0
1228,2025,700,0,0,,,,0,0,0,0,0
1229,2025,100,0,0,,,,0,1,1,1,0
1229,2025,200,1,1,,,No Previous Data,1,1,1,1,1
1229,2025,300,0,0,,,,0,0,0,1,0
1229,2025,400,0,0,,,,0,0,1,1,0
1229,2025,500,0,0,,,,0,0,0,1,0
1229,2025,600,0,0,,,,0,0,0,1,0
1229,2025,700,0,0,,,,0,0,0,1,0
1230,2025,100,0,1,,,No Previous Data,1,1,1,1,1
1230,2025,200,1,0,,,,1,1,1,1,1
1230,2025,300,0,0,,,,1,1,1,1,0
1230,2025,400,0,0,,,,1,1,1,1,1
1230,2025,500,0,0,,,,0,0,0,1,0
1230,2025,600,0,0,,,,0,0,0,1,0
1230,2025,700,0,0,,,,0,1,0,1,0
1231,2025,100,0,0,,,,0,1,1,1,0
1231,2025,200,0,0,,,,1,1,1,1,1
1231,2025,300,1,1,,,No Previous Data,1,1,1,1,1
1231,2025,400,0,0,,,,1,1,0,1,1
1231,2025,500,0,0,,,,0,0,0,0,0
1231,2025,600,0,0,,,,0,0,0,0,0
1231,2025,700,0,0,,,,0,0,0,0,0
1232,2025,100,1,0,,,,1,1,1,1,1
1232,2025,200,0,0,,,,0,1,1,1,0
1232,2025,300,0,1,,,No Previous Data,1,1,0,1,1
1232,2025,400,0,0,,,,0,0,0,1,0
1232,2025,500,0,0,,,,0,0,0,0,0
1232,2025,600,0,0,,,,0,0,0,0,0
1232,2025,700,0,0,,,,0,0,0,0,0
1233,2025,100,0,1,,,No Previous Data,1,1,1,1,1
1233,2025,200,1,0,,,,1,1,1,1,1
1233,2025,300,0,0,,,,0,1,0,1,0
1233,2025,400,0,0,,,,1,1,1,1,0
1233,2025,500,0,0,,,,0,0,0,0,0
1233,2025,600,0,0,,,,0,0,0,1,0
1233,2025,700,0,0,,,,0,0,0,0,0
1234,2025,100,0,0,,,,0,0,0,1,0
1234,2025,200,0,0,,,,1,1,1,1,1
1234,2025,300,0,0,,,,0,0,0,1,0
1234,2025,400,1,1,,,No Previous Data,1,1,1,1,1
1234,2025,500,0,0,,,,0,0,0,0,0
1234,2025,600,0,0,,,,1,0,0,1,0
1234,2025,700,0,0,,,,1,1,0,1,1
1235,2025,100,0,0,,,,0,0,0,1,0
1235,2025,200,1,1,,,No Previous Data,1,1,1,1,1
1235,2025,300,0,0,,,,1,0,0,1,0
1235,2025,400,0,0,,,,0,0,0,1,0
1235,2025,500,0,0,,,,0,0,0,0,0
1235,2025,600,0,0,,,,1,0,1,1,0
1235,2025,700,0,0,,,,0,0,0,1,0
1236,2025,100,0,0,,,,0,0,0,1,0
1236,2025,200,1,0,,,,1,1,1,1,0
1236,2025,300,0,1,,,No Previous Data,1,1,1,1,1
1236,2025,400,0,0,,,,0,0,0,1,0
1236,2025,500,0,0,,,,1,1,0,1,1
1236,2025,600,0,0,,,,0,0,0,1,0
1236,2025,700,0,0,,,,0,0,0,1,0
1237,2025,100,0,0,,,,1,1,1,1,0
1237,2025,200,0,0,,,,0,1,1,1,0
1237,2025,300,0,0,,,,1,1,1,1,1
1237,2025,400,1,1,,,No Previous Data,1,1,1,1,1
1237,2025,500,0,0,,,,0,0,0,0,0
1237,2025,600,0,0,,,,0,0,0,1,0
1237,2025,700,0,0,,,,0,1,1,1,0
1238,2025,100,1,1,,,No Previous Data,1,1,1,1,1
1238,2025,200,0,0,,,,0,1,1,1,0
1238,2025,300,0,0,,,,1,1,1,1,0
1238,2025,400,0,0,,,,1,1,1,1,1
1238,2025,500,0,0,,,,0,0,0,1,0
1238,2025,600,0,0,,,,0,0,0,1,0
1238,2025,700,0,0,,,,1,1,0,1,0
1239,2025,100,0,0,,,,0,0,0,1,0
1239,2025,200,1,1,,,No Previous Data,1,1,1,1,1
1239,2025,300,0,0,,,,0,0,0,1,0
1239,2025,400,0,0,,,,1,0,0,1,0
1239,2025,500,0,0,,,,1,0,0,1,0
1239,2025,600,0,0,,,,1,1,0,1,1
1239,2025,700,0,0,,,,0,0,1,1,0
1240,2025,100,0,0,,,,0,0,0,1,0
1240,2025,200,0,0,,,,1,1,1,1,1
1240,2025,300,1,1,,,No Previous Data,1,1,1,1,1
1240,2025,400,0,0,,,,0,0,0,1,0
1240,2025,500,0,0,,,,0,0,0,0,0
1240,2025,600,0,0,,,,0,0,0,1,0
1240,2025,700,0,0,,,,0,0,1,1,0
1241,2025,100,0,0,,,,1,1,1,1,0
1241,2025,200,0,0,,,,0,1,1,1,0
1241,2025,300,1,1,,,No Previous Data,1,1,1,1,1
1241,2025,400,0,0,,,,1,1,1,1,1
1241,2025,500,0,0,,,,0,0,0,0,0
1241,2025,600,0,0,,,,0,0,0,1,0
1241,2025,700,0,0,,,,0,0,0,1,0
1242,2025,100,0,0,,,,1,1,1,1,0
1242,2025,200,0,0,,,,1,1,1,1,0
1242,2025,300,0,0,,,,1,1,1,1,1
1242,2025,400,1,1,,,No Previous Data,1,1,1,1,1
1242,2025,500,0,0,,,,0,0,0,0,0
1242,2025,600,0,0,,,,0,0,0,1,0
1242,2025,700,0,0,,,,0,1,0,1,0
1243,2025,100,0,0,,,,0,1,1,1,0
1243,2025,200,0,0,,,,0,1,1,1,0
1243,2025,300,1,1,,,No Previous Data,1,1,1,1,1
1243,2025,400,0,0,,,,1,1,1,1,1
1243,2025,500,0,0,,,,0,0,0,0,0
1243,2025,600,0,0,,,,0,0,0,1,0
1243,2025,700,0,0,,,,0,1,0,1,0
1244,2025,100,0,0,,,,0,1,0,1,0
1244,2025,200,0,0,,,,0,0,0,1,0
1244,2025,300,0,0,,,,0,0,0,1,0
1244,2025,400,1,1,,,No Previous Data,1,1,1,1,1
1244,2025,500,0,0,,,,0,0,0,1,0
1244,2025,600,0,0,,,,0,0,0,1,0
1244,2025,700,0,0,,,,0,0,0,1,0
1245,2025,100,0,0,,,,1,1,0,1,1
1245,2025,200,1,1,,,No Previous Data,1,1,1,1,1
1245,2025,300,0,0,,,,0,0,0,0,0
1245,2025,400,0,0,,,,1,1,0,1,1
1245,2025,500,0,0,,,,0,1,0,1,0
1245,2025,600,0,0,,,,0,0,0,0,0
1245,2025,700,0,0,,,,1,1,0,1,1
1246,2025,100,0,0,,,,0,0,1,1,0
1246,2025,200,0,0,,,,1,1,1,1,1
1246,2025,300,0,0,,,,0,1,1,1,0
1246,2025,400,1,0,,,,0,0,1,1,0
1246,2025,500,0,0,,,,0,0,0,0,0
1246,2025,600,0,0,,,,0,1,0,1,0
1246,2025,700,0,1,200.0,Olong Tea Plus,Switched,1,1,0,1,1
1247,2025,100,1,1,,,No Previous Data,1,1,1,1,1
1247,2025,200,0,0,,,,1,1,0,1,1
1247,2025,300,0,0,,,,0,0,0,0,0
1247,2025,400,0,0,,,,1,1,0,1,1
1247,2025,500,0,0,,,,0,0,0,0,0
1247,2025,600,0,0,,,,0,0,0,0,0
1247,2025,700,0,0,,,,0,0,0,0,0
1248,2025,100,1,1,200.0,Olong Tea Plus,Switched,1,1,1,1,1
1248,2025,200,0,0,,,,0,1,0,1,0
1248,2025,300,0,0,,,,0,0,0,0,0
1248,2025,400,0,0,,,,0,0,0,0,0
1248,2025,500,0,0,,,,0,0,0,0,0
1248,2025,600,0,0,,,,0,0,0,0,0
1248,2025,700,0,0,,,,0,0,0,0,0
1249,2025,100,1,0,,,,0,1,1,1,0
1249,2025,200,0,0,,,,1,1,0,1,1
1249,2025,300,0,0,,,,0,0,0,0,0
1249,2025,400,0,0,,,,0,0,0,0,0
1249,2025,500,0,1,,,No Previous Data,1,1,0,1,1
1249,2025,600,0,0,,,,0,0,0,0,0
1249,2025,700,0,0,,,,1,1,0,1,0
1250,2025,100,0,0,,,,0,0,0,1,0
1250,2025,200,0,0,,,,1,1,0,1,1
1250,2025,300,0,0,,,,1,0,1,1,0
1250,2025,400,0,0,,,,0,0,0,1,0
1250,2025,500,0,0,,,,0,0,0,1,0
1250,2025,600,0,0,,,,0,0,0,1,0
1250,2025,700,1,1,600.0,Dr. Thanh,Switched,1,1,1,1,1
1251,2025,100,0,0,,,,1,1,0,1,1
1251,2025,200,1,1,,,No Previous Data,1,1,1,1,1
1251,2025,300,0,0,,,,0,0,0,0,0
1251,2025,400,0,0,,,,1,1,0,1,1
1251,2025,500,0,0,,,,0,1,0,1,0
1251,2025,600,0,0,,,,0,0,0,0,0
1251,2025,700,0,0,,,,1,1,0,1,1
1252,2025,100,1,1,,,No Previous Data,1,1,1,1,1
1252,2025,200,0,0,,,,1,1,0,1,1
1252,2025,300,0,0,,,,0,0,0,0,0
1252,2025,400,0,0,,,,1,1,0,1,1
1252,2025,500,0,0,,,,0,0,0,0,0
1252,2025,600,0,0,,,,0,0,0,0,0
1252,2025,700,0,0,,,,0,0,0,0,0
1253,2025,100,0,0,,,,1,0,0,1,0
1253,2025,200,0,0,,,,0,0,0,1,0
1253,2025,300,0,1,500.0,Boncha,Switched,1,1,0,1,1
1253,2025,400,0,0,,,,0,0,0,1,0
1253,2025,500,0,0,,,,1,1,0,1,1
1253,2025,600,0,0,,,,0,0,0,1,0
1253,2025,700,1,0,,,,0,1,1,1,0
1254,2025,100,1,0,,,,0,1,1,1,0
1254,2025,200,0,0,,,,1,1,0,1,1
1254,2025,300,0,0,,,,0,0,0,0,0
1254,2025,400,0,0,,,,0,0,0,0,0
1254,2025,500,0,1,,,No Previous Data,1,1,0,1,1
1254,2025,600,0,0,,,,0,0,0,0,0
1254,2025,700,0,0,,,,0,1,0,1,0
1255,2025,100,1,0,,,,1,1,1,1,1
1255,2025,200,0,0,,,,1,1,0,1,1
1255,2025,300,0,0,,,,0,0,0,0,0
1255,2025,400,0,0,,,,1,1,0,1,1
1255,2025,500,0,0,,,,1,1,0,1,1
1255,2025,600,0,0,,,,0,0,0,0,0
1255,2025,700,0,1,400.0,Cozy,Switched,1,1,0,1,1
1256,2025,100,1,1,,,No Previous Data,1,1,1,1,1
1256,2025,200,0,0,,,,1,0,1,1,0
1256,2025,300,0,0,,,,0,0,0,1,0
1256,2025,400,0,0,,,,0,0,0,1,0
1256,2025,500,0,0,,,,0,0,0,0,0
1256,2025,600,0,0,,,,0,0,0,1,0
1256,2025,700,0,0,,,,0,0,0,1,0
1257,2025,100,0,0,,,,0,0,1,1,0
1257,2025,200,0,0,,,,0,0,1,1,0
1257,2025,300,1,1,100.0,C2,Switched,1,1,1,1,1
1257,2025,400,0,0,,,,0,1,0,1,0
1257,2025,500,0,0,,,,0,0,0,1,0
1257,2025,600,0,0,,,,0,0,0,1,0
1257,2025,700,0,0,,,,0,1,0,1,0
1258,2025,100,1,1,,,No Previous Data,1,1,1,1,1
1258,2025,200,0,0,,,,1,1,1,1,1
1258,2025,300,0,0,,,,0,1,0,1,0
1258,2025,400,0,0,,,,0,0,0,1,0
1258,2025,500,0,0,,,,0,0,0,1,0
1258,2025,600,0,0,,,,0,0,0,0,0
1258,2025,700,0,0,,,,0,1,0,1,0
1259,2025,100,1,1,,,No Previous Data,1,1,1,1,1
1259,2025,200,0,0,,,,0,1,1,1,0
1259,2025,300,0,0,,,,1,1,0,1,0
1259,2025,400,0,0,,,,0,0,1,1,0
1259,2025,500,0,0,,,,0,0,0,1,0
1259,2025,600,0,0,,,,0,0,0,1,0
1259,2025,700,0,0,,,,0,0,0,1,0
1260,2025,100,1,1,,,No Previous Data,1,1,1,1,1
1260,2025,200,0,0,,,,1,1,1,1,1
1260,2025,300,0,0,,,,1,1,0,1,0
1260,2025,400,0,0,,,,1,1,1,1,1
1260,2025,500,0,0,,,,1,1,1,1,1
1260,2025,600,0,0,,,,0,0,0,0,0
1260,2025,700,0,0,,,,1,1,0,1,1
1261,2025,100,0,1,,,No Previous Data,1,1,1,1,1
1261,2025,200,1,0,,,,1,1,1,1,1
1261,2025,300,0,0,,,,1,1,0,1,1
1261,2025,400,0,0,,,,0,0,0,1,0
1261,2025,500,0,0,,,,0,0,0,1,0
1261,2025,600,0,0,,,,0,0,0,0,0
1261,2025,700,0,0,,,,0,1,0,1,0
1262,2025,100,0,0,,,,1,1,1,1,1
1262,2025,200,1,1,100.0,C2,Switched,1,1,1,1,1
1262,2025,300,0,0,,,,1,1,1,1,0
1262,2025,400,0,0,,,,1,1,0,1,0
1262,2025,500,0,0,,,,1,1,1,1,1
1262,2025,600,0,0,,,,0,1,0,1,0
1262,2025,700,0,0,,,,1,1,1,1,1
1263,2025,100,0,0,,,,0,1,1,1,0
1263,2025,200,0,0,,,,0,1,1,1,0
1263,2025,300,1,1,100.0,C2,Switched,1,1,1,1,1
1263,2025,400,0,0,,,,1,1,1,1,1
1263,2025,500,0,0,,,,0,0,0,1,0
1263,2025,600,0,0,,,,0,0,0,1,0
1263,2025,700,0,0,,,,1,1,0,1,1
1264,2025,100,1,1,,,No Previous Data,1,1,1,1,1
1264,2025,200,0,0,,,,0,1,0,1,0
1264,2025,300,0,0,,,,1,1,1,1,0
1264,2025,400,0,0,,,,1,1,1,1,1
1264,2025,500,0,0,,,,1,1,0,1,1
1264,2025,600,0,0,,,,1,1,0,1,1
1264,2025,700,0,0,,,,1,1,1,1,1
1265,2025,100,0,0,,,,1,1,1,1,0
1265,2025,200,0,0,,,,0,0,0,1,0
1265,2025,300,1,1,,,No Previous Data,1,1,1,1,1
1265,2025,400,0,0,,,,1,1,1,1,1
1265,2025,500,0,0,,,,0,0,0,0,0
1265,2025,600,0,0,,,,0,1,0,1,0
1265,2025,700,0,0,,,,0,0,0,0,0
1266,2025,100,1,1,,,No Previous Data,1,1,1,1,1
1266,2025,200,0,0,,,,0,0,0,1,0
1266,2025,300,0,0,,,,1,1,1,1,1
1266,2025,400,0,0,,,,0,0,0,1,0
1266,2025,500,0,0,,,,0,0,0,0,0
1266,2025,600,0,0,,,,0,1,0,1,0
1266,2025,700,0,0,,,,0,0,0,0,0
1267,2025,100,1,1,,,No Previous Data,1,1,1,1,1
1267,2025,200,0,0,,,,1,1,1,1,1
1267,2025,300,0,0,,,,1,1,1,1,1
1267,2025,400,0,0,,,,0,0,0,1,0
1267,2025,500,0,0,,,,0,0,0,0,0
1267,2025,600,0,0,,,,0,1,0,1,0
1267,2025,700,0,0,,,,0,0,0,0,0
1268,2025,100,0,0,,,,1,1,1,1,1
1268,2025,200,0,0,,,,1,0,1,1,0
1268,2025,300,0,0,,,,0,1,0,1,0
1268,2025,400,0,0,,,,0,0,0,1,0
1268,2025,500,0,0,,,,0,1,0,1,0
1268,2025,600,0,0,,,,0,0,0,1,0
1268,2025,700,1,1,200.0,Olong Tea Plus,Switched,1,1,1,1,1
1269,2025,100,1,1,200.0,Olong Tea Plus,Switched,1,1,1,1,1
1269,2025,200,0,0,,,,0,0,1,1,0
1269,2025,300,0,0,,,,0,0,0,1,0
1269,2025,400,0,0,,,,0,0,1,1,0
1269,2025,500,0,0,,,,0,0,0,0,0
1269,2025,600,0,0,,,,0,0,0,0,0
1269,2025,700,0,0,,,,0,0,0,0,0
1270,2025,100,0,0,,,,0,1,1,1,0
1270,2025,200,0,0,,,,0,1,1,1,0
1270,2025,300,0,0,,,,1,1,1,1,1
1270,2025,400,1,1,,,No Previous Data,1,1,1,1,1
1270,2025,500,0,0,,,,0,0,0,0,0
1270,2025,600,0,0,,,,0,0,0,1,0
1270,2025,700,0,0,,,,0,1,0,1,0
1271,2025,100,1,1,200.0,Olong Tea Plus,Switched,1,1,1,1,1
1271,2025,200,0,0,,,,0,0,1,1,0
1271,2025,300,0,0,,,,1,1,1,1,0
1271,2025,400,0,0,,,,0,0,1,1,0
1271,2025,500,0,0,,,,0,1,0,1,0
1271,2025,600,0,0,,,,0,1,0,1,0
1271,2025,700,0,0,,,,0,1,1,1,0
1272,2025,100,0,0,,,,1,1,1,1,1
1272,2025,200,0,0,,,,0,1,0,1,0
1272,2025,300,1,1,,,No Previous Data,1,1,1,1,1
1272,2025,400,0,0,,,,0,1,0,1,0
1272,2025,500,0,0,,,,0,0,0,0,0
1272,2025,600,0,0,,,,0,1,0,1,0
1272,2025,700,0,0,,,,0,0,0,0,0
1273,2025,100,1,1,,,No Previous Data,1,1,1,1,1
1273,2025,200,0,0,,,,0,1,1,1,0
1273,2025,300,0,0,,,,1,1,1,1,1
1273,2025,400,0,0,,,,1,1,1,1,1
1273,2025,500,0,0,,,,0,0,0,0,0
1273,2025,600,0,0,,,,0,1,1,1,0
1273,2025,700,0,0,,,,0,1,0,1,0
1274,2025,100,0,0,,,,1,1,1,1,0
1274,2025,200,0,0,,,,1,1,1,1,1
1274,2025,300,0,0,,,,0,1,0,1,0
1274,2025,400,1,1,,,No Previous Data,1,1,1,1,1
1274,2025,500,0,0,,,,0,1,0,1,0
1274,2025,600,0,0,,,,0,0,0,1,0
1274,2025,700,0,0,,,,0,1,0,1,0
1275,2025,100,1,1,,,No Previous Data,1,1,1,1,1
1275,2025,200,0,0,,,,0,1,1,1,0
1275,2025,300,0,0,,,,0,1,1,1,0
1275,2025,400,0,0,,,,0,0,1,1,0
1275,2025,500,0,0,,,,0,1,0,1,0
1275,2025,600,0,0,,,,0,1,0,1,0
1275,2025,700,0,0,,,,0,1,0,1,0
1276,2025,100,0,0,,,,0,1,0,1,0
1276,2025,200,0,0,,,,0,0,0,1,0
1276,2025,300,0,0,,,,1,1,0,1,1
1276,2025,400,0,0,,,,0,0,0,1,0
1276,2025,500,0,0,,,,1,1,0,1,0
1276,2025,600,0,0,,,,0,0,0,0,0
1276,2025,700,0,1,300.0,Không Độ,Switched,1,1,1,1,1
1277,2025,100,0,0,,,,1,1,1,1,0
1277,2025,200,0,0,,,,0,1,1,1,0
1277,2025,300,1,1,,,No Previous Data,1,1,1,1,1
1277,2025,400,0,0,,,,1,1,1,1,0
1277,2025,500,0,0,,,,0,1,0,1,0
1277,2025,600,0,0,,,,0,1,0,1,0
1277,2025,700,0,0,,,,0,1,0,1,0
1278,2025,100,0,0,,,,1,1,1,1,1
1278,2025,200,1,1,,,No Previous Data,1,1,1,1,1
1278,2025,300,0,0,,,,0,1,1,1,0
1278,2025,400,0,0,,,,1,1,1,1,1
1278,2025,500,0,0,,,,0,1,0,1,0
1278,2025,600,0,0,,,,0,0,0,1,0
1278,2025,700,0,0,,,,0,1,0,1,0
1279,2025,100,1,1,300.0,Không Độ,Switched,1,1,1,1,1
1279,2025,200,0,0,,,,0,0,1,1,0
1279,2025,300,0,0,,,,1,1,0,1,1
1279,2025,400,0,0,,,,0,0,0,1,0
1279,2025,500,0,0,,,,0,0,0,0,0
1279,2025,600,0,0,,,,0,0,0,0,0
1279,2025,700,0,0,,,,0,0,0,0,0
1280,2025,100,0,0,,,,1,1,1,1,1
1280,2025,200,1,1,,,No Previous Data,1,1,1,1,1
1280,2025,300,0,0,,,,1,1,1,1,1
1280,2025,400,0,0,,,,0,0,1,1,0
1280,2025,500,0,0,,,,0,1,0,1,0
1280,2025,600,0,0,,,,0,1,0,1,0
1280,2025,700,0,0,,,,0,1,0,1,0
1281,2025,100,0,0,,,,1,1,1,1,1
1281,2025,200,1,1,100.0,C2,Switched,1,1,1,1,1
1281,2025,300,0,0,,,,1,1,1,1,1
1281,2025,400,0,0,,,,0,0,1,1,0
1281,2025,500,0,0,,,,0,1,0,1,0
1281,2025,600,0,0,,,,0,0,0,1,0
1281,2025,700,0,0,,,,0,1,0,1,0
1282,2025,100,1,1,,,No Previous Data,1,1,1,1,1
1282,2025,200,0,0,,,,0,1,1,1,0
1282,2025,300,0,0,,,,1,1,1,1,1
1282,2025,400,0,0,,,,1,1,1,1,1
1282,2025,500,0,0,,,,0,1,0,1,0
1282,2025,600,0,0,,,,0,0,0,0,0
1282,2025,700,0,0,,,,1,1,0,1,0
1283,2025,100,0,0,,,,0,1,1,1,0
1283,2025,200,1,1,,,No Previous Data,1,1,1,1,1
1283,2025,300,0,0,,,,0,1,1,1,0
1283,2025,400,0,0,,,,1,1,1,1,1
1283,2025,500,0,0,,,,0,1,0,1,0
1283,2025,600,0,0,,,,0,1,0,1,0
1283,2025,700,0,0,,,,0,1,0,1,0
1284,2025,100,0,0,,,,1,1,1,1,1
1284,2025,200,1,1,,,No Previous Data,1,1,1,1,1
1284,2025,300,0,0,,,,1,1,1,1,1
1284,2025,400,0,0,,,,1,1,0,1,1
1284,2025,500,0,0,,,,1,1,0,1,1
1284,2025,600,0,0,,,,1,1,0,1,1
1284,2025,700,0,0,,,,1,1,1,1,1
1285,2025,100,1,1,,,No Previous Data,1,1,1,1,1
1285,2025,200,0,0,,,,0,0,1,1,0
1285,2025,300,0,0,,,,1,1,1,1,1
1285,2025,400,0,0,,,,0,0,0,1,0
1285,2025,500,0,0,,,,1,1,1,1,1
1285,2025,600,0,0,,,,0,0,0,1,0
1285,2025,700,0,0,,,,0,1,0,1,0
1286,2025,100,1,1,,,No Previous Data,1,1,1,1,1
1286,2025,200,0,0,,,,1,1,1,1,1
1286,2025,300,0,0,,,,1,1,0,1,1
1286,2025,400,0,0,,,,0,0,0,1,0
1286,2025,500,0,0,,,,0,0,0,0,0
1286,2025,600,0,0,,,,0,0,0,0,0
1286,2025,700,0,0,,,,1,1,1,1,0
1287,2025,100,1,1,200.0,Olong Tea Plus,Switched,1,1,1,1,1
1287,2025,200,0,0,,,,1,0,1,1,0
1287,2025,300,0,0,,,,0,1,0,1,0
1287,2025,400,0,0,,,,0,0,1,1,0
1287,2025,500,0,0,,,,0,0,0,1,0
1287,2025,600,0,0,,,,0,0,0,1,0
1287,2025,700,0,0,,,,0,1,0,1,0
1288,2025,100,0,0,,,,0,1,1,1,0
1288,2025,200,1,1,,,No Previous Data,1,1,1,1,1
1288,2025,300,0,0,,,,1,1,0,1,1
1288,2025,400,0,0,,,,0,0,0,1,0
1288,2025,500,0,0,,,,0,1,0,1,0
1288,2025,600,0,0,,,,0,0,0,0,0
1288,2025,700,0,0,,,,0,0,0,1,0
1289,2025,100,1,0,,,,0,1,1,1,0
1289,2025,200,0,0,,,,0,1,1,1,0
1289,2025,300,0,1,,,No Previous Data,1,1,1,1,1
1289,2025,400,0,0,,,,1,1,1,1,1
1289,2025,500,0,0,,,,0,0,0,0,0
1289,2025,600,0,0,,,,0,0,0,1,0
1289,2025,700,0,0,,,,0,0,0,1,0
1290,2025,100,1,1,,,No Previous Data,1,1,1,1,1
1290,2025,200,0,0,,,,1,1,1,1,1
1290,2025,300,0,0,,,,0,1,1,1,0
1290,2025,400,0,0,,,,0,0,0,1,0
1290,2025,500,0,0,,,,0,0,0,0,0
1290,2025,600,0,0,,,,0,0,0,0,0
1290,2025,700,0,0,,,,1,1,1,1,1
1291,2025,100,0,0,,,,0,0,1,1,0
1291,2025,200,1,0,,,,0,0,1,1,0
1291,2025,300,0,1,100.0,C2,Switched,1,1,0,1,1
1291,2025,400,0,0,,,,1,1,1,1,1
1291,2025,500,0,0,,,,0,0,0,1,0
1291,2025,600,0,0,,,,0,0,0,1,0
1291,2025,700,0,0,,,,0,1,0,1,0
1292,2025,100,0,0,,,,0,1,1,1,0
1292,2025,200,1,1,,,No Previous Data,1,1,1,1,1
1292,2025,300,0,0,,,,1,1,1,1,0
1292,2025,400,0,0,,,,1,1,1,1,1
1292,2025,500,0,0,,,,0,0,0,0,0
1292,2025,600,0,0,,,,0,1,0,1,0
1292,2025,700,0,0,,,,0,1,0,1,0
1293,2025,100,1,1,,,No Previous Data,1,1,1,1,1
1293,2025,200,0,0,,,,0,0,0,1,0
1293,2025,300,0,0,,,,0,0,0,1,0
1293,2025,400,0,0,,,,1,0,0,1,0
1293,2025,500,0,0,,,,0,0,0,0,0
1293,2025,600,0,0,,,,0,0,0,0,0
1293,2025,700,0,0,,,,1,1,1,1,0
1294,2025,100,1,0,,,,1,1,1,1,1
1294,2025,200,0,0,,,,0,1,0,1,0
1294,2025,300,0,1,,,No Previous Data,1,1,1,1,1
1294,2025,400,0,0,,,,0,0,0,1,0
1294,2025,500,0,0,,,,0,0,0,0,0
1294,2025,600,0,0,,,,0,0,0,1,0
1294,2025,700,0,0,,,,0,0,0,0,0
1295,2025,100,1,1,,,No Previous Data,1,1,1,1,1
1295,2025,200,0,0,,,,0,0,0,1,0
1295,2025,300,0,0,,,,0,0,0,1,0
1295,2025,400,0,0,,,,0,0,0,1,0
1295,2025,500,0,0,,,,0,0,0,1,0
1295,2025,600,0,0,,,,0,0,0,1,0
1295,2025,700,0,0,,,,1,1,1,1,0
1296,2025,100,0,0,,,,1,1,1,1,1
1296,2025,200,1,1,,,No Previous Data,1,1,1,1,1
1296,2025,300,0,0,,,,1,1,0,1,1
1296,2025,400,0,0,,,,0,0,1,1,0
1296,2025,500,0,0,,,,0,0,0,0,0
1296,2025,600,0,0,,,,0,0,0,1,0
1296,2025,700,0,0,,,,0,1,0,1,0
1297,2025,100,1,1,,,No Previous Data,1,1,1,1,1
1297,2025,200,0,0,,,,1,0,1,1,0
1297,2025,300,0,0,,,,0,0,0,1,0
1297,2025,400,0,0,,,,1,1,1,1,1
1297,2025,500,0,0,,,,0,0,0,0,0
1297,2025,600,0,0,,,,0,0,0,1,0
1297,2025,700,0,0,,,,0,0,0,1,0
1298,2025,100,0,0,,,,0,0,1,1,0
1298,2025,200,0,0,,,,1,1,1,1,1
1298,2025,300,0,0,,,,0,0,1,1,0
1298,2025,400,1,1,,,No Previous Data,1,1,1,1,1
1298,2025,500,0,0,,,,0,0,0,0,0
1298,2025,600,0,0,,,,1,0,0,1,0
1298,2025,700,0,0,,,,0,0,0,1,0
1299,2025,100,1,0,,,,1,1,1,1,1
1299,2025,200,0,0,,,,0,0,0,1,0
1299,2025,300,0,1,,,No Previous Data,1,1,1,1,1
1299,2025,400,0,0,,,,0,0,0,1,0
1299,2025,500,0,0,,,,0,0,0,0,0
1299,2025,600,0,0,,,,0,0,0,1,0
1299,2025,700,0,0,,,,0,0,0,0,0
1300,2025,100,0,0,,,,1,1,1,1,0
1300,2025,200,0,0,,,,0,1,1,1,0
1300,2025,300,0,0,,,,0,1,1,1,0
1300,2025,400,1,1,,,No Previous Data,1,1,1,1,1
1300,2025,500,0,0,,,,0,1,0,1,0
1300,2025,600,0,0,,,,0,1,0,1,0
1300,2025,700,0,0,,,,0,1,0,1,0
1301,2024,100,0,0,,,,1,1,1,1,1
1301,2024,200,0,0,,,,0,0,0,0,0
1301,2024,300,1,1,100.0,C2,Switched,1,1,1,1,1
1301,2024,400,0,0,,,,0,1,0,1,0
1301,2024,500,0,0,,,,0,0,0,0,0
1301,2024,600,0,0,,,,0,0,0,0,0
1301,2024,700,0,0,,,,0,0,0,0,0
1302,2024,100,1,1,,,No Previous Data,1,1,1,1,1
1302,2024,200,0,0,,,,0,0,0,0,0
1302,2024,300,0,0,,,,0,0,0,0,0
1302,2024,400,0,0,,,,0,0,0,0,0
1302,2024,500,0,0,,,,0,0,0,0,0
1302,2024,600,0,0,,,,0,0,0,0,0
1302,2024,700,0,0,,,,0,0,0,0,0
1303,2024,100,0,1,400.0,Cozy,Switched,1,1,0,1,1
1303,2024,200,1,0,,,,0,0,1,1,0
1303,2024,300,0,0,,,,0,0,0,0,0
1303,2024,400,0,0,,,,1,1,1,1,1
1303,2024,500,0,0,,,,0,1,0,1,0
1303,2024,600,0,0,,,,0,0,0,0,0
1303,2024,700,0,0,,,,1,1,0,1,0
1304,2024,100,0,0,,,,1,1,0,1,1
1304,2024,200,0,0,,,,0,1,0,1,0
1304,2024,300,1,1,400.0,Cozy,Switched,1,1,1,1,1
1304,2024,400,0,0,,,,0,1,0,1,0
1304,2024,500,0,0,,,,1,1,0,1,1
1304,2024,600,0,0,,,,0,0,0,0,0
1304,2024,700,0,0,,,,0,1,0,1,0
1305,2024,100,0,0,,,,1,1,1,1,1
1305,2024,200,0,0,,,,0,0,0,0,0
1305,2024,300,1,1,100.0,C2,Switched,1,1,1,1,1
1305,2024,400,0,0,,,,0,0,0,0,0
1305,2024,500,0,0,,,,0,0,0,0,0
1305,2024,600,0,0,,,,0,0,0,0,0
1305,2024,700,0,0,,,,0,1,0,1,0
1306,2024,100,0,0,,,,0,0,0,0,0
1306,2024,200,0,0,,,,0,0,0,1,0
1306,2024,300,1,0,,,,1,1,1,1,1
1306,2024,400,0,1,200.0,Olong Tea Plus,Switched,1,1,1,1,1
1306,2024,500,0,0,,,,0,0,0,1,0
1306,2024,600,0,0,,,,0,0,0,0,0
1306,2024,700,0,0,,,,0,1,0,1,0
1307,2024,100,0,0,,,,1,1,1,1,1
1307,2024,200,1,0,,,,1,1,1,1,0
1307,2024,300,0,0,,,,1,1,1,1,1
1307,2024,400,0,0,,,,1,1,0,1,1
1307,2024,500,0,0,,,,1,1,0,1,1
1307,2024,600,0,0,,,,1,1,0,1,0
1307,2024,700,0,1,300.0,Không Độ,Switched,1,1,0,1,1
1308,2024,100,0,0,,,,1,1,1,1,1
1308,2024,200,0,0,,,,1,1,1,1,1
1308,2024,300,1,0,,,,1,1,1,1,1
1308,2024,400,0,1,200.0,Olong Tea Plus,Switched,1,1,1,1,1
1308,2024,500,0,0,,,,1,1,0,1,1
1308,2024,600,0,0,,,,0,0,0,1,0
1308,2024,700,0,0,,,,1,1,0,1,1
1309,2024,100,0,0,,,,1,1,1,1,1
1309,2024,200,0,0,,,,0,1,0,1,0
1309,2024,300,0,1,500.0,Boncha,Switched,1,1,0,1,1
1309,2024,400,0,0,,,,0,0,0,0,0
1309,2024,500,1,0,,,,1,1,1,1,1
1309,2024,600,0,0,,,,0,0,0,0,0
1309,2024,700,0,0,,,,0,0,0,0,0
1310,2024,100,0,0,,,,1,1,0,1,1
1310,2024,200,0,1,700.0,Khác,Switched,1,1,0,1,1
1310,2024,300,0,0,,,,0,1,0,1,0
1310,2024,400,0,0,,,,0,0,0,1,0
1310,2024,500,0,0,,,,1,1,0,1,1
1310,2024,600,0,0,,,,0,0,0,0,0
1310,2024,700,0,0,,,,0,1,0,1,0
1311,2024,100,1,1,,,No Previous Data,1,1,1,1,1
1311,2024,200,0,0,,,,1,1,0,1,1
1311,2024,300,0,0,,,,0,0,0,0,0
1311,2024,400,0,0,,,,1,1,0,1,1
1311,2024,500,0,0,,,,0,0,0,0,0
1311,2024,600,0,0,,,,0,0,0,0,0
1311,2024,700,0,0,,,,0,0,0,0,0
1312,2024,100,1,1,200.0,Olong Tea Plus,Switched,1,1,1,1,1
1312,2024,200,0,0,,,,0,0,1,1,0
1312,2024,300,0,0,,,,0,0,1,1,0
1312,2024,400,0,0,,,,0,0,1,1,0
1312,2024,500,0,0,,,,0,1,1,1,0
1312,2024,600,0,0,,,,0,0,0,1,0
1312,2024,700,0,0,,,,1,0,0,1,0
1313,2024,100,1,1,,,No Previous Data,1,1,1,1,1
1313,2024,200,0,0,,,,0,1,1,1,0
1313,2024,300,0,0,,,,0,0,0,1,0
1313,2024,400,0,0,,,,0,0,0,1,0
1313,2024,500,0,0,,,,0,0,0,1,0
1313,2024,600,0,0,,,,0,0,0,1,0
1313,2024,700,0,0,,,,0,0,0,1,0
1314,2024,100,0,0,,,,1,0,1,1,0
1314,2024,200,0,0,,,,0,0,1,1,0
1314,2024,300,0,0,,,,0,0,0,1,0
1314,2024,400,0,0,,,,0,0,0,1,0
1314,2024,500,1,1,200.0,Olong Tea Plus,Switched,1,1,1,1,1
1314,2024,600,0,0,,,,0,0,0,1,0
1314,2024,700,0,0,,,,0,0,0,1,0
1315,2024,100,0,0,,,,1,0,1,1,0
1315,2024,200,0,0,,,,0,1,1,1,0
1315,2024,300,1,1,,,No Previous Data,1,1,1,1,1
1315,2024,400,0,0,,,,0,0,0,1,0
1315,2024,500,0,0,,,,0,0,0,1,0
1315,2024,600,0,0,,,,0,0,0,1,0
1315,2024,700,0,0,,,,0,0,0,1,0
1316,2024,100,0,0,,,,1,1,1,1,1
1316,2024,200,0,0,,,,1,1,0,1,1
1316,2024,300,1,1,100.0,C2,Switched,1,1,1,1,1
1316,2024,400,0,0,,,,0,0,1,1,0
1316,2024,500,0,0,,,,0,0,0,1,0
1316,2024,600,0,0,,,,0,0,0,1,0
1316,2024,700,0,0,,,,0,0,0,1,0
1317,2024,100,0,0,,,,0,0,1,1,0
1317,2024,200,0,0,,,,0,0,1,1,0
1317,2024,300,1,1,200.0,Olong Tea Plus,Switched,1,1,1,1,1
1317,2024,400,0,0,,,,0,0,0,1,0
1317,2024,500,0,0,,,,0,1,0,1,0
1317,2024,600,0,0,,,,0,0,0,1,0
1317,2024,700,0,0,,,,0,0,0,1,0
1318,2024,100,1,1,,,No Previous Data,1,1,1,1,1
1318,2024,200,0,0,,,,0,0,1,1,0
1318,2024,300,0,0,,,,0,0,1,1,0
1318,2024,400,0,0,,,,0,0,0,1,0
1318,2024,500,0,0,,,,0,0,0,0,0
1318,2024,600,0,0,,,,0,0,0,1,0
1318,2024,700,0,0,,,,0,0,0,1,0
1319,2024,100,0,0,,,,1,1,1,1,1
1319,2024,200,1,1,,,No Previous Data,1,1,1,1,1
1319,2024,300,0,0,,,,0,1,0,1,0
1319,2024,400,0,0,,,,0,0,0,1,0
1319,2024,500,0,0,,,,0,0,0,0,0
1319,2024,600,0,0,,,,0,0,0,1,0
1319,2024,700,0,0,,,,0,0,0,1,0
1320,2024,100,0,0,,,,0,1,1,1,0
1320,2024,200,0,1,,,No Previous Data,1,1,0,1,1
1320,2024,300,1,0,,,,0,0,1,1,0
1320,2024,400,0,0,,,,0,0,1,1,0
1320,2024,500,0,0,,,,0,0,0,1,0
1320,2024,600,0,0,,,,0,1,0,1,0
1320,2024,700,0,0,,,,0,0,1,1,0
1321,2024,100,0,0,,,,0,1,1,1,0
1321,2024,200,0,0,,,,0,0,0,1,0
1321,2024,300,1,1,,,No Previous Data,1,1,1,1,1
1321,2024,400,0,0,,,,0,0,0,1,0
1321,2024,500,0,0,,,,0,0,0,1,0
1321,2024,600,0,0,,,,0,0,0,1,0
1321,2024,700,0,0,,,,0,0,0,1,0
1322,2024,100,0,0,,,,0,1,0,1,0
1322,2024,200,1,0,,,,0,0,1,1,0
1322,2024,300,0,0,,,,1,1,0,1,1
1322,2024,400,0,0,,,,1,1,0,1,1
1322,2024,500,0,0,,,,0,0,0,1,0
1322,2024,600,0,0,,,,0,0,0,1,0
1322,2024,700,0,1,300.0,Không Độ,Switched,1,1,0,1,0
1323,2024,100,0,0,,,,0,0,0,0,0
1323,2024,200,1,1,700.0,Khác,Switched,1,1,1,1,1
1323,2024,300,0,0,,,,0,0,0,0,0
1323,2024,400,0,0,,,,0,0,0,0,0
1323,2024,500,0,0,,,,0,0,0,0,0
1323,2024,600,0,0,,,,0,0,0,0,0
1323,2024,700,0,0,,,,0,1,0,1,0
1324,2024,100,0,0,,,,1,1,0,1,1
1324,2024,200,0,1,300.0,Không Độ,Switched,1,1,0,1,1
1324,2024,300,1,0,,,,1,1,1,1,1
1324,2024,400,0,0,,,,1,1,0,1,1
1324,2024,500,0,0,,,,1,1,0,1,1
1324,2024,600,0,0,,,,0,0,0,0,0
1324,2024,700,0,0,,,,0,1,0,1,0
1325,2024,100,1,1,700.0,Khác,Switched,1,1,1,1,1
1325,2024,200,0,0,,,,0,0,1,1,0
1325,2024,300,0,0,,,,0,0,1,1,0
1325,2024,400,0,0,,,,0,0,0,1,0
1325,2024,500,0,0,,,,0,0,0,1,0
1325,2024,600,0,0,,,,0,0,0,1,0
1325,2024,700,0,0,,,,1,1,0,1,1
1326,2024,100,0,0,,,,0,0,1,1,0
1326,2024,200,0,0,,,,0,0,0,1,0
1326,2024,300,1,1,400.0,Cozy,Switched,1,1,1,1,1
1326,2024,400,0,0,,,,1,1,0,1,1
1326,2024,500,0,0,,,,0,1,0,1,0
1326,2024,600,0,0,,,,0,0,0,0,0
1326,2024,700,0,0,,,,1,0,0,1,0
1327,2024,100,0,0,,,,1,1,1,1,1
1327,2024,200,1,1,,,No Previous Data,1,1,1,1,1
1327,2024,300,0,0,,,,0,1,1,1,0
1327,2024,400,0,0,,,,1,0,0,1,0
1327,2024,500,0,0,,,,0,0,0,0,0
1327,2024,600,0,0,,,,0,0,0,1,0
1327,2024,700,0,0,,,,0,1,0,1,0
1328,2024,100,1,1,,,No Previous Data,1,1,1,1,1
1328,2024,200,0,0,,,,0,1,1,1,0
1328,2024,300,0,0,,,,0,0,1,1,0
1328,2024,400,0,0,,,,0,0,0,1,0
1328,2024,500,0,0,,,,0,0,0,1,0
1328,2024,600,0,0,,,,0,0,0,1,0
1328,2024,700,0,0,,,,0,0,0,1,0
1329,2024,100,0,0,,,,0,0,0,1,0
1329,2024,200,0,0,,,,1,1,1,1,1
1329,2024,300,1,1,200.0,Olong Tea Plus,Switched,1,1,1,1,1
1329,2024,400,0,0,,,,0,1,0,1,0
1329,2024,500,0,0,,,,0,0,0,0,0
1329,2024,600,0,0,,,,0,0,0,1,0
1329,2024,700,0,0,,,,0,0,0,1,0
1330,2024,100,0,0,,,,1,1,1,1,1
1330,2024,200,0,0,,,,1,1,1,1,1
1330,2024,300,1,1,,,No Previous Data,1,1,1,1,1
1330,2024,400,0,0,,,,0,1,0,1,0
1330,2024,500,0,0,,,,0,0,0,0,0
1330,2024,600,0,0,,,,0,0,0,1,0
1330,2024,700,0,0,,,,0,0,0,1,0
1331,2024,100,0,0,,,,0,0,1,1,0
1331,2024,200,1,1,,,No Previous Data,1,1,1,1,1
1331,2024,300,0,0,,,,0,0,0,1,0
1331,2024,400,0,0,,,,0,0,0,1,0
1331,2024,500,0,0,,,,0,0,0,1,0
1331,2024,600,0,0,,,,0,1,1,1,0
1331,2024,700,0,0,,,,0,0,0,1,0
1332,2024,100,0,0,,,,1,1,1,1,1
1332,2024,200,1,1,,,No Previous Data,1,1,1,1,1
1332,2024,300,0,0,,,,0,1,0,1,0
1332,2024,400,0,0,,,,0,0,0,1,0
1332,2024,500,0,0,,,,0,0,0,0,0
1332,2024,600,0,0,,,,0,0,0,0,0
1332,2024,700,0,0,,,,0,0,0,1,0
1333,2024,100,1,0,,,,1,1,1,1,1
1333,2024,200,0,0,,,,1,1,0,1,1
1333,2024,300,0,0,,,,1,1,0,1,0
1333,2024,400,0,1,,,No Previous Data,1,1,1,1,1
1333,2024,500,0,0,,,,0,0,0,0,0
1333,2024,600,0,0,,,,0,0,0,1,0
1333,2024,700,0,0,,,,1,1,0,1,1
1334,2024,100,1,1,700.0,Khác,Switched,1,1,1,1,1
1334,2024,200,0,0,,,,1,0,1,1,0
1334,2024,300,0,0,,,,1,0,1,1,0
1334,2024,400,0,0,,,,0,0,0,1,0
1334,2024,500,0,0,,,,0,0,0,1,0
1334,2024,600,0,0,,,,0,0,0,1,0
1334,2024,700,0,0,,,,1,1,0,1,1
1335,2024,100,1,1,,,No Previous Data,1,1,1,1,1
1335,2024,200,0,0,,,,1,1,1,1,1
1335,2024,300,0,0,,,,0,1,1,1,0
1335,2024,400,0,0,,,,0,0,0,1,0
1335,2024,500,0,0,,,,0,0,0,1,0
1335,2024,600,0,0,,,,0,0,0,0,0
1335,2024,700,0,0,,,,0,0,0,1,0
1336,2024,100,0,0,,,,0,0,1,1,0
1336,2024,200,1,1,,,No Previous Data,1,1,1,1,1
1336,2024,300,0,0,,,,1,1,1,1,1
1336,2024,400,0,0,,,,0,0,0,1,0
1336,2024,500,0,0,,,,0,0,0,0,0
1336,2024,600,0,0,,,,0,0,0,1,0
1336,2024,700,0,0,,,,1,1,0,1,1
1337,2024,100,1,1,,,No Previous Data,1,1,1,1,1
1337,2024,200,0,0,,,,0,0,1,1,0
1337,2024,300,0,0,,,,0,0,1,1,0
1337,2024,400,0,0,,,,1,1,1,1,1
1337,2024,500,0,0,,,,0,0,0,0,0
1337,2024,600,0,0,,,,0,0,0,1,0
1337,2024,700,0,0,,,,0,0,0,1,0
1338,2024,100,1,1,,,No Previous Data,1,1,1,1,1
1338,2024,200,0,0,,,,1,1,1,1,1
1338,2024,300,0,0,,,,1,1,0,1,0
1338,2024,400,0,0,,,,0,0,0,1,0
1338,2024,500,0,0,,,,0,0,0,1,0
1338,2024,600,0,0,,,,0,0,0,0,0
1338,2024,700,0,0,,,,0,0,0,1,0
1339,2024,100,0,0,,,,1,0,1,1,0
1339,2024,200,0,0,,,,1,1,1,1,1
1339,2024,300,1,1,,,No Previous Data,1,1,1,1,1
1339,2024,400,0,0,,,,0,0,1,1,0
1339,2024,500,0,0,,,,0,0,0,1,0
1339,2024,600,0,0,,,,0,0,0,1,0
1339,2024,700,0,0,,,,0,0,0,1,0
1340,2024,100,0,0,,,,0,1,1,1,0
1340,2024,200,1,1,,,No Previous Data,1,1,1,1,1
1340,2024,300,0,0,,,,0,1,1,1,0
1340,2024,400,0,0,,,,0,0,0,0,0
1340,2024,500,0,0,,,,0,0,0,1,0
1340,2024,600,0,0,,,,0,0,0,0,0
1340,2024,700,0,0,,,,0,0,0,1,0
1341,2024,100,1,1,200.0,Olong Tea Plus,Switched,1,1,1,1,1
1341,2024,200,0,0,,,,0,0,1,1,0
1341,2024,300,0,0,,,,1,1,1,1,0
1341,2024,400,0,0,,,,0,1,0,1,0
1341,2024,500,0,0,,,,0,1,0,1,0
1341,2024,600,0,0,,,,0,0,0,1,0
1341,2024,700,0,0,,,,0,1,0,1,0
1342,2024,100,0,0,,,,1,1,1,1,1
1342,2024,200,1,1,,,No Previous Data,1,1,1,1,1
1342,2024,300,0,0,,,,0,1,1,1,0
1342,2024,400,0,0,,,,0,0,0,0,0
1342,2024,500,0,0,,,,0,0,0,0,0
1342,2024,600,0,0,,,,0,0,0,1,0
1342,2024,700,0,0,,,,0,0,0,0,0
1343,2024,100,1,1,,,No Previous Data,1,1,1,1,1
1343,2024,200,0,0,,,,0,1,1,1,0
1343,2024,300,0,0,,,,1,1,1,1,1
1343,2024,400,0,0,,,,0,0,1,1,0
1343,2024,500,0,0,,,,0,1,0,1,0
1343,2024,600,0,0,,,,0,1,0,1,0
1343,2024,700,0,0,,,,0,1,0,1,0
1344,2024,100,1,1,,,No Previous Data,1,1,1,1,1
1344,2024,200,0,0,,,,1,0,0,1,0
1344,2024,300,0,0,,,,1,1,1,1,1
1344,2024,400,0,0,,,,0,1,0,1,0
1344,2024,500,0,0,,,,0,0,0,0,0
1344,2024,600,0,0,,,,0,0,0,1,0
1344,2024,700,0,0,,,,1,0,0,1,0
1345,2024,100,0,0,,,,1,1,1,1,0
1345,2024,200,1,0,,,,1,1,1,1,1
1345,2024,300,0,0,,,,0,1,0,1,0
1345,2024,400,0,0,,,,0,0,0,1,0
1345,2024,500,0,0,,,,0,0,0,0,0
1345,2024,600,0,0,,,,0,0,0,1,0
1345,2024,700,0,1,,,No Previous Data,1,1,1,1,1
1346,2024,100,1,1,,,No Previous Data,1,1,1,1,1
1346,2024,200,0,0,,,,0,1,0,1,0
1346,2024,300,0,0,,,,0,1,0,1,0
1346,2024,400,0,0,,,,1,1,1,1,1
1346,2024,500,0,0,,,,0,0,0,0,0
1346,2024,600,0,0,,,,0,0,0,1,0
1346,2024,700,0,0,,,,0,0,0,1,0
1347,2024,100,0,0,,,,1,1,1,1,1
1347,2024,200,1,1,,,No Previous Data,1,1,1,1,1
1347,2024,300,0,0,,,,0,0,0,1,0
1347,2024,400,0,0,,,,0,0,1,1,0
1347,2024,500,0,0,,,,0,0,0,1,0
1347,2024,600,0,0,,,,0,0,0,1,0
1347,2024,700,0,0,,,,0,1,0,1,0
1348,2024,100,0,0,,,,1,1,1,1,0
1348,2024,200,1,1,,,No Previous Data,1,1,1,1,1
1348,2024,300,0,0,,,,0,1,0,1,0
1348,2024,400,0,0,,,,0,0,0,1,0
1348,2024,500,0,0,,,,0,0,0,0,0
1348,2024,600,0,0,,,,0,0,0,1,0
1348,2024,700,0,0,,,,0,0,0,1,0
1349,2024,100,0,0,,,,1,1,0,1,1
1349,2024,200,0,0,,,,1,1,1,1,1
1349,2024,300,1,1,,,No Previous Data,1,1,1,1,1
1349,2024,400,0,0,,,,1,1,0,1,1
1349,2024,500,0,0,,,,0,0,0,0,0
1349,2024,600,0,0,,,,0,0,0,1,0
1349,2024,700,0,0,,,,0,0,0,1,0
1350,2024,100,0,0,,,,0,0,1,1,0
1350,2024,200,1,1,,,No Previous Data,1,1,1,1,1
1350,2024,300,0,0,,,,0,1,1,1,0
1350,2024,400,0,0,,,,0,0,0,1,0
1350,2024,500,0,0,,,,0,0,0,0,0
1350,2024,600,0,0,,,,0,0,0,1,0
1350,2024,700,0,0,,,,0,0,0,1,0
1351,2024,100,0,0,,,,0,0,0,0,0
1351,2024,200,0,0,,,,0,0,0,1,0
1351,2024,300,1,1,200.0,Olong Tea Plus,Switched,1,1,1,1,1
1351,2024,400,0,0,,,,0,0,0,1,0
1351,2024,500,0,0,,,,0,0,0,1,0
1351,2024,600,0,0,,,,0,0,0,1,0
1351,2024,700,0,0,,,,0,1,0,1,0
1352,2024,100,0,0,,,,1,1,1,1,1
1352,2024,200,1,1,300.0,Không Độ,Switched,1,1,1,1,1
1352,2024,300,0,0,,,,1,1,1,1,1
1352,2024,400,0,0,,,,0,0,0,1,0
1352,2024,500,0,0,,,,0,0,0,1,0
1352,2024,600,0,0,,,,0,0,0,1,0
1352,2024,700,0,0,,,,1,1,0,1,0
1353,2024,100,1,1,700.0,Khác,Switched,1,1,1,1,1
1353,2024,200,0,0,,,,1,0,1,1,0
1353,2024,300,0,0,,,,1,1,0,1,1
1353,2024,400,0,0,,,,0,0,0,1,0
1353,2024,500,0,0,,,,0,0,0,1,0
1353,2024,600,0,0,,,,0,0,0,1,0
1353,2024,700,0,0,,,,1,1,0,1,1
1354,2024,100,1,1,200.0,Olong Tea Plus,Switched,1,1,1,1,1
1354,2024,200,0,0,,,,1,1,0,1,1
1354,2024,300,0,0,,,,1,1,0,1,0
1354,2024,400,0,0,,,,0,0,0,1,0
1354,2024,500,0,0,,,,0,0,0,0,0
1354,2024,600,0,0,,,,0,0,0,0,0
1354,2024,700,0,0,,,,0,0,0,1,0
1355,2024,100,1,1,,,No Previous Data,1,1,1,1,1
1355,2024,200,0,0,,,,1,1,1,1,1
1355,2024,300,0,0,,,,0,0,1,1,0
1355,2024,400,0,0,,,,0,0,0,1,0
1355,2024,500,0,0,,,,0,0,0,0,0
1355,2024,600,0,0,,,,0,0,0,0,0
1355,2024,700,0,0,,,,0,0,0,1,0
1356,2024,100,1,1,,,No Previous Data,1,1,1,1,1
1356,2024,200,0,0,,,,1,1,1,1,0
1356,2024,300,0,0,,,,0,0,0,1,0
1356,2024,400,0,0,,,,1,1,1,1,1
1356,2024,500,0,0,,,,0,0,0,0,0
1356,2024,600,0,0,,,,0,0,0,0,0
1356,2024,700,0,0,,,,0,0,0,1,0
1357,2024,100,1,1,,,No Previous Data,1,1,1,1,1
1357,2024,200,0,0,,,,1,1,0,1,1
1357,2024,300,0,0,,,,0,1,0,1,0
1357,2024,400,0,0,,,,0,0,0,1,0
1357,2024,500,0,0,,,,0,0,0,0,0
1357,2024,600,0,0,,,,0,0,0,1,0
1357,2024,700,0,0,,,,0,0,0,0,0
1358,2024,100,1,1,,,No Previous Data,1,1,1,1,1
1358,2024,200,0,0,,,,1,1,1,1,0
1358,2024,300,0,0,,,,0,1,0,1,0
1358,2024,400,0,0,,,,0,0,0,1,0
1358,2024,500,0,0,,,,0,0,0,1,0
1358,2024,600,0,0,,,,0,0,0,0,0
1358,2024,700,0,0,,,,0,0,0,1,0
1359,2024,100,0,0,,,,0,0,1,1,0
1359,2024,200,0,0,,,,1,1,1,1,1
1359,2024,300,0,0,,,,1,1,0,1,1
1359,2024,400,0,0,,,,0,0,1,1,0
1359,2024,500,0,0,,,,0,0,0,0,0
1359,2024,600,0,0,,,,0,1,0,1,0
1359,2024,700,1,1,200.0,Olong Tea Plus,Switched,1,1,1,1,0
1360,2024,100,0,0,,,,1,1,1,1,0
1360,2024,200,1,1,,,No Previous Data,1,1,1,1,1
1360,2024,300,0,0,,,,1,1,1,1,1
1360,2024,400,0,0,,,,0,0,0,1,0
1360,2024,500,0,0,,,,0,0,0,0,0
1360,2024,600,0,0,,,,0,1,0,1,0
1360,2024,700,0,0,,,,0,0,0,1,0
1361,2024,100,0,0,,,,1,1,0,1,1
1361,2024,200,0,1,500.0,Boncha,Switched,1,1,0,1,1
1361,2024,300,0,0,,,,1,0,0,1,0
1361,2024,400,0,0,,,,1,0,0,1,0
1361,2024,500,1,0,,,,0,1,1,1,0
1361,2024,600,0,0,,,,0,0,0,1,0
1361,2024,700,0,0,,,,0,1,0,1,0
1362,2024,100,0,0,,,,0,0,0,0,0
1362,2024,200,0,0,,,,0,1,0,1,0
1362,2024,300,1,1,400.0,Cozy,Switched,1,1,1,1,1
1362,2024,400,0,0,,,,0,0,0,1,0
1362,2024,500,0,0,,,,0,0,0,0,0
1362,2024,600,0,0,,,,0,0,0,0,0
1362,2024,700,0,0,,,,0,0,0,0,0
1363,2024,100,0,0,,,,0,0,1,1,0
1363,2024,200,1,0,,,,1,1,1,1,1
1363,2024,300,0,1,200.0,Olong Tea Plus,Switched,1,1,1,1,1
1363,2024,400,0,0,,,,0,0,0,1,0
1363,2024,500,0,0,,,,0,1,0,1,0
1363,2024,600,0,0,,,,0,1,0,1,0
1363,2024,700,0,0,,,,0,0,0,1,0
1364,2024,100,0,0,,,,0,0,0,1,0
1364,2024,200,0,0,,,,1,1,1,1,0
1364,2024,300,0,0,,,,1,1,1,1,1
1364,2024,400,1,1,300.0,Không Độ,Switched,1,1,1,1,1
1364,2024,500,0,0,,,,0,0,0,1,0
1364,2024,600,0,0,,,,0,0,0,1,0
1364,2024,700,0,0,,,,1,0,0,1,0
1365,2024,100,0,0,,,,1,1,1,1,1
1365,2024,200,0,0,,,,1,1,1,1,1
1365,2024,300,0,0,,,,1,1,1,1,1
1365,2024,400,1,1,300.0,Không Độ,Switched,1,1,1,1,1
1365,2024,500,0,0,,,,1,0,0,1,0
1365,2024,600,0,0,,,,1,0,0,1,0
1365,2024,700,0,0,,,,1,1,0,1,0
1366,2024,100,1,1,,,No Previous Data,1,1,1,1,1
1366,2024,200,0,0,,,,0,1,1,1,0
1366,2024,300,0,0,,,,0,1,1,1,0
1366,2024,400,0,0,,,,0,0,0,1,0
1366,2024,500,0,0,,,,0,1,0,1,0
1366,2024,600,0,0,,,,0,1,0,1,0
1366,2024,700,0,0,,,,0,1,0,1,0
1367,2024,100,1,1,,,No Previous Data,1,1,1,1,1
1367,2024,200,0,0,,,,0,1,1,1,0
1367,2024,300,0,0,,,,0,1,1,1,0
1367,2024,400,0,0,,,,0,0,1,1,0
1367,2024,500,0,0,,,,0,1,0,1,0
1367,2024,600,0,0,,,,0,0,1,1,0
1367,2024,700,0,0,,,,0,0,0,1,0
1368,2024,100,1,1,300.0,Không Độ,Switched,1,1,1,1,1
1368,2024,200,0,0,,,,0,0,0,0,0
1368,2024,300,0,0,,,,1,1,1,1,0
1368,2024,400,0,0,,,,0,0,0,1,0
1368,2024,500,0,0,,,,0,0,0,1,0
1368,2024,600,0,0,,,,0,0,0,0,0
1368,2024,700,0,0,,,,0,1,0,1,0
1369,2024,100,0,0,,,,0,1,0,1,0
1369,2024,200,0,0,,,,0,0,1,1,0
1369,2024,300,1,0,,,,1,1,1,1,1
1369,2024,400,0,0,,,,1,0,1,1,0
1369,2024,500,0,1,100.0,C2,Switched,1,1,0,1,1
1369,2024,600,0,0,,,,0,0,0,0,0
1369,2024,700,0,0,,,,1,1,0,1,1
1370,2024,100,0,0,,,,0,1,1,1,0
1370,2024,200,1,1,,,No Previous Data,1,1,1,1,1
1370,2024,300,0,0,,,,1,1,1,1,1
1370,2024,400,0,0,,,,0,0,0,1,0
1370,2024,500,0,0,,,,0,0,0,0,0
1370,2024,600,0,0,,,,0,0,0,1,0
1370,2024,700,0,0,,,,0,0,0,1,0
1371,2024,100,0,0,,,,0,0,1,1,0
1371,2024,200,1,1,100.0,C2,Switched,1,1,1,1,1
1371,2024,300,0,0,,,,0,0,0,1,0
1371,2024,400,0,0,,,,0,0,0,1,0
1371,2024,500,0,0,,,,0,1,0,1,0
1371,2024,600,0,0,,,,0,0,0,0,0
1371,2024,700,0,0,,,,0,0,0,1,0
1372,2024,100,1,1,,,No Previous Data,1,1,1,1,1
1372,2024,200,0,0,,,,0,1,1,1,0
1372,2024,300,0,0,,,,1,1,1,1,1
1372,2024,400,0,0,,,,0,0,0,1,0
1372,2024,500,0,0,,,,0,0,0,1,0
1372,2024,600,0,0,,,,0,0,0,1,0
1372,2024,700,0,0,,,,1,0,0,1,0
1373,2024,100,0,0,,,,0,1,1,1,0
1373,2024,200,0,0,,,,1,1,1,1,1
1373,2024,300,1,1,200.0,Olong Tea Plus,Switched,1,1,1,1,1
1373,2024,400,0,0,,,,0,0,0,1,0
1373,2024,500,0,0,,,,0,0,0,0,0
1373,2024,600,0,0,,,,0,0,0,0,0
1373,2024,700,0,0,,,,0,0,0,1,0
1374,2024,100,1,1,,,No Previous Data,1,1,1,1,1
1374,2024,200,0,0,,,,0,1,1,1,0
1374,2024,300,0,0,,,,0,0,1,1,0
1374,2024,400,0,0,,,,0,0,1,1,0
1374,2024,500,0,0,,,,0,0,0,0,0
1374,2024,600,0,0,,,,0,0,0,1,0
1374,2024,700,0,0,,,,0,0,0,1,0
1375,2024,100,0,0,,,,0,1,1,1,0
1375,2024,200,0,0,,,,1,1,1,1,1
1375,2024,300,1,1,,,No Previous Data,1,1,1,1,1
1375,2024,400,0,0,,,,0,0,0,1,0
1375,2024,500,0,0,,,,0,0,0,1,0
1375,2024,600,0,0,,,,0,0,0,1,0
1375,2024,700,0,0,,,,0,1,0,1,0
1376,2024,100,1,1,,,No Previous Data,1,1,1,1,1
1376,2024,200,0,0,,,,1,1,1,1,1
1376,2024,300,0,0,,,,0,1,0,1,0
1376,2024,400,0,0,,,,0,0,0,1,0
1376,2024,500,0,0,,,,0,0,0,1,0
1376,2024,600,0,0,,,,0,0,0,1,0
1376,2024,700,0,0,,,,0,0,0,1,0
1377,2024,100,1,1,,,No Previous Data,1,1,1,1,1
1377,2024,200,0,0,,,,1,1,1,1,1
1377,2024,300,0,0,,,,1,0,1,1,0
1377,2024,400,0,0,,,,0,0,0,1,0
1377,2024,500,0,0,,,,0,0,0,0,0
1377,2024,600,0,0,,,,0,0,0,1,0
1377,2024,700,0,0,,,,0,0,0,0,0
1378,2024,100,1,1,,,No Previous Data,1,1,1,1,1
1378,2024,200,0,0,,,,1,1,1,1,1
1378,2024,300,0,0,,,,0,1,0,1,0
1378,2024,400,0,0,,,,0,0,0,1,0
1378,2024,500,0,0,,,,0,0,0,1,0
1378,2024,600,0,0,,,,0,0,0,0,0
1378,2024,700,0,0,,,,0,0,0,1,0
1379,2024,100,0,0,,,,0,1,1,1,0
1379,2024,200,1,1,,,No Previous Data,1,1,1,1,1
1379,2024,300,0,0,,,,0,0,0,1,0
1379,2024,400,0,0,,,,0,0,0,1,0
1379,2024,500,0,0,,,,0,0,0,1,0
1379,2024,600,0,0,,,,0,0,0,1,0
1379,2024,700,0,0,,,,1,0,0,1,0
1380,2024,100,0,0,,,,1,1,1,1,1
1380,2024,200,0,0,,,,0,0,1,1,0
1380,2024,300,0,0,,,,0,0,0,1,0
1380,2024,400,1,1,,,No Previous Data,1,1,1,1,1
1380,2024,500,0,0,,,,0,0,0,1,0
1380,2024,600,0,0,,,,0,0,0,1,0
1380,2024,700,0,0,,,,0,0,0,1,0
1381,2024,100,1,1,,,No Previous Data,1,1,1,1,1
1381,2024,200,0,0,,,,1,1,1,1,1
1381,2024,300,0,0,,,,1,1,0,1,1
1381,2024,400,0,0,,,,0,0,0,1,0
1381,2024,500,0,0,,,,0,0,0,0,0
1381,2024,600,0,0,,,,0,0,0,1,0
1381,2024,700,0,0,,,,0,0,0,1,0
1382,2024,100,1,1,,,No Previous Data,1,1,1,1,1
1382,2024,200,0,0,,,,1,1,1,1,1
1382,2024,300,0,0,,,,0,0,1,1,0
1382,2024,400,0,0,,,,0,0,0,1,0
1382,2024,500,0,0,,,,0,0,0,0,0
1382,2024,600,0,0,,,,0,0,0,0,0
1382,2024,700,0,0,,,,0,1,0,1,0
1383,2024,100,0,0,,,,0,0,1,1,0
1383,2024,200,1,1,700.0,Khác,Switched,1,1,1,1,1
1383,2024,300,0,0,,,,1,1,1,1,1
1383,2024,400,0,0,,,,0,0,1,1,0
1383,2024,500,0,0,,,,0,0,0,1,0
1383,2024,600,0,0,,,,0,0,0,1,0
1383,2024,700,0,0,,,,1,1,1,1,1
1384,2024,100,0,0,,,,1,0,0,1,0
1384,2024,200,1,1,,,No Previous Data,1,1,1,1,1
1384,2024,300,0,0,,,,0,0,0,1,0
1384,2024,400,0,0,,,,0,0,0,1,0
1384,2024,500,0,0,,,,0,0,0,0,0
1384,2024,600,0,0,,,,1,1,0,1,1
1384,2024,700,0,0,,,,0,0,0,1,0
1385,2024,100,0,0,,,,1,1,1,1,1
1385,2024,200,1,1,,,No Previous Data,1,1,1,1,1
1385,2024,300,0,0,,,,1,0,0,1,0
1385,2024,400,0,0,,,,0,0,1,1,0
1385,2024,500,0,0,,,,0,0,0,0,0
1385,2024,600,0,0,,,,0,0,0,1,0
1385,2024,700,0,0,,,,1,1,0,1,0
1386,2024,100,0,0,,,,0,0,0,1,0
1386,2024,200,1,1,,,No Previous Data,1,1,1,1,1
1386,2024,300,0,0,,,,0,0,0,1,0
1386,2024,400,0,0,,,,1,1,1,1,1
1386,2024,500,0,0,,,,0,0,0,1,0
1386,2024,600,0,0,,,,1,0,0,1,0
1386,2024,700,0,0,,,,0,0,0,0,0
1387,2024,100,1,1,,,No Previous Data,1,1,1,1,1
1387,2024,200,0,0,,,,0,1,1,1,0
1387,2024,300,0,0,,,,1,1,1,1,0
1387,2024,400,0,0,,,,1,1,1,1,1
1387,2024,500,0,0,,,,0,1,0,1,0
1387,2024,600,0,0,,,,0,1,0,1,0
1387,2024,700,0,0,,,,0,1,0,1,0
1388,2024,100,0,0,,,,1,1,1,1,1
1388,2024,200,1,1,,,No Previous Data,1,1,1,1,1
1388,2024,300,0,0,,,,0,0,0,1,0
1388,2024,400,0,0,,,,0,0,1,1,0
1388,2024,500,0,0,,,,0,0,0,0,0
1388,2024,600,0,0,,,,0,0,0,0,0
1388,2024,700,0,0,,,,0,0,0,0,0
1389,2024,100,0,0,,,,0,0,1,1,0
1389,2024,200,0,0,,,,1,1,1,1,1
1389,2024,300,0,0,,,,1,1,0,1,1
1389,2024,400,1,1,200.0,Olong Tea Plus,Switched,1,1,1,1,1
1389,2024,500,0,0,,,,0,0,0,1,0
1389,2024,600,0,0,,,,0,0,0,0,0
1389,2024,700,0,0,,,,0,0,1,1,0
1390,2024,100,1,1,,,No Previous Data,1,1,1,1,1
1390,2024,200,0,0,,,,1,1,0,1,1
1390,2024,300,0,0,,,,1,1,0,1,0
1390,2024,400,0,0,,,,0,1,0,1,0
1390,2024,500,0,0,,,,0,0,0,0,0
1390,2024,600,0,0,,,,0,0,0,0,0
1390,2024,700,0,0,,,,0,0,0,0,0
1391,2024,100,1,1,,,No Previous Data,1,1,1,1,1
1391,2024,200,0,0,,,,0,1,1,1,0
1391,2024,300,0,0,,,,0,0,0,1,0
1391,2024,400,0,0,,,,0,0,0,1,0
1391,2024,500,0,0,,,,0,0,0,1,0
1391,2024,600,0,0,,,,0,0,0,1,0
1391,2024,700,0,0,,,,0,0,0,1,0
1392,2024,100,0,0,,,,0,0,1,1,0
1392,2024,200,0,0,,,,0,0,1,1,0
1392,2024,300,1,0,,,,0,1,1,1,0
1392,2024,400,0,0,,,,1,1,0,1,1
1392,2024,500,0,1,300.0,Không Độ,Switched,1,1,0,1,1
1392,2024,600,0,0,,,,0,0,0,0,0
1392,2024,700,0,0,,,,0,0,0,1,0
1393,2024,100,0,0,,,,0,1,1,1,0
1393,2024,200,0,0,,,,1,1,1,1,1
1393,2024,300,1,1,,,No Previous Data,1,1,1,1,1
1393,2024,400,0,0,,,,0,0,0,1,0
1393,2024,500,0,0,,,,0,0,0,0,0
1393,2024,600,0,0,,,,0,0,0,1,0
1393,2024,700,0,0,,,,0,1,0,1,0
1394,2024,100,0,0,,,,0,0,0,1,0
1394,2024,200,0,1,400.0,Cozy,Switched,1,1,0,1,1
1394,2024,300,1,0,,,,1,1,1,1,1
1394,2024,400,0,0,,,,1,0,0,1,0
1394,2024,500,0,0,,,,0,1,0,1,0
1394,2024,600,0,0,,,,0,1,0,1,0
1394,2024,700,0,0,,,,0,1,0,1,0
1395,2024,100,0,0,,,,0,1,1,1,0
1395,2024,200,0,0,,,,0,1,1,1,0
1395,2024,300,1,1,600.0,Dr. Thanh,Switched,1,1,1,1,1
1395,2024,400,0,0,,,,0,0,0,1,0
1395,2024,500,0,0,,,,0,0,0,1,0
1395,2024,600,0,0,,,,0,0,0,1,0
1395,2024,700,0,0,,,,1,1,1,1,0
1396,2024,100,0,0,,,,0,0,0,1,0
1396,2024,200,0,0,,,,1,1,0,1,1
1396,2024,300,0,0,,,,1,1,1,1,1
1396,2024,400,1,1,200.0,Olong Tea Plus,Switched,1,1,1,1,1
1396,2024,500,0,0,,,,0,0,0,0,0
1396,2024,600,0,0,,,,0,0,0,1,0
1396,2024,700,0,0,,,,0,1,0,1,0
1397,2024,100,0,0,,,,1,1,1,1,0
1397,2024,200,1,1,,,No Previous Data,1,1,1,1,1
1397,2024,300,0,0,,,,0,1,0,1,0
1397,2024,400,0,0,,,,0,0,1,1,0
1397,2024,500,0,0,,,,0,0,0,0,0
1397,2024,600,0,0,,,,0,0,0,1,0
1397,2024,700,0,0,,,,0,0,0,1,0
1398,2024,100,1,1,,,No Previous Data,1,1,1,1,1
1398,2024,200,0,0,,,,1,1,1,1,1
1398,2024,300,0,0,,,,0,0,0,0,0
1398,2024,400,0,0,,,,0,0,0,1,0
1398,2024,500,0,0,,,,0,0,0,0,0
1398,2024,600,0,0,,,,0,0,0,0,0
1398,2024,700,0,0,,,,0,0,0,1,0
1399,2024,100,0,0,,,,1,0,0,1,0
1399,2024,200,0,0,,,,1,1,1,1,0
1399,2024,300,1,1,100.0,C2,Switched,1,1,1,1,1
1399,2024,400,0,0,,,,1,1,1,1,1
1399,2024,500,0,0,,,,0,0,0,0,0
1399,2024,600,0,0,,,,0,0,0,1,0
1399,2024,700,0,0,,,,1,1,0,1,1
1400,2024,100,0,0,,,,0,0,0,1,0
1400,2024,200,1,1,,,No Previous Data,1,1,1,1,1
1400,2024,300,0,0,,,,0,0,0,1,0
1400,2024,400,0,0,,,,0,0,0,1,0
1400,2024,500,0,0,,,,0,0,0,0,0
1400,2024,600,0,0,,,,1,1,1,1,1
1400,2024,700,0,0,,,,0,0,0,1,0
1401,2024,100,0,0,,,,1,1,1,1,0
1401,2024,200,0,0,,,,0,0,1,1,0
1401,2024,300,1,1,200.0,Olong Tea Plus,Switched,1,1,1,1,1
1401,2024,400,0,0,,,,0,0,0,1,0
1401,2024,500,0,0,,,,0,0,0,0,0
1401,2024,600,0,0,,,,0,0,0,1,0
1401,2024,700,0,0,,,,1,1,0,1,0
1402,2024,100,1,1,,,No Previous Data,1,1,1,1,1
1402,2024,200,0,0,,,,1,1,1,1,0
1402,2024,300,0,0,,,,1,1,1,1,1
1402,2024,400,0,0,,,,0,0,0,1,0
1402,2024,500,0,0,,,,0,0,0,0,0
1402,2024,600,0,0,,,,1,0,0,1,0
1402,2024,700,0,0,,,,0,1,0,1,0
1403,2024,100,0,0,,,,1,1,1,1,0
1403,2024,200,0,0,,,,1,1,1,1,0
1403,2024,300,1,1,,,No Previous Data,1,1,1,1,1
1403,2024,400,0,0,,,,0,0,0,1,0
1403,2024,500,0,0,,,,0,0,0,1,0
1403,2024,600,0,0,,,,0,1,0,1,0
1403,2024,700,0,0,,,,0,0,0,1,0
1404,2024,100,0,0,,,,1,1,1,1,1
1404,2024,200,1,1,,,No Previous Data,1,1,1,1,1
1404,2024,300,0,0,,,,0,0,0,1,0
1404,2024,400,0,0,,,,1,0,0,1,0
1404,2024,500,0,0,,,,0,0,0,0,0
1404,2024,600,0,0,,,,1,0,0,1,0
1404,2024,700,0,0,,,,0,0,0,1,0
1405,2024,100,0,0,,,,0,0,0,0,0
1405,2024,200,0,0,,,,1,1,1,1,1
1405,2024,300,1,1,200.0,Olong Tea Plus,Switched,1,1,1,1,1
1405,2024,400,0,0,,,,0,0,0,0,0
1405,2024,500,0,0,,,,0,0,0,0,0
1405,2024,600,0,0,,,,0,0,0,0,0
1405,2024,700,0,0,,,,0,0,0,0,0
1406,2024,100,0,0,,,,1,1,1,1,1
1406,2024,200,0,0,,,,0,1,1,1,0
1406,2024,300,1,1,,,No Previous Data,1,1,1,1,1
1406,2024,400,0,0,,,,0,0,0,1,0
1406,2024,500,0,0,,,,0,0,0,0,0
1406,2024,600,0,0,,,,0,0,0,1,0
1406,2024,700,0,0,,,,0,1,0,1,0
1407,2024,100,1,1,,,No Previous Data,1,1,1,1,1
1407,2024,200,0,0,,,,0,1,1,1,0
1407,2024,300,0,0,,,,0,0,0,1,0
1407,2024,400,0,0,,,,0,0,0,1,0
1407,2024,500,0,0,,,,0,0,0,0,0
1407,2024,600,0,0,,,,0,0,0,1,0
1407,2024,700,0,0,,,,0,0,0,1,0
1408,2024,100,0,0,,,,1,1,1,1,1
1408,2024,200,1,1,,,No Previous Data,1,1,1,1,1
1408,2024,300,0,0,,,,0,0,0,1,0
1408,2024,400,0,0,,,,1,0,0,1,0
1408,2024,500,0,0,,,,0,0,0,0,0
1408,2024,600,0,0,,,,0,0,0,0,0
1408,2024,700,0,0,,,,0,0,0,0,0
1409,2024,100,0,0,,,,1,1,1,1,1
1409,2024,200,0,0,,,,1,1,1,1,1
1409,2024,300,1,0,,,,1,1,1,1,1
1409,2024,400,0,1,200.0,Olong Tea Plus,Switched,1,1,1,1,1
1409,2024,500,0,0,,,,0,0,0,0,0
1409,2024,600,0,0,,,,0,0,0,0,0
1409,2024,700,0,0,,,,0,1,0,1,0
1410,2024,100,0,0,,,,1,1,1,1,1
1410,2024,200,1,1,,,No Previous Data,1,1,1,1,1
1410,2024,300,0,0,,,,0,0,0,1,0
1410,2024,400,0,0,,,,1,0,0,1,0
1410,2024,500,0,0,,,,0,0,0,0,0
1410,2024,600,0,0,,,,0,0,0,0,0
1410,2024,700,0,0,,,,0,0,0,1,0
1411,2024,100,1,1,,,No Previous Data,1,1,1,1,1
1411,2024,200,0,0,,,,1,1,1,1,0
1411,2024,300,0,0,,,,0,1,0,1,0
1411,2024,400,0,0,,,,0,0,1,1,0
1411,2024,500,0,0,,,,0,0,0,0,0
1411,2024,600,0,0,,,,0,0,0,1,0
1411,2024,700,0,0,,,,0,0,0,1,0
1412,2024,100,0,0,,,,1,1,1,1,1
1412,2024,200,1,1,,,No Previous Data,1,1,1,1,1
1412,2024,300,0,0,,,,0,0,0,1,0
1412,2024,400,0,0,,,,0,0,0,1,0
1412,2024,500,0,0,,,,0,0,0,0,0
1412,2024,600,0,0,,,,1,0,0,1,0
1412,2024,700,0,0,,,,0,0,0,0,0
1413,2024,100,0,0,,,,0,1,1,1,0
1413,2024,200,0,0,,,,0,0,1,1,0
1413,2024,300,1,1,200.0,Olong Tea Plus,Switched,1,1,1,1,1
1413,2024,400,0,0,,,,0,0,0,1,0
1413,2024,500,0,0,,,,0,0,0,1,0
1413,2024,600,0,0,,,,0,0,0,1,0
1413,2024,700,0,0,,,,0,0,0,1,0
1414,2024,100,1,0,,,,1,1,1,1,1
1414,2024,200,0,0,,,,0,1,1,1,0
1414,2024,300,0,1,100.0,C2,Switched,1,1,1,1,1
1414,2024,400,0,0,,,,0,0,0,1,0
1414,2024,500,0,0,,,,0,0,0,1,0
1414,2024,600,0,0,,,,0,0,0,1,0
1414,2024,700,0,0,,,,1,1,1,1,0
1415,2024,100,0,0,,,,0,1,0,1,0
1415,2024,200,1,1,,,No Previous Data,1,1,1,1,1
1415,2024,300,0,0,,,,0,0,0,1,0
1415,2024,400,0,0,,,,0,0,0,1,0
1415,2024,500,0,0,,,,0,0,0,0,0
1415,2024,600,0,0,,,,0,0,0,1,0
1415,2024,700,0,0,,,,0,0,0,1,0
1416,2024,100,0,0,,,,0,0,0,1,0
1416,2024,200,0,0,,,,1,0,1,1,0
1416,2024,300,1,1,,,No Previous Data,1,1,1,1,1
1416,2024,400,0,0,,,,0,0,0,1,0
1416,2024,500,0,0,,,,0,0,0,0,0
1416,2024,600,0,0,,,,0,0,0,1,0
1416,2024,700,0,0,,,,1,1,0,1,1
1417,2024,100,0,0,,,,1,1,1,1,1
1417,2024,200,1,1,,,No Previous Data,1,1,1,1,1
1417,2024,300,0,0,,,,0,0,1,1,0
1417,2024,400,0,0,,,,0,0,0,1,0
1417,2024,500,0,0,,,,0,1,0,1,0
1417,2024,600,0,0,,,,0,0,0,1,0
1417,2024,700,0,0,,,,0,0,0,1,0
1418,2024,100,0,0,,,,0,0,0,1,0
1418,2024,200,0,1,300.0,Không Độ,Switched,1,1,0,1,1
1418,2024,300,1,0,,,,1,1,1,1,1
1418,2024,400,0,0,,,,0,0,0,1,0
1418,2024,500,0,0,,,,0,0,0,0,0
1418,2024,600,0,0,,,,0,0,0,0,0
1418,2024,700,0,0,,,,0,0,0,1,0
1419,2024,100,0,0,,,,0,0,1,1,0
1419,2024,200,0,0,,,,0,0,1,1,0
1419,2024,300,1,1,,,No Previous Data,1,1,1,1,1
1419,2024,400,0,0,,,,0,0,0,1,0
1419,2024,500,0,0,,,,0,0,0,1,0
1419,2024,600,0,0,,,,0,0,0,1,0
1419,2024,700,0,0,,,,0,0,0,1,0
1420,2024,100,1,1,,,No Previous Data,1,1,1,1,1
1420,2024,200,0,0,,,,1,1,1,1,0
1420,2024,300,0,0,,,,0,1,0,1,0
1420,2024,400,0,0,,,,0,0,0,1,0
1420,2024,500,0,0,,,,0,0,0,1,0
1420,2024,600,0,0,,,,0,0,0,1,0
1420,2024,700,0,0,,,,0,1,0,1,0
1421,2024,100,0,0,,,,0,1,1,1,0
1421,2024,200,1,1,,,No Previous Data,1,1,1,1,1
1421,2024,300,0,0,,,,0,1,0,1,0
1421,2024,400,0,0,,,,0,0,1,1,0
1421,2024,500,0,0,,,,0,0,0,0,0
1421,2024,600,0,0,,,,0,0,1,1,0
1421,2024,700,0,0,,,,0,1,0,1,0
1422,2024,100,0,0,,,,0,0,0,1,0
1422,2024,200,1,1,,,No Previous Data,1,1,1,1,1
1422,2024,300,0,0,,,,1,1,1,1,0
1422,2024,400,0,0,,,,0,0,0,1,0
1422,2024,500,0,0,,,,0,0,0,0,0
1422,2024,600,0,0,,,,0,1,0,1,0
1422,2024,700,0,0,,,,1,1,1,1,1
1423,2024,100,0,0,,,,1,1,1,1,1
1423,2024,200,1,1,,,No Previous Data,1,1,1,1,1
1423,2024,300,0,0,,,,0,1,1,1,0
1423,2024,400,0,0,,,,0,0,1,1,0
1423,2024,500,0,0,,,,0,0,0,0,0
1423,2024,600,0,0,,,,0,0,0,1,0
1423,2024,700,0,0,,,,1,1,0,1,0
1424,2024,100,1,1,,,No Previous Data,1,1,1,1,1
1424,2024,200,0,0,,,,1,1,1,1,1
1424,2024,300,0,0,,,,0,0,0,1,0
1424,2024,400,0,0,,,,0,0,0,1,0
1424,2024,500,0,0,,,,0,0,0,1,0
1424,2024,600,0,0,,,,0,0,0,1,0
1424,2024,700,0,0,,,,0,0,0,1,0
1425,2024,100,1,1,,,No Previous Data,1,1,1,1,1
1425,2024,200,0,0,,,,1,1,1,1,1
1425,2024,300,0,0,,,,0,0,0,1,0
1425,2024,400,0,0,,,,1,0,0,1,0
1425,2024,500,0,0,,,,0,0,0,0,0
1425,2024,600,0,0,,,,0,0,0,0,0
1425,2024,700,0,0,,,,0,0,0,0,0
1426,2024,100,0,0,,,,1,1,1,1,0
1426,2024,200,1,1,,,No Previous Data,1,1,1,1,1
1426,2024,300,0,0,,,,0,0,0,0,0
1426,2024,400,0,0,,,,0,0,1,1,0
1426,2024,500,0,0,,,,0,1,0,1,0
1426,2024,600,0,0,,,,0,1,0,1,0
1426,2024,700,0,0,,,,0,0,0,1,0
1427,2024,100,0,0,,,,0,1,1,1,0
1427,2024,200,1,1,,,No Previous Data,1,1,1,1,1
1427,2024,300,0,0,,,,0,1,0,1,0
1427,2024,400,0,0,,,,1,1,1,1,0
1427,2024,500,0,0,,,,0,0,0,0,0
1427,2024,600,0,0,,,,0,0,1,1,0
1427,2024,700,0,0,,,,0,0,0,1,0
1428,2024,100,1,1,,,No Previous Data,1,1,1,1,1
1428,2024,200,0,0,,,,1,1,1,1,1
1428,2024,300,0,0,,,,0,1,1,1,0
1428,2024,400,0,0,,,,0,0,1,1,0
1428,2024,500,0,0,,,,0,0,0,0,0
1428,2024,600,0,0,,,,0,0,0,1,0
1428,2024,700,0,0,,,,0,1,0,1,0
1429,2024,100,1,1,,,No Previous Data,1,1,1,1,1
1429,2024,200,0,0,,,,1,1,1,1,0
1429,2024,300,0,0,,,,0,0,0,1,0
1429,2024,400,0,0,,,,0,0,0,1,0
1429,2024,500,0,0,,,,0,0,0,0,0
1429,2024,600,0,0,,,,0,0,0,1,0
1429,2024,700,0,0,,,,0,0,0,0,0
1430,2024,100,0,0,,,,0,1,1,1,0
1430,2024,200,0,1,,,No Previous Data,1,1,1,1,1
1430,2024,300,1,0,,,,1,1,1,1,1
1430,2024,400,0,0,,,,0,0,0,1,0
1430,2024,500,0,0,,,,0,0,0,0,0
1430,2024,600,0,0,,,,0,0,0,1,0
1430,2024,700,0,0,,,,0,0,0,1,0
1431,2024,100,1,1,,,No Previous Data,1,1,1,1,1
1431,2024,200,0,0,,,,1,0,1,1,0
1431,2024,300,0,0,,,,0,0,0,1,0
1431,2024,400,0,0,,,,0,0,0,1,0
1431,2024,500,0,0,,,,0,0,0,0,0
1431,2024,600,0,0,,,,1,0,0,1,0
1431,2024,700,0,0,,,,0,0,0,1,0
1432,2024,100,0,0,,,,1,1,0,1,1
1432,2024,200,0,1,600.0,Dr. Thanh,Switched,1,1,0,1,1
1432,2024,300,1,0,,,,1,1,1,1,0
1432,2024,400,0,0,,,,1,1,0,1,1
1432,2024,500,0,0,,,,0,0,0,1,0
1432,2024,600,0,0,,,,1,1,0,1,1
1432,2024,700,0,0,,,,0,0,0,1,0
1433,2024,100,0,0,,,,0,0,1,1,0
1433,2024,200,1,1,,,No Previous Data,1,1,1,1,1
1433,2024,300,0,0,,,,0,1,1,1,0
1433,2024,400,0,0,,,,1,1,0,1,0
1433,2024,500,0,0,,,,0,0,0,0,0
1433,2024,600,0,0,,,,1,1,0,1,1
1433,2024,700,0,0,,,,0,0,0,1,0
1434,2024,100,0,0,,,,1,1,1,1,0
1434,2024,200,1,1,,,No Previous Data,1,1,1,1,1
1434,2024,300,0,0,,,,0,0,0,1,0
1434,2024,400,0,0,,,,0,0,0,1,0
1434,2024,500,0,0,,,,0,0,0,0,0
1434,2024,600,0,0,,,,0,0,0,1,0
1434,2024,700,0,0,,,,0,0,0,1,0
1435,2024,100,0,0,,,,1,1,1,1,0
1435,2024,200,1,1,,,No Previous Data,1,1,1,1,1
1435,2024,300,0,0,,,,0,0,0,1,0
1435,2024,400,0,0,,,,1,1,1,1,1
1435,2024,500,0,0,,,,0,1,1,1,0
1435,2024,600,0,0,,,,0,0,0,1,0
1435,2024,700,0,0,,,,0,0,0,1,0
1436,2024,100,0,0,,,,1,1,1,1,1
1436,2024,200,1,1,,,No Previous Data,1,1,1,1,1
1436,2024,300,0,0,,,,1,0,0,1,0
1436,2024,400,0,0,,,,1,1,1,1,1
1436,2024,500,0,0,,,,0,0,0,0,0
1436,2024,600,0,0,,,,0,0,0,0,0
1436,2024,700,0,0,,,,0,0,0,1,0
1437,2024,100,0,0,,,,1,1,1,1,1
1437,2024,200,1,1,,,No Previous Data,1,1,1,1,1
1437,2024,300,0,0,,,,0,0,0,1,0
1437,2024,400,0,0,,,,0,0,0,1,0
1437,2024,500,0,0,,,,0,0,0,0,0
1437,2024,600,0,0,,,,0,0,0,1,0
1437,2024,700,0,0,,,,0,0,0,1,0
1438,2024,100,0,0,,,,1,1,1,1,1
1438,2024,200,1,1,,,No Previous Data,1,1,1,1,1
1438,2024,300,0,0,,,,0,1,0,1,0
1438,2024,400,0,0,,,,0,0,0,1,0
1438,2024,500,0,0,,,,0,0,0,0,0
1438,2024,600,0,0,,,,0,0,0,1,0
1438,2024,700,0,0,,,,0,0,0,0,0
1439,2024,100,1,1,,,No Previous Data,1,1,1,1,1
1439,2024,200,0,0,,,,0,1,1,1,0
1439,2024,300,0,0,,,,0,1,1,1,0
1439,2024,400,0,0,,,,0,0,1,1,0
1439,2024,500,0,0,,,,0,0,0,0,0
1439,2024,600,0,0,,,,0,0,0,1,0
1439,2024,700,0,0,,,,1,1,0,1,1
1440,2024,100,1,1,,,No Previous Data,1,1,1,1,1
1440,2024,200,0,0,,,,1,1,1,1,1
1440,2024,300,0,0,,,,0,0,0,1,0
1440,2024,400,0,0,,,,0,0,0,1,0
1440,2024,500,0,0,,,,0,0,0,0,0
1440,2024,600,0,0,,,,0,0,0,0,0
1440,2024,700,0,0,,,,0,0,0,0,0
1441,2024,100,0,0,,,,1,1,1,1,1
1441,2024,200,1,1,,,No Previous Data,1,1,1,1,1
1441,2024,300,0,0,,,,0,0,0,1,0
1441,2024,400,0,0,,,,1,0,0,1,0
1441,2024,500,0,0,,,,0,0,0,0,0
1441,2024,600,0,0,,,,0,0,0,0,0
1441,2024,700,0,0,,,,0,0,0,0,0
1442,2024,100,0,0,,,,0,0,1,1,0
1442,2024,200,0,0,,,,1,0,1,1,0
1442,2024,300,0,0,,,,0,0,0,1,0
1442,2024,400,0,0,,,,1,1,0,1,1
1442,2024,500,0,0,,,,0,0,0,0,0
1442,2024,600,1,1,200.0,Olong Tea Plus,Switched,1,1,1,1,1
1442,2024,700,0,0,,,,0,1,0,1,0
1443,2024,100,1,1,,,No Previous Data,1,1,1,1,1
1443,2024,200,0,0,,,,1,1,1,1,1
1443,2024,300,0,0,,,,0,0,0,1,0
1443,2024,400,0,0,,,,0,0,1,1,0
1443,2024,500,0,0,,,,0,0,0,0,0
1443,2024,600,0,0,,,,0,0,0,1,0
1443,2024,700,0,0,,,,0,0,0,0,0
1444,2024,100,0,1,200.0,Olong Tea Plus,Switched,1,1,1,1,1
1444,2024,200,0,0,,,,1,1,1,1,0
1444,2024,300,0,0,,,,0,0,0,0,0
1444,2024,400,1,0,,,,0,0,1,1,0
1444,2024,500,0,0,,,,0,0,0,0,0
1444,2024,600,0,0,,,,0,0,0,0,0
1444,2024,700,0,0,,,,0,0,0,0,0
1445,2024,100,1,1,,,No Previous Data,1,1,1,1,1
1445,2024,200,0,0,,,,1,1,1,1,1
1445,2024,300,0,0,,,,1,1,0,1,1
1445,2024,400,0,0,,,,0,0,0,1,0
1445,2024,500,0,0,,,,0,0,0,1,0
1445,2024,600,0,0,,,,0,0,0,1,0
1445,2024,700,0,0,,,,0,0,0,1,0
1446,2024,100,0,0,,,,1,1,1,1,0
1446,2024,200,1,1,,,No Previous Data,1,1,1,1,1
1446,2024,300,0,0,,,,0,0,1,1,0
1446,2024,400,0,0,,,,0,0,0,1,0
1446,2024,500,0,0,,,,0,0,0,0,0
1446,2024,600,0,0,,,,0,0,0,0,0
1446,2024,700,0,0,,,,0,0,0,1,0
1447,2024,100,0,0,,,,1,1,1,1,0
1447,2024,200,0,0,,,,0,1,0,1,0
1447,2024,300,0,0,,,,0,0,0,1,0
1447,2024,400,0,0,,,,1,1,1,1,1
1447,2024,500,0,0,,,,0,0,0,0,0
1447,2024,600,1,1,400.0,Cozy,Switched,1,1,1,1,1
1447,2024,700,0,0,,,,1,1,0,1,1
1448,2024,100,0,0,,,,1,1,1,1,1
1448,2024,200,0,0,,,,1,0,1,1,0
1448,2024,300,1,1,200.0,Olong Tea Plus,Switched,1,1,1,1,1
1448,2024,400,0,0,,,,0,0,0,1,0
1448,2024,500,0,0,,,,0,0,0,1,0
1448,2024,600,0,0,,,,0,0,0,1,0
1448,2024,700,0,0,,,,1,1,1,1,0
1449,2024,100,0,0,,,,1,1,1,1,1
1449,2024,200,1,1,,,No Previous Data,1,1,1,1,1
1449,2024,300,0,0,,,,0,1,0,1,0
1449,2024,400,0,0,,,,0,0,0,1,0
1449,2024,500,0,0,,,,0,0,0,1,0
1449,2024,600,0,0,,,,0,0,1,1,0
1449,2024,700,0,0,,,,0,0,1,1,0
1450,2024,100,1,0,,,,0,0,1,1,0
1450,2024,200,0,1,100.0,C2,Switched,1,1,1,1,1
1450,2024,300,0,0,,,,1,1,0,1,0
1450,2024,400,0,0,,,,1,1,0,1,0
1450,2024,500,0,0,,,,0,1,0,1,0
1450,2024,600,0,0,,,,1,1,0,1,1
1450,2024,700,0,0,,,,0,0,0,0,0
1451,2024,100,1,1,,,No Previous Data,1,1,1,1,1
1451,2024,200,0,0,,,,1,1,1,1,0
1451,2024,300,0,0,,,,0,0,0,1,0
1451,2024,400,0,0,,,,1,1,1,1,0
1451,2024,500,0,0,,,,0,0,0,0,0
1451,2024,600,0,0,,,,0,1,1,1,0
1451,2024,700,0,0,,,,0,0,0,0,0
1452,2024,100,1,1,,,No Previous Data,1,1,1,1,1
1452,2024,200,0,0,,,,1,1,1,1,1
1452,2024,300,0,0,,,,0,1,1,1,0
1452,2024,400,0,0,,,,0,0,0,1,0
1452,2024,500,0,0,,,,0,0,0,1,0
1452,2024,600,0,0,,,,0,0,0,1,0
1452,2024,700,0,0,,,,0,0,0,0,0
1453,2024,100,0,0,,,,0,1,0,1,0
1453,2024,200,1,1,,,No Previous Data,1,1,1,1,1
1453,2024,300,0,0,,,,0,1,1,1,0
1453,2024,400,0,0,,,,0,0,1,1,0
1453,2024,500,0,0,,,,0,0,0,0,0
1453,2024,600,0,0,,,,1,1,1,1,1
1453,2024,700,0,0,,,,0,0,0,1,0
1454,2024,100,0,0,,,,1,1,1,1,1
1454,2024,200,1,1,,,No Previous Data,1,1,1,1,1
1454,2024,300,0,0,,,,1,1,1,1,0
1454,2024,400,0,0,,,,0,0,0,1,0
1454,2024,500,0,0,,,,0,0,0,1,0
1454,2024,600,0,0,,,,0,0,0,1,0
1454,2024,700,0,0,,,,0,0,0,1,0
1455,2024,100,0,0,,,,0,0,0,1,0
1455,2024,200,0,0,,,,0,0,0,1,0
1455,2024,300,1,1,,,No Previous Data,1,1,1,1,1
1455,2024,400,0,0,,,,0,0,1,1,0
1455,2024,500,0,0,,,,0,0,0,0,0
1455,2024,600,0,0,,,,0,0,0,1,0
1455,2024,700,0,0,,,,0,0,0,0,0
1456,2024,100,0,0,,,,0,0,0,1,0
1456,2024,200,1,0,,,,1,1,1,1,1
1456,2024,300,0,1,,,No Previous Data,1,1,1,1,1
1456,2024,400,0,0,,,,0,0,0,1,0
1456,2024,500,0,0,,,,0,0,0,0,0
1456,2024,600,0,0,,,,0,0,0,1,0
1456,2024,700,0,0,,,,0,0,0,0,0
1457,2024,100,0,0,,,,1,1,1,1,1
1457,2024,200,1,1,100.0,C2,Switched,1,1,1,1,1
1457,2024,300,0,0,,,,0,0,0,1,0
1457,2024,400,0,0,,,,0,0,0,1,0
1457,2024,500,0,0,,,,0,0,0,0,0
1457,2024,600,0,0,,,,0,0,0,1,0
1457,2024,700,0,0,,,,0,0,0,0,0
1458,2024,100,0,0,,,,0,1,1,1,0
1458,2024,200,0,0,,,,1,1,1,1,1
1458,2024,300,0,0,,,,0,1,0,1,0
1458,2024,400,1,1,,,No Previous Data,1,1,1,1,1
1458,2024,500,0,0,,,,0,1,1,1,0
1458,2024,600,0,0,,,,0,0,0,0,0
1458,2024,700,0,0,,,,0,1,0,1,0
1459,2024,100,0,0,,,,0,0,0,0,0
1459,2024,200,0,0,,,,1,1,0,1,1
1459,2024,300,1,1,200.0,Olong Tea Plus,Switched,1,1,1,1,1
1459,2024,400,0,0,,,,0,0,0,0,0
1459,2024,500,0,0,,,,0,0,0,0,0
1459,2024,600,0,0,,,,0,0,0,0,0
1459,2024,700,0,0,,,,0,0,0,0,0
1460,2024,100,1,1,,,No Previous Data,1,1,1,1,1
1460,2024,200,0,0,,,,1,1,1,1,1
1460,2024,300,0,0,,,,0,0,1,1,0
1460,2024,400,0,0,,,,0,0,0,1,0
1460,2024,500,0,0,,,,0,0,0,0,0
1460,2024,600,0,0,,,,0,0,0,1,0
1460,2024,700,0,0,,,,0,0,0,1,0
1461,2024,100,0,1,,,No Previous Data,1,1,1,1,1
1461,2024,200,0,0,,,,1,1,0,1,1
1461,2024,300,0,0,,,,0,0,0,1,0
1461,2024,400,0,0,,,,0,0,1,1,0
1461,2024,500,0,0,,,,1,1,0,1,0
1461,2024,600,0,0,,,,0,0,0,1,0
1461,2024,700,0,0,,,,0,0,0,0,0
1462,2024,100,0,0,,,,0,0,1,1,0
1462,2024,200,0,0,,,,1,1,1,1,1
1462,2024,300,0,0,,,,0,1,1,1,0
1462,2024,400,1,1,300.0,Không Độ,Switched,1,1,1,1,1
1462,2024,500,0,0,,,,0,0,0,0,0
1462,2024,600,0,0,,,,0,0,0,1,0
1462,2024,700,0,0,,,,0,1,0,1,0
1463,2024,100,0,0,,,,1,1,1,1,1
1463,2024,200,0,0,,,,0,0,0,1,0
1463,2024,300,1,1,100.0,C2,Switched,1,1,1,1,1
1463,2024,400,0,0,,,,0,0,0,1,0
1463,2024,500,0,0,,,,0,0,0,0,0
1463,2024,600,0,0,,,,0,0,0,1,0
1463,2024,700,0,0,,,,0,0,0,0,0
1464,2024,100,0,0,,,,1,1,1,1,1
1464,2024,200,1,1,,,No Previous Data,1,1,1,1,1
1464,2024,300,0,0,,,,0,0,0,1,0
1464,2024,400,0,0,,,,1,0,1,1,0
1464,2024,500,0,0,,,,0,0,0,0,0
1464,2024,600,0,0,,,,0,0,0,1,0
1464,2024,700,0,0,,,,0,1,0,1,0
1465,2024,100,1,1,200.0,Olong Tea Plus,Switched,1,1,1,1,1
1465,2024,200,0,0,,,,1,0,1,1,0
1465,2024,300,0,0,,,,1,1,1,1,0
1465,2024,400,0,0,,,,0,0,0,1,0
1465,2024,500,0,0,,,,0,0,0,0,0
1465,2024,600,0,0,,,,0,0,0,1,0
1465,2024,700,0,0,,,,0,1,0,1,0
1466,2024,100,0,0,,,,0,0,0,0,0
1466,2024,200,0,0,,,,1,1,0,1,1
1466,2024,300,0,0,,,,1,1,0,1,1
1466,2024,400,0,0,,,,0,1,0,1,0
1466,2024,500,0,0,,,,0,1,0,1,0
1466,2024,600,0,0,,,,0,0,0,1,0
1466,2024,700,1,1,200.0,Olong Tea Plus,Switched,1,1,1,1,1
1467,2024,100,0,0,,,,0,0,0,1,0
1467,2024,200,0,0,,,,0,0,0,1,0
1467,2024,300,0,0,,,,1,1,1,1,1
1467,2024,400,1,1,,,No Previous Data,1,1,1,1,1
1467,2024,500,0,0,,,,0,0,0,0,0
1467,2024,600,0,0,,,,0,0,0,1,0
1467,2024,700,0,0,,,,0,0,0,0,0
1468,2024,100,0,0,,,,0,0,1,1,0
1468,2024,200,0,0,,,,1,0,1,1,0
1468,2024,300,1,1,100.0,C2,Switched,1,1,1,1,1
1468,2024,400,0,0,,,,1,1,1,1,1
1468,2024,500,0,0,,,,0,0,0,0,0
1468,2024,600,0,0,,,,0,0,0,0,0
1468,2024,700,0,0,,,,1,1,0,1,0
1469,2024,100,0,0,,,,1,0,1,1,0
1469,2024,200,0,0,,,,1,1,0,1,1
1469,2024,300,1,1,100.0,C2,Switched,1,1,1,1,1
1469,2024,400,0,0,,,,0,1,0,1,0
1469,2024,500,0,0,,,,0,0,0,0,0
1469,2024,600,0,0,,,,0,0,0,0,0
1469,2024,700,0,0,,,,0,1,0,1,0
1470,2024,100,0,0,,,,1,1,1,1,1
1470,2024,200,1,1,,,No Previous Data,1,1,1,1,1
1470,2024,300,0,0,,,,0,0,1,1,0
1470,2024,400,0,0,,,,0,0,0,1,0
1470,2024,500,0,0,,,,0,0,0,0,0
1470,2024,600,0,0,,,,0,0,0,0,0
1470,2024,700,0,0,,,,1,1,0,1,0
1471,2024,100,0,0,,,,0,0,0,1,0
1471,2024,200,0,0,,,,0,1,0,1,0
1471,2024,300,0,0,,,,1,0,1,1,0
1471,2024,400,1,1,300.0,Không Độ,Switched,1,1,1,1,1
1471,2024,500,0,0,,,,0,0,0,0,0
1471,2024,600,0,0,,,,0,0,0,1,0
1471,2024,700,0,0,,,,0,0,0,0,0
1472,2024,100,0,0,,,,0,1,1,1,0
1472,2024,200,1,1,,,No Previous Data,1,1,1,1,1
1472,2024,300,0,0,,,,1,1,1,1,1
1472,2024,400,0,0,,,,0,0,0,1,0
1472,2024,500,0,0,,,,0,0,0,0,0
1472,2024,600,0,0,,,,0,0,0,1,0
1472,2024,700,0,0,,,,0,0,0,1,0
1473,2024,100,0,0,,,,1,1,1,1,0
1473,2024,200,1,1,,,No Previous Data,1,1,1,1,1
1473,2024,300,0,0,,,,0,0,0,0,0
1473,2024,400,0,0,,,,0,1,1,1,0
1473,2024,500,0,0,,,,0,1,0,1,0
1473,2024,600,0,0,,,,0,0,0,0,0
1473,2024,700,0,0,,,,0,1,1,1,0
1474,2024,100,0,0,,,,0,0,1,1,0
1474,2024,200,1,1,,,No Previous Data,1,1,1,1,1
1474,2024,300,0,0,,,,0,0,0,1,0
1474,2024,400,0,0,,,,1,1,0,1,0
1474,2024,500,0,0,,,,0,0,0,0,0
1474,2024,600,0,0,,,,1,1,0,1,1
1474,2024,700,0,0,,,,0,0,0,1,0
1475,2024,100,0,0,,,,0,0,1,1,0
1475,2024,200,1,1,,,No Previous Data,1,1,1,1,1
1475,2024,300,0,0,,,,0,0,1,1,0
1475,2024,400,0,0,,,,0,0,0,1,0
1475,2024,500,0,0,,,,0,0,1,1,0
1475,2024,600,0,0,,,,0,0,0,1,0
1475,2024,700,0,0,,,,0,0,0,1,0
1476,2024,100,0,0,,,,1,0,1,1,0
1476,2024,200,1,1,,,No Previous Data,1,1,1,1,1
1476,2024,300,0,0,,,,0,1,0,1,0
1476,2024,400,0,0,,,,0,0,0,1,0
1476,2024,500,0,0,,,,0,0,0,1,0
1476,2024,600,0,0,,,,0,0,0,1,0
1476,2024,700,0,0,,,,0,0,0,1,0
1477,2024,100,0,0,,,,0,1,1,1,0
1477,2024,200,1,1,,,No Previous Data,1,1,1,1,1
1477,2024,300,0,0,,,,0,0,0,1,0
1477,2024,400,0,0,,,,1,1,1,1,1
1477,2024,500,0,0,,,,0,1,1,1,0
1477,2024,600,0,0,,,,0,0,0,0,0
1477,2024,700,0,0,,,,0,0,0,0,0
1478,2024,100,0,0,,,,0,0,1,1,0
1478,2024,200,1,0,,,,1,1,1,1,1
1478,2024,300,0,0,,,,0,0,0,1,0
1478,2024,400,0,0,,,,1,1,0,1,1
1478,2024,500,0,0,,,,0,0,0,0,0
1478,2024,600,0,0,,,,0,0,0,1,0
1478,2024,700,0,1,,,No Previous Data,1,1,0,1,1
1479,2024,100,1,1,,,No Previous Data,1,1,1,1,1
1479,2024,200,0,0,,,,1,0,1,1,0
1479,2024,300,0,0,,,,0,1,0,1,0
1479,2024,400,0,0,,,,0,0,0,1,0
1479,2024,500,0,0,,,,0,0,0,0,0
1479,2024,600,0,0,,,,0,0,0,0,0
1479,2024,700,0,0,,,,0,0,0,1,0
1480,2024,100,0,0,,,,1,0,1,1,0
1480,2024,200,0,0,,,,0,1,0,1,0
1480,2024,300,0,0,,,,0,0,0,1,0
1480,2024,400,1,1,,,No Previous Data,1,1,1,1,1
1480,2024,500,0,0,,,,0,0,0,1,0
1480,2024,600,0,0,,,,0,0,0,1,0
1480,2024,700,0,0,,,,0,0,0,1,0
1481,2024,100,0,0,,,,0,0,1,1,0
1481,2024,200,0,0,,,,0,0,1,1,0
1481,2024,300,0,0,,,,0,0,0,1,0
1481,2024,400,1,1,,,No Previous Data,1,1,1,1,1
1481,2024,500,0,0,,,,0,0,0,0,0
1481,2024,600,0,0,,,,0,0,0,1,0
1481,2024,700,0,0,,,,0,0,0,1,0
1482,2024,100,0,0,,,,1,0,1,1,0
1482,2024,200,1,1,,,No Previous Data,1,1,1,1,1
1482,2024,300,0,0,,,,0,0,0,1,0
1482,2024,400,0,0,,,,0,0,0,1,0
1482,2024,500,0,0,,,,0,0,0,0,0
1482,2024,600,0,0,,,,0,0,0,1,0
1482,2024,700,0,0,,,,0,0,0,1,0
1483,2024,100,1,0,,,,1,1,1,1,1
1483,2024,200,0,0,,,,0,1,1,1,0
1483,2024,300,0,0,,,,0,1,0,1,0
1483,2024,400,0,1,200.0,Olong Tea Plus,Switched,1,1,1,1,1
1483,2024,500,0,0,,,,0,1,0,1,0
1483,2024,600,0,0,,,,0,1,0,1,0
1483,2024,700,0,0,,,,0,0,0,0,0
1484,2024,100,0,0,,,,0,1,0,1,0
1484,2024,200,0,0,,,,1,1,1,1,1
1484,2024,300,0,0,,,,0,0,0,1,0
1484,2024,400,1,1,,,No Previous Data,1,1,1,1,1
1484,2024,500,0,0,,,,0,0,0,1,0
1484,2024,600,0,0,,,,0,0,0,1,0
1484,2024,700,0,0,,,,0,0,0,0,0
1485,2024,100,0,0,,,,1,1,0,1,1
1485,2024,200,0,1,300.0,Không Độ,Switched,1,1,0,1,1
1485,2024,300,1,0,,,,1,1,1,1,1
1485,2024,400,0,0,,,,0,0,0,0,0
1485,2024,500,0,0,,,,0,0,0,0,0
1485,2024,600,0,0,,,,0,0,0,0,0
1485,2024,700,0,0,,,,0,0,0,0,0
1486,2024,100,1,0,,,,1,1,1,1,1
1486,2024,200,0,1,,,No Previous Data,1,1,1,1,1
1486,2024,300,0,0,,,,0,1,1,1,0
1486,2024,400,0,0,,,,0,1,1,1,0
1486,2024,500,0,0,,,,0,1,0,1,0
1486,2024,600,0,0,,,,0,0,0,1,0
1486,2024,700,0,0,,,,0,0,0,0,0
1487,2024,100,0,0,,,,0,0,0,1,0
1487,2024,200,0,0,,,,0,0,1,1,0
1487,2024,300,1,1,,,No Previous Data,1,1,1,1,1
1487,2024,400,0,0,,,,1,0,0,1,0
1487,2024,500,0,0,,,,0,0,0,0,0
1487,2024,600,0,0,,,,0,0,0,1,0
1487,2024,700,0,0,,,,0,1,0,1,0
1488,2024,100,1,1,300.0,Không Độ,Switched,1,1,1,1,1
1488,2024,200,0,0,,,,0,0,0,1,0
1488,2024,300,0,0,,,,1,1,1,1,1
1488,2024,400,0,0,,,,0,0,0,1,0
1488,2024,500,0,0,,,,0,0,0,0,0
1488,2024,600,0,0,,,,0,0,0,0,0
1488,2024,700,0,0,,,,1,1,1,1,0
1489,2024,100,1,1,,,No Previous Data,1,1,1,1,1
1489,2024,200,0,0,,,,0,0,1,1,0
1489,2024,300,0,0,,,,0,0,0,1,0
1489,2024,400,0,0,,,,0,0,0,1,0
1489,2024,500,0,0,,,,0,0,0,1,0
1489,2024,600,0,0,,,,0,0,0,1,0
1489,2024,700,0,0,,,,1,0,1,1,0
1490,2024,100,0,0,,,,1,1,1,1,1
1490,2024,200,1,1,,,No Previous Data,1,1,1,1,1
1490,2024,300,0,0,,,,0,0,0,1,0
1490,2024,400,0,0,,,,0,0,0,1,0
1490,2024,500,0,0,,,,0,0,0,0,0
1490,2024,600,0,0,,,,0,0,0,1,0
1490,2024,700,0,0,,,,0,0,0,0,0
1491,2024,100,0,0,,,,1,1,1,1,1
1491,2024,200,1,1,,,No Previous Data,1,1,1,1,1
1491,2024,300,0,0,,,,0,1,1,1,0
1491,2024,400,0,0,,,,0,0,0,1,0
1491,2024,500,0,0,,,,0,1,0,1,0
1491,2024,600,0,0,,,,0,0,0,0,0
1491,2024,700,0,0,,,,0,1,0,1,0
1492,2024,100,0,0,,,,1,1,1,1,1
1492,2024,200,1,1,,,No Previous Data,1,1,1,1,1
1492,2024,300,0,0,,,,0,0,0,1,0
1492,2024,400,0,0,,,,0,0,0,1,0
1492,2024,500,0,0,,,,0,0,0,0,0
1492,2024,600,0,0,,,,0,0,0,0,0
1492,2024,700,0,0,,,,0,0,0,1,0
1493,2024,100,0,0,,,,1,1,1,1,1
1493,2024,200,1,1,,,No Previous Data,1,1,1,1,1
1493,2024,300,0,0,,,,0,0,0,1,0
1493,2024,400,0,0,,,,0,0,1,1,0
1493,2024,500,0,0,,,,1,0,0,1,0
1493,2024,600,0,0,,,,0,0,0,1,0
1493,2024,700,0,0,,,,0,0,0,1,0
1494,2024,100,0,0,,,,0,0,1,1,0
1494,2024,200,0,0,,,,1,1,1,1,0
1494,2024,300,1,1,,,No Previous Data,1,1,1,1,1
1494,2024,400,0,0,,,,1,1,0,1,1
1494,2024,500,0,0,,,,0,0,0,0,0
1494,2024,600,0,0,,,,0,0,0,1,0
1494,2024,700,0,0,,,,0,0,0,1,0
1495,2024,100,0,0,,,,0,0,0,1,0
1495,2024,200,0,0,,,,1,0,0,1,0
1495,2024,300,0,0,,,,0,0,0,1,0
1495,2024,400,1,1,,,No Previous Data,1,1,1,1,1
1495,2024,500,0,0,,,,0,0,0,0,0
1495,2024,600,0,0,,,,0,0,0,1,0
1495,2024,700,0,0,,,,0,0,0,1,0
1496,2024,100,1,1,,,No Previous Data,1,1,1,1,1
1496,2024,200,0,0,,,,0,0,0,1,0
1496,2024,300,0,0,,,,1,1,1,1,0
1496,2024,400,0,0,,,,0,0,0,1,0
1496,2024,500,0,0,,,,0,0,0,0,0
1496,2024,600,0,0,,,,0,0,0,1,0
1496,2024,700,0,0,,,,0,0,0,0,0
1497,2024,100,1,1,,,No Previous Data,1,1,1,1,1
1497,2024,200,0,0,,,,0,0,0,1,0
1497,2024,300,0,0,,,,1,1,1,1,1
1497,2024,400,0,0,,,,0,0,0,1,0
1497,2024,500,0,0,,,,0,0,0,0,0
1497,2024,600,0,0,,,,1,0,0,1,0
1497,2024,700,0,0,,,,1,0,0,1,0
1498,2024,100,0,0,,,,0,0,0,1,0
1498,2024,200,0,0,,,,0,1,0,1,0
1498,2024,300,1,1,,,No Previous Data,1,1,1,1,1
1498,2024,400,0,0,,,,0,0,0,1,0
1498,2024,500,0,0,,,,0,0,0,0,0
1498,2024,600,0,0,,,,1,1,0,1,0
1498,2024,700,0,0,,,,0,0,0,1,0
1499,2024,100,0,0,,,,1,1,1,1,1
1499,2024,200,1,1,,,No Previous Data,1,1,1,1,1
1499,2024,300,0,0,,,,0,0,0,1,0
1499,2024,400,0,0,,,,0,0,0,1,0
1499,2024,500,0,0,,,,0,1,0,1,0
1499,2024,600,0,0,,,,0,0,0,0,0
1499,2024,700,0,0,,,,0,0,0,1,0
1500,2024,100,0,0,,,,0,0,1,1,0
1500,2024,200,1,1,,,No Previous Data,1,1,1,1,1
1500,2024,300,0,0,,,,1,1,1,1,1
1500,2024,400,0,0,,,,0,0,0,1,0
1500,2024,500,0,0,,,,0,0,0,0,0
1500,2024,600,0,0,,,,0,0,0,1,0
1500,2024,700,0,0,,,,1,1,0,1,1
1501,2024,100,1,1,,,No Previous Data,1,1,1,1,1
1501,2024,200,0,0,,,,1,1,1,1,1
1501,2024,300,0,0,,,,1,0,1,1,0
1501,2024,400,0,0,,,,0,0,0,1,0
1501,2024,500,0,0,,,,0,1,0,1,0
1501,2024,600,0,0,,,,0,0,0,0,0
1501,2024,700,0,0,,,,0,0,0,0,0
1502,2024,100,1,1,,,No Previous Data,1,1,1,1,1
1502,2024,200,0,0,,,,1,1,0,1,0
1502,2024,300,0,0,,,,0,1,0,1,0
1502,2024,400,0,0,,,,0,0,0,1,0
1502,2024,500,0,0,,,,0,0,0,0,0
1502,2024,600,0,0,,,,0,0,0,0,0
1502,2024,700,0,0,,,,0,0,0,0,0
1503,2024,100,1,1,,,No Previous Data,1,1,1,1,1
1503,2024,200,0,0,,,,0,1,0,1,0
1503,2024,300,0,0,,,,1,1,1,1,1
1503,2024,400,0,0,,,,0,0,0,1,0
1503,2024,500,0,0,,,,0,0,0,1,0
1503,2024,600,0,0,,,,0,0,0,1,0
1503,2024,700,0,0,,,,1,1,0,1,1
1504,2024,100,0,0,,,,0,0,1,1,0
1504,2024,200,0,0,,,,0,0,1,1,0
1504,2024,300,1,1,,,No Previous Data,1,1,1,1,1
1504,2024,400,0,0,,,,0,0,0,0,0
1504,2024,500,0,0,,,,0,0,0,0,0
1504,2024,600,0,0,,,,0,0,0,1,0
1504,2024,700,0,0,,,,0,0,0,1,0
1505,2024,100,0,0,,,,0,0,0,1,0
1505,2024,200,0,0,,,,0,1,1,1,0
1505,2024,300,0,0,,,,0,0,0,1,0
1505,2024,400,1,1,,,No Previous Data,1,1,1,1,1
1505,2024,500,0,0,,,,0,0,0,0,0
1505,2024,600,0,0,,,,0,0,0,1,0
1505,2024,700,0,0,,,,0,0,0,1,0
1506,2024,100,0,0,,,,0,1,1,1,0
1506,2024,200,1,1,,,No Previous Data,1,1,1,1,1
1506,2024,300,0,0,,,,0,1,0,1,0
1506,2024,400,0,0,,,,1,1,1,1,1
1506,2024,500,0,0,,,,0,0,0,1,0
1506,2024,600,0,0,,,,0,0,0,1,0
1506,2024,700,0,0,,,,0,0,0,1,0
1507,2024,100,1,1,,,No Previous Data,1,1,1,1,1
1507,2024,200,0,0,,,,0,0,1,1,0
1507,2024,300,0,0,,,,0,0,1,1,0
1507,2024,400,0,0,,,,0,0,0,1,0
1507,2024,500,0,0,,,,0,0,0,1,0
1507,2024,600,0,0,,,,0,0,0,1,0
1507,2024,700,0,0,,,,0,0,0,1,0
1508,2024,100,1,1,,,No Previous Data,1,1,1,1,1
1508,2024,200,0,0,,,,0,1,0,1,0
1508,2024,300,0,0,,,,0,0,1,1,0
1508,2024,400,0,0,,,,0,0,0,1,0
1508,2024,500,0,0,,,,0,0,0,1,0
1508,2024,600,0,0,,,,0,0,0,1,0
1508,2024,700,0,0,,,,0,0,0,1,0
1509,2024,100,1,1,,,No Previous Data,1,1,1,1,1
1509,2024,200,0,0,,,,1,1,1,1,0
1509,2024,300,0,0,,,,1,1,1,1,1
1509,2024,400,0,0,,,,1,0,0,1,0
1509,2024,500,0,0,,,,0,0,0,0,0
1509,2024,600,0,0,,,,0,0,0,0,0
1509,2024,700,0,0,,,,1,0,1,1,0
1510,2024,100,0,0,,,,1,1,1,1,1
1510,2024,200,0,0,,,,0,0,0,1,0
1510,2024,300,1,1,,,No Previous Data,1,1,1,1,1
1510,2024,400,0,0,,,,0,0,0,1,0
1510,2024,500,0,0,,,,0,0,0,1,0
1510,2024,600,0,0,,,,0,0,0,1,0
1510,2024,700,0,0,,,,0,0,0,1,0
1511,2024,100,0,0,,,,0,0,1,1,0
1511,2024,200,0,0,,,,1,1,1,1,0
1511,2024,300,0,0,,,,0,0,1,1,0
1511,2024,400,1,1,,,No Previous Data,1,1,1,1,1
1511,2024,500,0,0,,,,0,0,0,0,0
1511,2024,600,0,0,,,,0,1,0,1,0
1511,2024,700,0,0,,,,0,0,0,1,0
1512,2024,100,1,1,,,No Previous Data,1,1,1,1,1
1512,2024,200,0,0,,,,1,1,1,1,1
1512,2024,300,0,0,,,,0,1,0,1,0
1512,2024,400,0,0,,,,0,1,0,1,0
1512,2024,500,0,0,,,,0,1,0,1,0
1512,2024,600,0,0,,,,1,1,1,1,0
1512,2024,700,0,0,,,,0,0,0,0,0
1513,2024,100,0,0,,,,0,1,1,1,0
1513,2024,200,0,0,,,,0,0,0,1,0
1513,2024,300,0,0,,,,0,0,0,1,0
1513,2024,400,0,0,,,,0,0,0,1,0
1513,2024,500,0,0,,,,0,0,0,1,0
1513,2024,600,0,0,,,,0,0,0,1,0
1513,2024,700,1,1,,,No Previous Data,1,1,1,1,0
1514,2024,100,0,0,,,,0,0,1,1,0
1514,2024,200,1,1,,,No Previous Data,1,1,1,1,1
1514,2024,300,0,0,,,,0,0,1,1,0
1514,2024,400,0,0,,,,0,0,1,1,0
1514,2024,500,0,0,,,,0,0,0,0,0
1514,2024,600,0,0,,,,0,0,0,1,0
1514,2024,700,0,0,,,,0,0,1,1,0
1515,2024,100,0,0,,,,0,1,0,1,0
1515,2024,200,1,1,,,No Previous Data,1,1,1,1,1
1515,2024,300,0,0,,,,0,0,0,1,0
1515,2024,400,0,0,,,,1,1,1,1,1
1515,2024,500,0,0,,,,0,0,0,0,0
1515,2024,600,0,0,,,,0,0,0,0,0
1515,2024,700,0,0,,,,0,0,0,1,0
1516,2024,100,0,0,,,,1,1,0,1,1
1516,2024,200,0,0,,,,1,1,1,1,1
1516,2024,300,1,1,100.0,C2,Switched,1,1,1,1,1
1516,2024,400,0,0,,,,0,0,0,1,0
1516,2024,500,0,0,,,,0,0,0,0,0
1516,2024,600,0,0,,,,0,0,0,0,0
1516,2024,700,0,0,,,,0,0,0,1,0
1517,2024,100,0,0,,,,0,0,0,1,0
1517,2024,200,0,0,,,,1,1,1,1,1
1517,2024,300,1,1,400.0,Cozy,Switched,1,1,1,1,1
1517,2024,400,0,0,,,,0,0,0,1,0
1517,2024,500,0,0,,,,0,0,0,1,0
1517,2024,600,0,0,,,,0,0,0,1,0
1517,2024,700,0,0,,,,0,0,0,1,0
1518,2024,100,0,0,,,,0,0,1,1,0
1518,2024,200,1,1,,,No Previous Data,1,1,1,1,1
1518,2024,300,0,0,,,,0,0,0,1,0
1518,2024,400,0,0,,,,1,1,1,1,1
1518,2024,500,0,0,,,,0,0,0,0,0
1518,2024,600,0,0,,,,0,0,0,0,0
1518,2024,700,0,0,,,,1,1,0,1,0
1519,2024,100,0,0,,,,1,1,1,1,1
1519,2024,200,0,0,,,,0,1,1,1,0
1519,2024,300,1,1,,,No Previous Data,1,1,1,1,1
1519,2024,400,0,0,,,,0,0,0,1,0
1519,2024,500,0,0,,,,0,1,0,1,0
1519,2024,600,0,0,,,,0,0,0,1,0
1519,2024,700,0,0,,,,0,0,0,1,0
1520,2024,100,0,0,,,,1,1,1,1,1
1520,2024,200,1,1,,,No Previous Data,1,1,1,1,1
1520,2024,300,0,0,,,,1,1,0,1,1
1520,2024,400,0,0,,,,1,1,0,1,1
1520,2024,500,0,0,,,,0,0,0,1,0
1520,2024,600,0,0,,,,0,0,0,1,0
1520,2024,700,0,0,,,,0,0,0,1,0
1521,2024,100,0,0,,,,1,0,1,1,0
1521,2024,200,0,0,,,,1,1,1,1,0
1521,2024,300,0,0,,,,0,0,0,1,0
1521,2024,400,0,0,,,,0,1,0,1,0
1521,2024,500,0,0,,,,0,0,0,0,0
1521,2024,600,0,0,,,,0,0,0,0,0
1521,2024,700,1,1,100.0,C2,Switched,1,1,1,1,0
1522,2024,100,1,0,,,,1,1,1,1,1
1522,2024,200,0,0,,,,1,1,0,1,1
1522,2024,300,0,0,,,,1,1,0,1,1
1522,2024,400,0,0,,,,0,0,0,0,0
1522,2024,500,0,0,,,,1,1,0,1,0
1522,2024,600,0,0,,,,0,0,0,0,0
1522,2024,700,0,1,,,No Previous Data,1,1,0,1,1
1523,2024,100,1,1,200.0,Olong Tea Plus,Switched,1,1,1,1,1
1523,2024,200,0,0,,,,1,1,0,1,1
1523,2024,300,0,0,,,,0,0,0,0,0
1523,2024,400,0,0,,,,1,1,0,1,1
1523,2024,500,0,0,,,,0,0,0,1,0
1523,2024,600,0,0,,,,1,1,0,1,1
1523,2024,700,0,0,,,,1,1,0,1,1
1524,2024,100,1,0,,,,1,1,1,1,1
1524,2024,200,0,0,,,,1,1,0,1,1
1524,2024,300,0,0,,,,1,1,0,1,0
1524,2024,400,0,0,,,,0,0,0,0,0
1524,2024,500,0,0,,,,1,1,0,1,1
1524,2024,600,0,0,,,,0,0,0,0,0
1524,2024,700,0,1,,,No Previous Data,1,1,0,1,1
1525,2024,100,0,0,,,,1,1,1,1,1
1525,2024,200,0,0,,,,1,1,1,1,1
1525,2024,300,0,0,,,,1,0,0,1,0
1525,2024,400,1,1,,,No Previous Data,1,1,1,1,1
1525,2024,500,0,0,,,,0,0,0,0,0
1525,2024,600,0,0,,,,0,0,0,1,0
1525,2024,700,0,0,,,,0,0,0,1,0
1526,2024,100,1,0,,,,1,1,1,1,1
1526,2024,200,0,0,,,,1,1,0,1,1
1526,2024,300,0,0,,,,0,0,0,0,0
1526,2024,400,0,0,,,,0,0,0,0,0
1526,2024,500,0,0,,,,1,1,0,1,0
1526,2024,600,0,0,,,,0,0,0,0,0
1526,2024,700,0,1,,,No Previous Data,1,1,0,1,1
1527,2024,100,1,1,200.0,Olong Tea Plus,Switched,1,1,1,1,1
1527,2024,200,0,0,,,,1,1,0,1,1
1527,2024,300,0,0,,,,0,0,0,0,0
1527,2024,400,0,0,,,,1,1,0,1,1
1527,2024,500,0,0,,,,0,0,0,0,0
1527,2024,600,0,0,,,,0,1,0,1,0
1527,2024,700,0,0,,,,0,0,0,0,0
1528,2024,100,1,0,,,,1,1,1,1,1
1528,2024,200,0,0,,,,1,1,0,1,1
1528,2024,300,0,0,,,,0,0,0,0,0
1528,2024,400,0,0,,,,0,0,0,0,0
1528,2024,500,0,0,,,,0,0,0,0,0
1528,2024,600,0,0,,,,0,0,0,0,0
1528,2024,700,0,1,,,No Previous Data,1,1,0,1,1
1529,2024,100,0,0,,,,1,1,0,1,1
1529,2024,200,1,1,100.0,C2,Switched,1,1,1,1,1
1529,2024,300,0,0,,,,0,0,0,0,0
1529,2024,400,0,0,,,,0,1,0,1,0
1529,2024,500,0,0,,,,0,0,0,0,0
1529,2024,600,0,0,,,,0,0,0,1,0
1529,2024,700,0,0,,,,0,0,0,1,0
1530,2024,100,0,0,,,,1,0,1,1,0
1530,2024,200,1,1,,,No Previous Data,1,1,1,1,1
1530,2024,300,0,0,,,,0,0,1,1,0
1530,2024,400,0,0,,,,1,0,0,1,0
1530,2024,500,0,0,,,,0,0,0,0,0
1530,2024,600,0,0,,,,0,0,0,1,0
1530,2024,700,0,0,,,,0,0,0,1,0
1531,2024,100,0,0,,,,0,0,0,0,0
1531,2024,200,1,0,,,,1,1,1,1,1
1531,2024,300,0,0,,,,1,1,0,1,1
1531,2024,400,0,0,,,,0,0,0,0,0
1531,2024,500,0,0,,,,0,1,0,1,0
1531,2024,600,0,0,,,,0,0,0,0,0
1531,2024,700,0,1,,,No Previous Data,1,1,0,1,1
1532,2024,100,1,0,,,,1,1,1,1,1
1532,2024,200,0,0,,,,1,1,0,1,1
1532,2024,300,0,0,,,,0,1,0,1,0
1532,2024,400,0,0,,,,0,0,0,0,0
1532,2024,500,0,0,,,,0,1,0,1,0
1532,2024,600,0,0,,,,0,0,0,0,0
1532,2024,700,0,1,,,No Previous Data,1,1,0,1,1
1533,2024,100,0,0,,,,0,1,0,1,0
1533,2024,200,1,1,,,No Previous Data,1,1,1,1,1
1533,2024,300,0,0,,,,1,0,0,1,0
1533,2024,400,0,0,,,,0,0,0,1,0
1533,2024,500,0,0,,,,0,0,0,1,0
1533,2024,600,0,0,,,,0,0,0,1,0
1533,2024,700,0,0,,,,0,0,0,1,0
1534,2024,100,0,0,,,,1,0,0,1,0
1534,2024,200,0,0,,,,1,1,1,1,0
1534,2024,300,1,1,,,No Previous Data,1,1,1,1,1
1534,2024,400,0,0,,,,1,0,0,1,0
1534,2024,500,0,0,,,,0,0,0,1,0
1534,2024,600,0,0,,,,0,0,0,0,0
1534,2024,700,0,0,,,,0,0,0,1,0
1535,2024,100,0,1,200.0,Olong Tea Plus,Switched,1,1,1,1,1
1535,2024,200,1,0,,,,1,1,1,1,1
1535,2024,300,0,0,,,,1,0,1,1,0
1535,2024,400,0,0,,,,0,0,1,1,0
1535,2024,500,0,0,,,,0,0,0,0,0
1535,2024,600,0,0,,,,0,0,0,0,0
1535,2024,700,0,0,,,,0,0,1,1,0
1536,2024,100,1,1,,,No Previous Data,1,1,1,1,1
1536,2024,200,0,0,,,,0,1,1,1,0
1536,2024,300,0,0,,,,1,1,1,1,0
1536,2024,400,0,0,,,,0,0,1,1,0
1536,2024,500,0,0,,,,0,1,0,1,0
1536,2024,600,0,0,,,,0,1,0,1,0
1536,2024,700,0,0,,,,0,1,0,1,0
1537,2024,100,0,0,,,,0,0,0,1,0
1537,2024,200,1,1,600.0,Dr. Thanh,Switched,1,1,1,1,1
1537,2024,300,0,0,,,,0,0,1,1,0
1537,2024,400,0,0,,,,0,0,1,1,0
1537,2024,500,0,0,,,,0,0,0,1,0
1537,2024,600,0,0,,,,0,0,0,1,0
1537,2024,700,0,0,,,,0,0,0,1,0
1538,2024,100,1,0,,,,0,1,1,1,0
1538,2024,200,0,1,600.0,Dr. Thanh,Switched,1,1,0,1,1
1538,2024,300,0,0,,,,0,0,0,1,0
1538,2024,400,0,0,,,,0,0,0,1,0
1538,2024,500,0,0,,,,0,0,0,0,0
1538,2024,600,0,0,,,,0,0,0,1,0
1538,2024,700,0,0,,,,0,0,0,1,0
1539,2024,100,0,0,,,,0,1,0,1,0
1539,2024,200,1,1,,,No Previous Data,1,1,1,1,1
1539,2024,300,0,0,,,,0,1,1,1,0
1539,2024,400,0,0,,,,0,0,0,1,0
1539,2024,500,0,0,,,,0,0,0,0,0
1539,2024,600,0,0,,,,0,0,0,1,0
1539,2024,700,0,0,,,,1,1,0,1,0
1540,2024,100,0,0,,,,1,1,1,1,1
1540,2024,200,0,1,,,No Previous Data,1,1,1,1,1
1540,2024,300,1,0,,,,1,1,1,1,1
1540,2024,400,0,0,,,,0,0,0,1,0
1540,2024,500,0,0,,,,0,0,0,0,0
1540,2024,600,0,0,,,,0,0,0,1,0
1540,2024,700,0,0,,,,0,0,0,1,0
1541,2024,100,0,0,,,,1,1,1,1,0
1541,2024,200,1,1,,,No Previous Data,1,1,1,1,1
1541,2024,300,0,0,,,,0,0,0,1,0
1541,2024,400,0,0,,,,0,0,1,1,0
1541,2024,500,0,0,,,,0,0,0,0,0
1541,2024,600,0,0,,,,0,0,0,0,0
1541,2024,700,0,0,,,,0,0,0,0,0
1542,2024,100,0,0,,,,0,1,1,1,0
1542,2024,200,1,1,,,No Previous Data,1,1,1,1,1
1542,2024,300,0,0,,,,0,0,0,0,0
1542,2024,400,0,0,,,,0,0,0,0,0
1542,2024,500,0,0,,,,0,0,0,0,0
1542,2024,600,0,0,,,,0,0,0,0,0
1542,2024,700,0,0,,,,0,0,0,0,0
1543,2024,100,0,0,,,,1,1,1,1,1
1543,2024,200,0,1,100.0,C2,Switched,1,1,1,1,1
1543,2024,300,1,0,,,,0,1,1,1,0
1543,2024,400,0,0,,,,0,0,0,1,0
1543,2024,500,0,0,,,,0,1,0,1,0
1543,2024,600,0,0,,,,1,0,0,1,0
1543,2024,700,0,0,,,,0,0,0,1,0
1544,2024,100,0,0,,,,0,1,0,1,0
1544,2024,200,1,1,,,No Previous Data,1,1,1,1,1
1544,2024,300,0,0,,,,0,0,1,1,0
1544,2024,400,0,0,,,,0,0,0,1,0
1544,2024,500,0,0,,,,0,0,0,1,0
1544,2024,600,0,0,,,,0,0,0,1,0
1544,2024,700,0,0,,,,0,0,0,0,0
1545,2024,100,0,0,,,,0,1,0,1,0
1545,2024,200,0,0,,,,1,1,1,1,0
1545,2024,300,1,1,,,No Previous Data,1,1,1,1,1
1545,2024,400,0,0,,,,0,0,0,1,0
1545,2024,500,0,0,,,,0,0,0,1,0
1545,2024,600,0,0,,,,0,0,1,1,0
1545,2024,700,0,0,,,,0,0,0,1,0
1546,2024,100,0,0,,,,1,0,1,1,0
1546,2024,200,1,1,,,No Previous Data,1,1,1,1,1
1546,2024,300,0,0,,,,1,1,1,1,1
1546,2024,400,0,0,,,,1,0,0,1,0
1546,2024,500,0,0,,,,0,0,0,1,0
1546,2024,600,0,0,,,,0,0,0,1,0
1546,2024,700,0,0,,,,0,0,0,1,0
1547,2024,100,1,0,,,,1,1,1,1,1
1547,2024,200,0,0,,,,0,1,1,1,0
1547,2024,300,0,1,100.0,C2,Switched,1,1,1,1,1
1547,2024,400,0,0,,,,1,1,0,1,1
1547,2024,500,0,0,,,,0,0,0,1,0
1547,2024,600,0,0,,,,1,1,0,1,1
1547,2024,700,0,0,,,,0,0,0,1,0
1548,2024,100,0,0,,,,1,1,0,1,1
1548,2024,200,0,0,,,,0,1,0,1,0
1548,2024,300,0,0,,,,0,0,0,1,0
1548,2024,400,0,0,,,,0,0,0,1,0
1548,2024,500,0,0,,,,0,0,0,0,0
1548,2024,600,0,0,,,,0,0,0,0,0
1548,2024,700,1,1,400.0,Cozy,Switched,1,1,1,1,0
1549,2024,100,1,1,,,No Previous Data,1,1,1,1,1
1549,2024,200,0,0,,,,1,1,1,1,0
1549,2024,300,0,0,,,,1,1,0,1,1
1549,2024,400,0,0,,,,0,1,0,1,0
1549,2024,500,0,0,,,,0,0,0,0,0
1549,2024,600,0,0,,,,0,1,0,1,0
1549,2024,700,0,0,,,,0,1,0,1,0
1550,2024,100,0,0,,,,0,0,0,1,0
1550,2024,200,1,1,,,No Previous Data,1,1,1,1,1
1550,2024,300,0,0,,,,0,0,0,1,0
1550,2024,400,0,0,,,,0,0,0,1,0
1550,2024,500,0,0,,,,0,0,0,0,0
1550,2024,600,0,0,,,,0,0,0,0,0
1550,2024,700,0,0,,,,0,0,0,1,0
1551,2024,100,0,0,,,,0,0,0,1,0
1551,2024,200,0,0,,,,0,0,1,1,0
1551,2024,300,1,1,,,No Previous Data,1,1,1,1,1
1551,2024,400,0,0,,,,0,0,0,1,0
1551,2024,500,0,0,,,,0,0,0,1,0
1551,2024,600,0,0,,,,0,0,0,1,0
1551,2024,700,0,0,,,,0,0,0,1,0
1552,2024,100,0,0,,,,0,0,1,1,0
1552,2024,200,0,0,,,,0,0,1,1,0
1552,2024,300,1,1,,,No Previous Data,1,1,1,1,1
1552,2024,400,0,0,,,,0,0,0,1,0
1552,2024,500,0,0,,,,0,0,0,0,0
1552,2024,600,0,0,,,,0,0,0,1,0
1552,2024,700,0,0,,,,0,0,0,1,0
1553,2024,100,0,0,,,,1,1,1,1,1
1553,2024,200,0,0,,,,1,1,1,1,1
1553,2024,300,1,1,400.0,Cozy,Switched,1,1,1,1,1
1553,2024,400,0,0,,,,0,0,0,1,0
1553,2024,500,0,0,,,,0,0,0,0,0
1553,2024,600,0,0,,,,0,0,0,0,0
1553,2024,700,0,0,,,,0,0,0,0,0
1554,2024,100,1,1,,,No Previous Data,1,1,1,1,1
1554,2024,200,0,0,,,,1,1,1,1,1
1554,2024,300,0,0,,,,0,0,0,1,0
1554,2024,400,0,0,,,,0,0,1,1,0
1554,2024,500,0,0,,,,0,0,0,1,0
1554,2024,600,0,0,,,,0,0,0,1,0
1554,2024,700,0,0,,,,0,0,0,1,0
1555,2024,100,0,0,,,,1,1,1,1,1
1555,2024,200,1,1,100.0,C2,Switched,1,1,1,1,1
1555,2024,300,0,0,,,,1,0,1,1,0
1555,2024,400,0,0,,,,0,0,1,1,0
1555,2024,500,0,0,,,,0,0,0,0,0
1555,2024,600,0,0,,,,0,0,0,1,0
1555,2024,700,0,0,,,,1,0,0,1,0
1556,2024,100,1,1,,,No Previous Data,1,1,1,1,1
1556,2024,200,0,0,,,,1,0,0,1,0
1556,2024,300,0,0,,,,0,0,0,1,0
1556,2024,400,0,0,,,,1,1,1,1,1
1556,2024,500,0,0,,,,0,0,0,1,0
1556,2024,600,0,0,,,,0,0,0,1,0
1556,2024,700,0,0,,,,0,0,0,1,0
1557,2024,100,0,0,,,,0,0,0,1,0
1557,2024,200,1,1,,,No Previous Data,1,1,1,1,1
1557,2024,300,0,0,,,,0,0,0,1,0
1557,2024,400,0,0,,,,0,0,1,1,0
1557,2024,500,0,0,,,,0,0,0,0,0
1557,2024,600,0,0,,,,0,0,0,0,0
1557,2024,700,0,0,,,,0,0,0,1,0
1558,2024,100,0,0,,,,0,0,1,1,0
1558,2024,200,0,0,,,,1,1,1,1,1
1558,2024,300,1,1,200.0,Olong Tea Plus,Switched,1,1,1,1,1
1558,2024,400,0,0,,,,0,0,1,1,0
1558,2024,500,0,0,,,,0,0,0,1,0
1558,2024,600,0,0,,,,0,0,0,0,0
1558,2024,700,0,0,,,,0,0,1,1,0
1559,2024,100,0,0,,,,0,0,0,1,0
1559,2024,200,1,1,,,No Previous Data,1,1,1,1,1
1559,2024,300,0,0,,,,1,1,0,1,1
1559,2024,400,0,0,,,,1,1,1,1,1
1559,2024,500,0,0,,,,0,0,0,0,0
1559,2024,600,0,0,,,,0,0,0,1,0
1559,2024,700,0,0,,,,0,1,0,1,0
1560,2024,100,1,1,,,No Previous Data,1,1,1,1,1
1560,2024,200,0,0,,,,0,1,1,1,0
1560,2024,300,0,0,,,,0,1,0,1,0
1560,2024,400,0,0,,,,0,0,0,0,0
1560,2024,500,0,0,,,,0,0,0,0,0
1560,2024,600,0,0,,,,0,0,0,0,0
1560,2024,700,0,0,,,,0,0,0,0,0
1561,2024,100,1,1,,,No Previous Data,1,1,1,1,1
1561,2024,200,0,0,,,,0,0,1,1,0
1561,2024,300,0,0,,,,1,0,0,1,0
1561,2024,400,0,0,,,,0,0,0,0,0
1561,2024,500,0,0,,,,0,0,0,1,0
1561,2024,600,0,0,,,,0,0,0,1,0
1561,2024,700,0,0,,,,0,0,0,1,0
1562,2024,100,1,0,,,,1,1,1,1,1
1562,2024,200,0,0,,,,0,0,0,1,0
1562,2024,300,0,1,,,No Previous Data,1,1,1,1,1
1562,2024,400,0,0,,,,0,0,1,1,0
1562,2024,500,0,0,,,,0,0,0,0,0
1562,2024,600,0,0,,,,0,0,0,0,0
1562,2024,700,0,0,,,,0,0,0,0,0
1563,2024,100,0,0,,,,0,0,1,1,0
1563,2024,200,0,0,,,,1,0,1,1,0
1563,2024,300,1,1,200.0,Olong Tea Plus,Switched,1,1,1,1,1
1563,2024,400,0,0,,,,0,0,0,1,0
1563,2024,500,0,0,,,,0,0,0,0,0
1563,2024,600,0,0,,,,0,0,0,1,0
1563,2024,700,0,0,,,,0,0,0,0,0
1564,2024,100,1,1,,,No Previous Data,1,1,1,1,1
1564,2024,200,0,0,,,,1,1,1,1,1
1564,2024,300,0,0,,,,0,0,1,1,0
1564,2024,400,0,0,,,,0,0,0,1,0
1564,2024,500,0,0,,,,0,0,0,1,0
1564,2024,600,0,0,,,,0,0,0,1,0
1564,2024,700,0,0,,,,0,0,0,1,0
1565,2024,100,0,0,,,,1,1,1,1,0
1565,2024,200,1,1,,,No Previous Data,1,1,1,1,1
1565,2024,300,0,0,,,,0,0,0,0,0
1565,2024,400,0,0,,,,0,0,0,0,0
1565,2024,500,0,0,,,,0,0,0,0,0
1565,2024,600,0,0,,,,0,1,0,1,0
1565,2024,700,0,0,,,,0,0,0,0,0
1566,2024,100,1,1,,,No Previous Data,1,1,1,1,1
1566,2024,200,0,0,,,,1,1,1,1,0
1566,2024,300,0,0,,,,1,1,0,1,0
1566,2024,400,0,0,,,,0,0,1,1,0
1566,2024,500,0,0,,,,0,0,0,0,0
1566,2024,600,0,0,,,,0,0,0,0,0
1566,2024,700,0,0,,,,0,0,0,0,0
1567,2024,100,1,1,,,No Previous Data,1,1,1,1,1
1567,2024,200,0,0,,,,1,1,1,1,1
1567,2024,300,0,0,,,,0,0,1,1,0
1567,2024,400,0,0,,,,0,0,1,1,0
1567,2024,500,0,0,,,,0,0,0,0,0
1567,2024,600,0,0,,,,0,0,0,0,0
1567,2024,700,0,0,,,,1,1,1,1,1
1568,2024,100,1,1,,,No Previous Data,1,1,1,1,1
1568,2024,200,0,0,,,,1,0,1,1,0
1568,2024,300,0,0,,,,0,1,0,1,0
1568,2024,400,0,0,,,,0,0,1,1,0
1568,2024,500,0,0,,,,0,0,0,1,0
1568,2024,600,0,0,,,,0,0,0,0,0
1568,2024,700,0,0,,,,0,0,0,1,0
1569,2024,100,1,1,,,No Previous Data,1,1,1,1,1
1569,2024,200,0,0,,,,0,0,0,1,0
1569,2024,300,0,0,,,,1,1,1,1,1
1569,2024,400,0,0,,,,0,0,0,1,0
1569,2024,500,0,0,,,,0,0,0,1,0
1569,2024,600,0,0,,,,1,1,1,1,1
1569,2024,700,0,0,,,,0,0,0,1,0
1570,2024,100,0,0,,,,1,1,1,1,1
1570,2024,200,0,0,,,,0,1,1,1,0
1570,2024,300,1,1,,,No Previous Data,1,1,1,1,1
1570,2024,400,0,0,,,,0,0,0,1,0
1570,2024,500,0,0,,,,0,0,0,1,0
1570,2024,600,0,0,,,,0,0,1,1,0
1570,2024,700,0,0,,,,0,1,0,1,0
1571,2024,100,0,0,,,,0,0,0,1,0
1571,2024,200,0,0,,,,0,0,0,1,0
1571,2024,300,0,0,,,,1,1,1,1,1
1571,2024,400,0,0,,,,0,0,1,1,0
1571,2024,500,1,1,400.0,Cozy,Switched,1,1,1,1,1
1571,2024,600,0,0,,,,0,0,0,0,0
1571,2024,700,0,0,,,,0,0,0,0,0
1572,2024,100,1,1,,,No Previous Data,1,1,1,1,1
1572,2024,200,0,0,,,,0,0,1,1,0
1572,2024,300,0,0,,,,0,0,0,1,0
1572,2024,400,0,0,,,,0,0,0,1,0
1572,2024,500,0,0,,,,0,0,0,0,0
1572,2024,600,0,0,,,,1,1,0,1,1
1572,2024,700,0,0,,,,0,0,0,1,0
1573,2024,100,0,0,,,,1,1,1,1,1
1573,2024,200,1,1,,,No Previous Data,1,1,1,1,1
1573,2024,300,0,0,,,,1,1,1,1,1
1573,2024,400,0,0,,,,0,0,0,1,0
1573,2024,500,0,0,,,,0,0,0,0,0
1573,2024,600,0,0,,,,0,0,0,1,0
1573,2024,700,0,0,,,,0,0,0,1,0
1574,2024,100,0,0,,,,0,0,1,1,0
1574,2024,200,0,0,,,,1,0,1,1,0
1574,2024,300,0,0,,,,0,0,1,1,0
1574,2024,400,0,0,,,,0,0,0,0,0
1574,2024,500,0,0,,,,0,0,0,0,0
1574,2024,600,0,0,,,,0,0,0,0,0
1574,2024,700,1,1,,,No Previous Data,1,1,1,1,1
1575,2024,100,0,0,,,,1,0,0,1,0
1575,2024,200,0,0,,,,1,0,1,1,0
1575,2024,300,1,1,200.0,Olong Tea Plus,Switched,1,1,1,1,1
1575,2024,400,0,0,,,,0,0,0,1,0
1575,2024,500,0,0,,,,0,0,0,1,0
1575,2024,600,0,0,,,,0,0,0,0,0
1575,2024,700,0,0,,,,1,0,0,1,0
1576,2024,100,1,1,,,No Previous Data,1,1,1,1,1
1576,2024,200,0,0,,,,0,0,1,1,0
1576,2024,300,0,0,,,,1,1,1,1,1
1576,2024,400,0,0,,,,0,0,0,1,0
1576,2024,500,0,0,,,,0,0,0,0,0
1576,2024,600,0,0,,,,0,0,0,1,0
1576,2024,700,0,0,,,,0,0,0,1,0
1577,2024,100,0,0,,,,0,1,1,1,0
1577,2024,200,1,1,100.0,C2,Switched,1,1,1,1,1
1577,2024,300,0,0,,,,0,1,1,1,0
1577,2024,400,0,0,,,,0,0,0,1,0
1577,2024,500,0,0,,,,0,0,0,0,0
1577,2024,600,0,0,,,,0,0,0,0,0
1577,2024,700,0,0,,,,1,0,1,1,0
1578,2024,100,0,0,,,,1,1,1,1,0
1578,2024,200,1,1,,,No Previous Data,1,1,1,1,1
1578,2024,300,0,0,,,,0,0,1,1,0
1578,2024,400,0,0,,,,0,0,0,1,0
1578,2024,500,0,0,,,,0,0,0,0,0
1578,2024,600,0,0,,,,0,0,0,0,0
1578,2024,700,0,0,,,,0,0,0,0,0
1579,2024,100,0,0,,,,0,0,1,1,0
1579,2024,200,1,1,,,No Previous Data,1,1,1,1,1
1579,2024,300,0,0,,,,0,0,0,1,0
1579,2024,400,0,0,,,,1,1,1,1,1
1579,2024,500,0,0,,,,0,0,0,1,0
1579,2024,600,0,0,,,,0,0,0,1,0
1579,2024,700,0,0,,,,0,0,0,1,0
1580,2024,100,1,1,,,No Previous Data,1,1,1,1,1
1580,2024,200,0,0,,,,1,1,1,1,1
1580,2024,300,0,0,,,,1,1,0,1,1
1580,2024,400,0,0,,,,0,1,0,1,0
1580,2024,500,0,0,,,,0,1,0,1,0
1580,2024,600,0,0,,,,0,1,0,1,0
1580,2024,700,0,0,,,,0,1,0,1,0
1581,2024,100,0,0,,,,1,0,0,1,0
1581,2024,200,0,0,,,,1,1,0,1,0
1581,2024,300,0,0,,,,1,1,1,1,1
1581,2024,400,1,1,,,No Previous Data,1,1,1,1,1
1581,2024,500,0,0,,,,0,0,0,0,0
1581,2024,600,0,0,,,,0,0,0,1,0
1581,2024,700,0,0,,,,0,0,0,1,0
1582,2024,100,0,0,,,,1,0,1,1,0
1582,2024,200,1,1,100.0,C2,Switched,1,1,1,1,1
1582,2024,300,0,0,,,,1,1,1,1,0
1582,2024,400,0,0,,,,0,0,0,1,0
1582,2024,500,0,0,,,,0,0,0,0,0
1582,2024,600,0,0,,,,0,0,0,1,0
1582,2024,700,0,0,,,,0,0,0,1,0
1583,2024,100,0,0,,,,0,0,0,1,0
1583,2024,200,0,0,,,,0,0,0,1,0
1583,2024,300,1,1,,,No Previous Data,1,1,1,1,1
1583,2024,400,0,0,,,,1,0,0,1,0
1583,2024,500,0,0,,,,0,0,0,0,0
1583,2024,600,0,0,,,,1,0,0,1,0
1583,2024,700,0,0,,,,0,0,0,0,0
1584,2024,100,0,0,,,,0,0,0,1,0
1584,2024,200,0,0,,,,1,1,1,1,1
1584,2024,300,1,1,,,No Previous Data,1,1,1,1,1
1584,2024,400,0,0,,,,0,0,0,1,0
1584,2024,500,0,0,,,,0,0,0,0,0
1584,2024,600,0,0,,,,0,0,0,1,0
1584,2024,700,0,0,,,,0,0,0,0,0
1585,2024,100,0,0,,,,0,0,0,1,0
1585,2024,200,0,0,,,,0,0,1,1,0
1585,2024,300,1,1,,,No Previous Data,1,1,1,1,1
1585,2024,400,0,0,,,,0,0,0,1,0
1585,2024,500,0,0,,,,0,0,0,0,0
1585,2024,600,0,0,,,,0,0,0,1,0
1585,2024,700,0,0,,,,0,0,0,1,0
1586,2024,100,0,0,,,,1,1,0,1,1
1586,2024,200,0,0,,,,1,1,1,1,1
1586,2024,300,1,1,200.0,Olong Tea Plus,Switched,1,1,1,1,1
1586,2024,400,0,0,,,,1,0,0,1,0
1586,2024,500,0,0,,,,0,0,0,0,0
1586,2024,600,0,0,,,,0,0,0,1,0
1586,2024,700,0,0,,,,1,1,0,1,0
1587,2024,100,0,0,,,,1,1,1,1,1
1587,2024,200,1,1,,,No Previous Data,1,1,1,1,1
1587,2024,300,0,0,,,,0,0,0,1,0
1587,2024,400,0,0,,,,0,0,0,1,0
1587,2024,500,0,0,,,,0,0,0,1,0
1587,2024,600,0,0,,,,0,0,0,1,0
1587,2024,700,0,0,,,,0,0,0,1,0
1588,2024,100,1,1,,,No Previous Data,1,1,1,1,1
1588,2024,200,0,0,,,,0,1,0,1,0
1588,2024,300,0,0,,,,1,1,1,1,0
1588,2024,400,0,0,,,,1,0,1,1,0
1588,2024,500,0,0,,,,0,0,0,1,0
1588,2024,600,0,0,,,,0,0,1,1,0
1588,2024,700,0,0,,,,0,1,0,1,0
1589,2024,100,1,1,,,No Previous Data,1,1,1,1,1
1589,2024,200,0,0,,,,1,1,1,1,1
1589,2024,300,0,0,,,,0,0,0,1,0
1589,2024,400,0,0,,,,0,0,0,1,0
1589,2024,500,0,0,,,,0,0,0,0,0
1589,2024,600,0,0,,,,0,0,0,1,0
1589,2024,700,0,0,,,,0,0,0,1,0
1590,2024,100,1,1,,,No Previous Data,1,1,1,1,1
1590,2024,200,0,0,,,,0,0,0,1,0
1590,2024,300,0,0,,,,0,1,1,1,0
1590,2024,400,0,0,,,,0,0,0,1,0
1590,2024,500,0,0,,,,0,0,0,1,0
1590,2024,600,0,0,,,,0,0,0,0,0
1590,2024,700,0,0,,,,0,0,0,1,0
1591,2024,100,0,0,,,,1,1,1,1,1
1591,2024,200,0,0,,,,0,0,1,1,0
1591,2024,300,1,1,,,No Previous Data,1,1,1,1,1
1591,2024,400,0,0,,,,0,0,0,1,0
1591,2024,500,0,0,,,,0,0,0,0,0
1591,2024,600,0,0,,,,0,0,0,1,0
1591,2024,700,0,0,,,,0,0,0,0,0
1592,2024,100,1,0,,,,1,1,1,1,0
1592,2024,200,0,1,100.0,C2,Switched,1,1,1,1,1
1592,2024,300,0,0,,,,0,0,0,0,0
1592,2024,400,0,0,,,,0,0,0,1,0
1592,2024,500,0,0,,,,0,0,0,0,0
1592,2024,600,0,0,,,,0,0,0,1,0
1592,2024,700,0,0,,,,0,0,0,0,0
1593,2024,100,1,1,,,No Previous Data,1,1,1,1,1
1593,2024,200,0,0,,,,1,1,1,1,1
1593,2024,300,0,0,,,,1,1,1,1,0
1593,2024,400,0,0,,,,1,1,0,1,1
1593,2024,500,0,0,,,,0,0,0,0,0
1593,2024,600,0,0,,,,0,1,0,1,0
1593,2024,700,0,0,,,,0,1,0,1,0
1594,2024,100,1,1,,,No Previous Data,1,1,1,1,1
1594,2024,200,0,0,,,,1,1,1,1,1
1594,2024,300,0,0,,,,0,0,0,1,0
1594,2024,400,0,0,,,,0,0,0,1,0
1594,2024,500,0,0,,,,0,0,0,1,0
1594,2024,600,0,0,,,,0,0,0,1,0
1594,2024,700,0,0,,,,0,0,0,1,0
1595,2024,100,0,0,,,,0,0,0,1,0
1595,2024,200,0,0,,,,0,0,0,1,0
1595,2024,300,0,0,,,,1,1,1,1,1
1595,2024,400,1,1,,,No Previous Data,1,1,1,1,1
1595,2024,500,0,0,,,,0,0,0,0,0
1595,2024,600,0,0,,,,0,0,0,1,0
1595,2024,700,0,0,,,,0,0,0,0,0
1596,2024,100,0,0,,,,1,0,1,1,0
1596,2024,200,1,1,,,No Previous Data,1,1,1,1,1
1596,2024,300,0,0,,,,1,0,1,1,0
1596,2024,400,0,0,,,,0,0,0,1,0
1596,2024,500,0,0,,,,0,0,0,0,0
1596,2024,600,0,0,,,,0,0,0,1,0
1596,2024,700,0,0,,,,0,0,0,1,0
1597,2024,100,0,0,,,,0,0,1,1,0
1597,2024,200,0,0,,,,0,0,0,1,0
1597,2024,300,0,0,,,,0,0,0,1,0
1597,2024,400,0,0,,,,0,0,0,1,0
1597,2024,500,0,0,,,,0,0,0,1,0
1597,2024,600,1,1,,,No Previous Data,1,1,1,1,1
1597,2024,700,0,0,,,,0,1,0,1,0
1598,2024,100,0,0,,,,1,1,0,1,1
1598,2024,200,0,0,,,,0,1,0,1,0
1598,2024,300,0,0,,,,0,1,0,1,0
1598,2024,400,1,1,700.0,Khác,Switched,1,1,1,1,1
1598,2024,500,0,0,,,,0,0,1,1,0
1598,2024,600,0,0,,,,1,1,0,1,1
1598,2024,700,0,0,,,,0,1,1,1,0
1599,2024,100,0,0,,,,1,1,1,1,0
1599,2024,200,1,1,,,No Previous Data,1,1,1,1,1
1599,2024,300,0,0,,,,0,1,1,1,0
1599,2024,400,0,0,,,,1,1,1,1,1
1599,2024,500,0,0,,,,0,0,0,0,0
1599,2024,600,0,0,,,,0,1,0,1,0
1599,2024,700,0,0,,,,0,0,0,0,0
1600,2024,100,0,0,,,,0,0,0,1,0
1600,2024,200,0,0,,,,0,0,0,1,0
1600,2024,300,1,1,,,No Previous Data,1,1,1,1,1
1600,2024,400,0,0,,,,0,0,0,1,0
1600,2024,500,0,0,,,,0,0,0,0,0
1600,2024,600,0,0,,,,0,0,0,1,0
1600,2024,700,0,0,,,,0,0,0,0,0
1601,2024,100,0,0,,,,0,0,0,1,0
1601,2024,200,0,0,,,,0,0,0,1,0
1601,2024,300,0,0,,,,0,0,1,1,0
1601,2024,400,0,0,,,,0,0,0,1,0
1601,2024,500,1,1,,,No Previous Data,1,1,1,1,1
1601,2024,600,0,0,,,,0,0,0,1,0
1601,2024,700,0,0,,,,0,1,0,1,0
1602,2024,100,0,0,,,,0,0,0,1,0
1602,2024,200,0,1,300.0,Không Độ,Switched,1,1,0,1,1
1602,2024,300,1,0,,,,1,1,1,1,1
1602,2024,400,0,0,,,,1,1,0,1,1
1602,2024,500,0,0,,,,0,0,0,0,0
1602,2024,600,0,0,,,,1,0,0,1,0
1602,2024,700,0,0,,,,1,0,0,1,0
1603,2024,100,0,0,,,,0,1,0,1,0
1603,2024,200,0,0,,,,0,1,1,1,0
1603,2024,300,0,0,,,,0,1,0,1,0
1603,2024,400,1,1,,,No Previous Data,1,1,1,1,1
1603,2024,500,0,0,,,,0,0,0,0,0
1603,2024,600,0,0,,,,0,0,0,0,0
1603,2024,700,0,0,,,,1,1,1,1,0
1604,2024,100,0,0,,,,0,0,0,1,0
1604,2024,200,0,0,,,,0,0,0,1,0
1604,2024,300,0,0,,,,0,0,0,1,0
1604,2024,400,1,1,,,No Previous Data,1,1,1,1,1
1604,2024,500,0,0,,,,0,0,0,0,0
1604,2024,600,0,0,,,,0,0,0,0,0
1604,2024,700,0,0,,,,0,0,0,1,0
1605,2024,100,0,0,,,,0,0,1,1,0
1605,2024,200,1,1,,,No Previous Data,1,1,1,1,1
1605,2024,300,0,0,,,,0,0,0,0,0
1605,2024,400,0,0,,,,0,0,0,0,0
1605,2024,500,0,0,,,,0,0,0,0,0
1605,2024,600,0,0,,,,0,0,0,0,0
1605,2024,700,0,0,,,,0,0,0,0,0
1606,2024,100,0,0,,,,1,0,1,1,0
1606,2024,200,1,1,,,No Previous Data,1,1,1,1,1
1606,2024,300,0,0,,,,1,1,1,1,1
1606,2024,400,0,0,,,,0,0,0,1,0
1606,2024,500,0,0,,,,0,1,0,1,0
1606,2024,600,0,0,,,,0,0,0,1,0
1606,2024,700,0,0,,,,0,0,0,1,0
1607,2024,100,0,0,,,,0,0,0,1,0
1607,2024,200,0,0,,,,1,1,0,1,0
1607,2024,300,1,1,,,No Previous Data,1,1,1,1,1
1607,2024,400,0,0,,,,1,1,0,1,1
1607,2024,500,0,0,,,,0,0,0,1,0
1607,2024,600,0,0,,,,0,0,0,1,0
1607,2024,700,0,0,,,,0,0,0,1,0
1608,2024,100,0,0,,,,0,1,1,1,0
1608,2024,200,1,1,,,No Previous Data,1,1,1,1,1
1608,2024,300,0,0,,,,0,0,0,0,0
1608,2024,400,0,0,,,,0,0,0,1,0
1608,2024,500,0,0,,,,0,0,0,0,0
1608,2024,600,0,0,,,,0,0,0,0,0
1608,2024,700,0,0,,,,0,0,0,0,0
1609,2024,100,1,1,,,No Previous Data,1,1,1,1,1
1609,2024,200,0,0,,,,1,1,1,1,1
1609,2024,300,0,0,,,,0,1,1,1,0
1609,2024,400,0,0,,,,1,1,1,1,1
1609,2024,500,0,0,,,,0,0,0,0,0
1609,2024,600,0,0,,,,0,1,0,1,0
1609,2024,700,0,0,,,,0,1,0,1,0
1610,2024,100,0,0,,,,0,0,0,0,0
1610,2024,200,1,1,,,No Previous Data,1,1,1,1,1
1610,2024,300,0,0,,,,0,0,1,1,0
1610,2024,400,0,0,,,,0,0,1,1,0
1610,2024,500,0,0,,,,0,0,0,0,0
1610,2024,600,0,0,,,,0,0,0,1,0
1610,2024,700,0,0,,,,0,1,0,1,0
1611,2024,100,1,1,,,No Previous Data,1,1,1,1,1
1611,2024,200,0,0,,,,1,1,1,1,1
1611,2024,300,0,0,,,,1,1,0,1,0
1611,2024,400,0,0,,,,1,1,0,1,1
1611,2024,500,0,0,,,,0,0,0,0,0
1611,2024,600,0,0,,,,0,0,0,1,0
1611,2024,700,0,0,,,,0,0,0,1,0
1612,2024,100,1,1,,,No Previous Data,1,1,1,1,1
1612,2024,200,0,0,,,,1,1,1,1,1
1612,2024,300,0,0,,,,0,0,1,1,0
1612,2024,400,0,0,,,,0,0,0,1,0
1612,2024,500,0,0,,,,0,0,0,0,0
1612,2024,600,0,0,,,,0,0,0,1,0
1612,2024,700,0,0,,,,0,1,0,1,0
1613,2024,100,0,0,,,,1,1,1,1,1
1613,2024,200,0,0,,,,1,1,1,1,0
1613,2024,300,1,1,,,No Previous Data,1,1,1,1,1
1613,2024,400,0,0,,,,0,0,0,1,0
1613,2024,500,0,0,,,,0,0,0,0,0
1613,2024,600,0,0,,,,0,1,0,1,0
1613,2024,700,0,0,,,,0,0,0,1,0
1614,2024,100,0,0,,,,1,1,0,1,1
1614,2024,200,1,1,,,No Previous Data,1,1,1,1,1
1614,2024,300,0,0,,,,1,1,1,1,1
1614,2024,400,0,0,,,,1,0,0,1,0
1614,2024,500,0,0,,,,0,0,0,0,0
1614,2024,600,0,0,,,,0,0,0,0,0
1614,2024,700,0,0,,,,1,0,0,1,0
1615,2024,100,0,0,,,,0,0,0,1,0
1615,2024,200,1,1,,,No Previous Data,1,1,1,1,1
1615,2024,300,0,0,,,,0,0,0,1,0
1615,2024,400,0,0,,,,0,0,0,1,0
1615,2024,500,0,0,,,,0,0,0,0,0
1615,2024,600,0,0,,,,0,0,0,1,0
1615,2024,700,0,0,,,,0,0,0,1,0
1616,2024,100,0,0,,,,0,0,1,1,0
1616,2024,200,1,1,,,No Previous Data,1,1,1,1,1
1616,2024,300,0,0,,,,1,1,0,1,1
1616,2024,400,0,0,,,,0,0,0,1,0
1616,2024,500,0,0,,,,0,0,0,0,0
1616,2024,600,0,0,,,,0,0,0,1,0
1616,2024,700,0,0,,,,0,0,0,1,0
1617,2024,100,1,1,,,No Previous Data,1,1,1,1,1
1617,2024,200,0,0,,,,1,1,1,1,1
1617,2024,300,0,0,,,,1,1,1,1,1
1617,2024,400,0,0,,,,1,1,0,1,0
1617,2024,500,0,0,,,,0,0,0,0,0
1617,2024,600,0,0,,,,0,1,0,1,0
1617,2024,700,0,0,,,,0,0,0,0,0
1618,2024,100,1,1,,,No Previous Data,1,1,1,1,1
1618,2024,200,0,0,,,,0,0,0,1,0
1618,2024,300,0,0,,,,0,0,1,1,0
1618,2024,400,0,0,,,,0,0,1,1,0
1618,2024,500,0,0,,,,0,0,0,1,0
1618,2024,600,0,0,,,,0,0,0,1,0
1618,2024,700,0,0,,,,0,0,0,1,0
1619,2024,100,0,0,,,,0,0,1,1,0
1619,2024,200,1,1,,,No Previous Data,1,1,1,1,1
1619,2024,300,0,0,,,,0,0,0,0,0
1619,2024,400,0,0,,,,0,0,0,0,0
1619,2024,500,0,0,,,,0,0,0,0,0
1619,2024,600,0,0,,,,0,0,0,0,0
1619,2024,700,0,0,,,,0,0,0,0,0
1620,2024,100,0,0,,,,0,0,0,1,0
1620,2024,200,0,0,,,,0,0,0,1,0
1620,2024,300,1,1,,,No Previous Data,1,1,1,1,1
1620,2024,400,0,0,,,,0,0,1,1,0
1620,2024,500,0,0,,,,0,0,0,1,0
1620,2024,600,0,0,,,,0,0,0,1,0
1620,2024,700,0,0,,,,0,1,0,1,0
1621,2024,100,0,0,,,,1,1,1,1,0
1621,2024,200,1,1,,,No Previous Data,1,1,1,1,1
1621,2024,300,0,0,,,,0,1,0,1,0
1621,2024,400,0,0,,,,1,1,0,1,1
1621,2024,500,0,0,,,,0,0,0,0,0
1621,2024,600,0,0,,,,0,1,0,1,0
1621,2024,700,0,0,,,,0,0,0,0,0
1622,2024,100,0,0,,,,0,0,1,1,0
1622,2024,200,1,1,,,No Previous Data,1,1,1,1,1
1622,2024,300,0,0,,,,1,1,1,1,0
1622,2024,400,0,0,,,,0,0,0,1,0
1622,2024,500,0,0,,,,0,0,0,0,0
1622,2024,600,0,0,,,,0,0,0,1,0
1622,2024,700,0,0,,,,1,1,0,1,0
1623,2024,100,0,0,,,,1,1,1,1,1
1623,2024,200,0,0,,,,0,1,1,1,0
1623,2024,300,1,1,,,No Previous Data,1,1,1,1,1
1623,2024,400,0,0,,,,1,1,1,1,1
1623,2024,500,0,0,,,,0,0,0,0,0
1623,2024,600,0,0,,,,0,0,0,1,0
1623,2024,700,0,0,,,,0,0,0,0,0
1624,2024,100,0,0,,,,0,0,1,1,0
1624,2024,200,0,0,,,,0,0,1,1,0
1624,2024,300,1,1,,,No Previous Data,1,1,1,1,1
1624,2024,400,0,0,,,,0,0,1,1,0
1624,2024,500,0,0,,,,0,0,0,1,0
1624,2024,600,0,0,,,,0,0,1,1,0
1624,2024,700,0,0,,,,0,0,0,0,0
1625,2024,100,0,0,,,,0,1,0,1,0
1625,2024,200,0,0,,,,1,1,1,1,1
1625,2024,300,1,1,,,No Previous Data,1,1,1,1,1
1625,2024,400,0,0,,,,1,0,1,1,0
1625,2024,500,0,0,,,,0,0,0,0,0
1625,2024,600,0,0,,,,0,0,0,1,0
1625,2024,700,0,0,,,,0,0,0,1,0
1626,2024,100,1,1,,,No Previous Data,1,1,1,1,1
1626,2024,200,0,0,,,,1,1,1,1,1
1626,2024,300,0,0,,,,1,0,0,1,0
1626,2024,400,0,0,,,,0,0,0,1,0
1626,2024,500,0,0,,,,0,0,0,0,0
1626,2024,600,0,0,,,,0,0,0,0,0
1626,2024,700,0,0,,,,0,1,0,1,0
1627,2024,100,0,0,,,,0,0,0,1,0
1627,2024,200,0,0,,,,0,1,1,1,0
1627,2024,300,0,0,,,,0,0,0,1,0
1627,2024,400,0,0,,,,0,1,0,1,0
1627,2024,500,0,0,,,,0,0,0,0,0
1627,2024,600,0,0,,,,0,0,0,1,0
1627,2024,700,1,1,,,No Previous Data,1,1,1,1,0
1628,2024,100,1,1,,,No Previous Data,1,1,1,1,1
1628,2024,200,0,0,,,,0,0,0,1,0
1628,2024,300,0,0,,,,0,0,0,0,0
1628,2024,400,0,0,,,,1,1,1,1,1
1628,2024,500,0,0,,,,0,0,0,0,0
1628,2024,600,0,0,,,,0,0,0,1,0
1628,2024,700,0,0,,,,0,0,0,0,0
1629,2024,100,0,0,,,,1,0,1,1,0
1629,2024,200,0,0,,,,1,0,1,1,0
1629,2024,300,0,0,,,,1,1,1,1,1
1629,2024,400,1,1,300.0,Không Độ,Switched,1,1,1,1,1
1629,2024,500,0,0,,,,0,0,0,0,0
1629,2024,600,0,0,,,,0,0,0,1,0
1629,2024,700,0,0,,,,0,0,0,0,0
1630,2024,100,0,1,,,No Previous Data,1,1,1,1,1
1630,2024,200,1,0,,,,1,1,1,1,1
1630,2024,300,0,0,,,,1,1,0,1,1
1630,2024,400,0,0,,,,0,0,0,1,0
1630,2024,500,0,0,,,,0,0,0,0,0
1630,2024,600,0,0,,,,0,0,0,1,0
1630,2024,700,0,0,,,,0,0,0,1,0
1631,2024,100,1,1,,,No Previous Data,1,1,1,1,1
1631,2024,200,0,0,,,,0,1,1,1,0
1631,2024,300,0,0,,,,1,1,1,1,1
1631,2024,400,0,0,,,,0,0,1,1,0
1631,2024,500,0,0,,,,0,0,0,0,0
1631,2024,600,0,0,,,,0,0,0,1,0
1631,2024,700,0,0,,,,0,0,0,1,0
1632,2024,100,1,1,,,No Previous Data,1,1,1,1,1
1632,2024,200,0,0,,,,1,1,1,1,1
1632,2024,300,0,0,,,,0,1,1,1,0
1632,2024,400,0,0,,,,0,0,1,1,0
1632,2024,500,0,0,,,,0,0,0,0,0
1632,2024,600,0,0,,,,0,0,0,1,0
1632,2024,700,0,0,,,,0,0,0,0,0
1633,2024,100,1,1,,,No Previous Data,1,1,1,1,1
1633,2024,200,0,0,,,,1,0,1,1,0
1633,2024,300,0,0,,,,1,1,1,1,1
1633,2024,400,0,0,,,,0,0,0,1,0
1633,2024,500,0,0,,,,0,0,0,0,0
1633,2024,600,0,0,,,,0,0,0,1,0
1633,2024,700,0,0,,,,0,0,0,0,0
1634,2024,100,1,1,200.0,Olong Tea Plus,Switched,1,1,1,1,1
1634,2024,200,0,0,,,,0,1,1,1,0
1634,2024,300,0,0,,,,0,0,1,1,0
1634,2024,400,0,0,,,,0,0,0,1,0
1634,2024,500,0,0,,,,0,0,0,0,0
1634,2024,600,0,0,,,,0,0,0,1,0
1634,2024,700,0,0,,,,0,0,1,1,0
1635,2024,100,0,0,,,,0,0,0,0,0
1635,2024,200,1,1,,,No Previous Data,1,1,1,1,1
1635,2024,300,0,0,,,,0,0,0,1,0
1635,2024,400,0,0,,,,0,0,0,1,0
1635,2024,500,0,0,,,,0,0,0,1,0
1635,2024,600,0,0,,,,0,0,0,1,0
1635,2024,700,0,0,,,,0,0,0,1,0
1636,2024,100,0,0,,,,0,0,1,1,0
1636,2024,200,1,1,,,No Previous Data,1,1,1,1,1
1636,2024,300,0,0,,,,0,0,1,1,0
1636,2024,400,0,0,,,,0,0,1,1,0
1636,2024,500,0,0,,,,0,0,0,1,0
1636,2024,600,0,0,,,,0,0,0,1,0
1636,2024,700,0,0,,,,0,0,0,1,0
1637,2024,100,0,0,,,,1,0,1,1,0
1637,2024,200,0,0,,,,1,1,1,1,1
1637,2024,300,1,1,,,No Previous Data,1,1,1,1,1
1637,2024,400,0,0,,,,0,0,0,1,0
1637,2024,500,0,0,,,,0,0,0,0,0
1637,2024,600,0,0,,,,0,0,0,1,0
1637,2024,700,0,0,,,,0,0,0,1,0
1638,2024,100,0,0,,,,1,1,0,1,1
1638,2024,200,0,0,,,,1,1,1,1,1
1638,2024,300,1,1,,,No Previous Data,1,1,1,1,1
1638,2024,400,0,0,,,,0,0,0,1,0
1638,2024,500,0,0,,,,0,0,0,0,0
1638,2024,600,0,0,,,,0,0,0,1,0
1638,2024,700,0,0,,,,0,0,0,1,0
1639,2024,100,0,0,,,,0,1,0,1,0
1639,2024,200,1,1,,,No Previous Data,1,1,1,1,1
1639,2024,300,0,0,,,,0,0,0,1,0
1639,2024,400,0,0,,,,0,0,0,1,0
1639,2024,500,0,0,,,,0,0,0,1,0
1639,2024,600,0,0,,,,0,0,0,1,0
1639,2024,700,0,0,,,,0,0,0,1,0
1640,2024,100,1,1,,,No Previous Data,1,1,1,1,1
1640,2024,200,0,0,,,,0,0,1,1,0
1640,2024,300,0,0,,,,0,0,1,1,0
1640,2024,400,0,0,,,,0,0,0,1,0
1640,2024,500,0,0,,,,0,0,0,0,0
1640,2024,600,0,0,,,,0,0,0,1,0
1640,2024,700,0,0,,,,0,0,0,0,0
1641,2024,100,0,0,,,,0,0,1,1,0
1641,2024,200,0,0,,,,0,1,0,1,0
1641,2024,300,0,0,,,,1,1,1,1,1
1641,2024,400,1,1,,,No Previous Data,1,1,1,1,1
1641,2024,500,0,0,,,,0,0,0,0,0
1641,2024,600,0,0,,,,0,0,0,0,0
1641,2024,700,0,0,,,,0,0,0,1,0
1642,2024,100,0,0,,,,1,1,1,1,1
1642,2024,200,0,0,,,,0,1,1,1,0
1642,2024,300,1,1,,,No Previous Data,1,1,1,1,1
1642,2024,400,0,0,,,,0,0,0,1,0
1642,2024,500,0,0,,,,0,0,0,1,0
1642,2024,600,0,0,,,,1,1,0,1,0
1642,2024,700,0,0,,,,0,0,0,1,0
1643,2024,100,1,1,,,No Previous Data,1,1,1,1,1
1643,2024,200,0,0,,,,1,1,1,1,1
1643,2024,300,0,0,,,,0,0,0,1,0
1643,2024,400,0,0,,,,0,0,0,1,0
1643,2024,500,0,0,,,,0,0,0,0,0
1643,2024,600,0,0,,,,0,0,0,1,0
1643,2024,700,0,0,,,,1,0,0,1,0
1644,2024,100,1,1,400.0,Cozy,Switched,1,1,1,1,1
1644,2024,200,0,0,,,,1,1,0,1,1
1644,2024,300,0,0,,,,1,1,1,1,1
1644,2024,400,0,0,,,,1,0,0,1,0
1644,2024,500,0,0,,,,0,0,0,0,0
1644,2024,600,0,0,,,,0,0,0,0,0
1644,2024,700,0,0,,,,1,1,0,1,0
1645,2024,100,1,0,,,,1,1,1,1,1
1645,2024,200,0,0,,,,0,1,0,1,0
1645,2024,300,0,1,,,No Previous Data,1,1,1,1,1
1645,2024,400,0,0,,,,1,0,1,1,0
1645,2024,500,0,0,,,,0,0,0,0,0
1645,2024,600,0,0,,,,0,0,0,1,0
1645,2024,700,0,0,,,,0,0,0,0,0
1646,2024,100,1,1,,,No Previous Data,1,1,1,1,1
1646,2024,200,0,0,,,,1,1,1,1,1
1646,2024,300,0,0,,,,1,1,1,1,1
1646,2024,400,0,0,,,,1,1,1,1,1
1646,2024,500,0,0,,,,0,0,0,0,0
1646,2024,600,0,0,,,,0,0,0,1,0
1646,2024,700,0,0,,,,0,0,0,1,0
1647,2024,100,1,1,,,No Previous Data,1,1,1,1,1
1647,2024,200,0,0,,,,1,0,1,1,0
1647,2024,300,0,0,,,,0,0,1,1,0
1647,2024,400,0,0,,,,0,0,0,1,0
1647,2024,500,0,0,,,,0,0,0,1,0
1647,2024,600,0,0,,,,0,0,0,1,0
1647,2024,700,0,0,,,,0,0,0,1,0
1648,2024,100,0,0,,,,1,1,1,1,1
1648,2024,200,0,0,,,,0,0,1,1,0
1648,2024,300,1,1,,,No Previous Data,1,1,1,1,1
1648,2024,400,0,0,,,,1,0,1,1,0
1648,2024,500,0,0,,,,0,0,0,0,0
1648,2024,600,0,0,,,,0,0,0,0,0
1648,2024,700,0,0,,,,0,0,0,0,0
1649,2024,100,0,0,,,,0,0,0,1,0
1649,2024,200,0,0,,,,0,1,0,1,0
1649,2024,300,0,0,,,,0,0,0,1,0
1649,2024,400,1,1,,,No Previous Data,1,1,1,1,1
1649,2024,500,0,0,,,,0,1,0,1,0
1649,2024,600,0,0,,,,0,0,0,1,0
1649,2024,700,0,0,,,,0,0,0,1,0
1650,2024,100,0,0,,,,1,1,1,1,1
1650,2024,200,0,0,,,,1,1,1,1,1
1650,2024,300,1,1,,,No Previous Data,1,1,1,1,1
1650,2024,400,0,0,,,,1,1,1,1,1
1650,2024,500,0,0,,,,0,0,0,0,0
1650,2024,600,0,0,,,,0,0,0,1,0
1650,2024,700,0,0,,,,0,0,0,0,0
1651,2024,100,0,0,,,,0,0,0,1,0
1651,2024,200,0,0,,,,0,0,1,1,0
1651,2024,300,0,0,,,,0,0,1,1,0
1651,2024,400,0,0,,,,0,0,0,1,0
1651,2024,500,0,0,,,,0,0,0,0,0
1651,2024,600,0,0,,,,0,0,0,1,0
1651,2024,700,1,1,,,No Previous Data,1,1,1,1,0
1652,2024,100,0,0,,,,1,1,1,1,1
1652,2024,200,1,1,,,No Previous Data,1,1,1,1,1
1652,2024,300,0,0,,,,1,1,1,1,0
1652,2024,400,0,0,,,,1,1,1,1,1
1652,2024,500,0,0,,,,0,0,0,0,0
1652,2024,600,0,0,,,,0,0,0,1,0
1652,2024,700,0,0,,,,0,0,0,0,0
1653,2024,100,0,0,,,,0,0,1,1,0
1653,2024,200,1,1,,,No Previous Data,1,1,1,1,1
1653,2024,300,0,0,,,,0,0,1,1,0
1653,2024,400,0,0,,,,0,0,0,1,0
1653,2024,500,0,0,,,,0,0,0,1,0
1653,2024,600,0,0,,,,0,0,0,1,0
1653,2024,700,0,0,,,,0,0,0,1,0
1654,2024,100,0,1,200.0,Olong Tea Plus,Switched,1,1,1,1,1
1654,2024,200,0,0,,,,1,1,1,1,1
1654,2024,300,1,0,,,,1,1,1,1,1
1654,2024,400,0,0,,,,0,0,0,1,0
1654,2024,500,0,0,,,,0,0,0,1,0
1654,2024,600,0,0,,,,0,1,0,1,0
1654,2024,700,0,0,,,,0,0,0,1,0
1655,2024,100,1,1,,,No Previous Data,1,1,1,1,1
1655,2024,200,0,0,,,,1,1,1,1,0
1655,2024,300,0,0,,,,1,1,1,1,1
1655,2024,400,0,0,,,,1,1,1,1,1
1655,2024,500,0,0,,,,0,0,0,0,0
1655,2024,600,0,0,,,,0,0,0,1,0
1655,2024,700,0,0,,,,1,1,0,1,1
1656,2024,100,0,0,,,,0,0,1,1,0
1656,2024,200,0,0,,,,0,0,1,1,0
1656,2024,300,1,1,,,No Previous Data,1,1,1,1,1
1656,2024,400,0,0,,,,0,0,1,1,0
1656,2024,500,0,0,,,,0,0,0,1,0
1656,2024,600,0,0,,,,0,0,0,1,0
1656,2024,700,0,0,,,,0,0,0,1,0
1657,2024,100,1,0,,,,0,1,1,1,0
1657,2024,200,0,0,,,,1,1,1,1,1
1657,2024,300,0,1,,,No Previous Data,1,1,1,1,1
1657,2024,400,0,0,,,,1,1,1,1,1
1657,2024,500,0,0,,,,0,0,0,0,0
1657,2024,600,0,0,,,,0,1,0,1,0
1657,2024,700,0,0,,,,0,0,0,0,0
1658,2024,100,0,0,,,,0,0,0,1,0
1658,2024,200,0,1,300.0,Không Độ,Switched,1,1,0,1,1
1658,2024,300,1,0,,,,0,0,1,1,0
1658,2024,400,0,0,,,,0,0,0,0,0
1658,2024,500,0,0,,,,0,0,0,0,0
1658,2024,600,0,0,,,,0,0,0,0,0
1658,2024,700,0,0,,,,0,0,0,0,0
1659,2024,100,0,0,,,,0,0,0,1,0
1659,2024,200,1,1,,,No Previous Data,1,1,1,1,1
1659,2024,300,0,0,,,,1,1,1,1,1
1659,2024,400,0,0,,,,1,1,0,1,1
1659,2024,500,0,0,,,,0,0,0,0,0
1659,2024,600,0,0,,,,0,0,0,1,0
1659,2024,700,0,0,,,,0,1,0,1,0
1660,2024,100,0,0,,,,0,0,1,1,0
1660,2024,200,0,0,,,,0,0,0,1,0
1660,2024,300,1,1,,,No Previous Data,1,1,1,1,1
1660,2024,400,0,0,,,,0,0,1,1,0
1660,2024,500,0,0,,,,0,0,0,0,0
1660,2024,600,0,0,,,,0,0,0,1,0
1660,2024,700,0,0,,,,0,0,0,0,0
1661,2024,100,0,0,,,,0,0,0,1,0
1661,2024,200,0,0,,,,1,1,0,1,1
1661,2024,300,1,1,200.0,Olong Tea Plus,Switched,1,1,1,1,1
1661,2024,400,0,0,,,,1,1,0,1,0
1661,2024,500,0,0,,,,0,0,0,1,0
1661,2024,600,0,0,,,,0,0,0,0,0
1661,2024,700,0,0,,,,0,1,0,1,0
1662,2024,100,1,1,,,No Previous Data,1,1,1,1,1
1662,2024,200,0,0,,,,0,0,1,1,0
1662,2024,300,0,0,,,,0,0,0,1,0
1662,2024,400,0,0,,,,0,0,1,1,0
1662,2024,500,0,0,,,,0,0,0,1,0
1662,2024,600,0,0,,,,0,0,0,1,0
1662,2024,700,0,0,,,,0,0,0,0,0
1663,2024,100,0,0,,,,0,0,0,1,0
1663,2024,200,1,1,,,No Previous Data,1,1,1,1,1
1663,2024,300,0,0,,,,1,1,1,1,1
1663,2024,400,0,0,,,,0,0,0,1,0
1663,2024,500,0,0,,,,0,0,0,1,0
1663,2024,600,0,0,,,,0,0,0,0,0
1663,2024,700,0,0,,,,0,0,0,1,0
1664,2024,100,0,0,,,,0,0,1,1,0
1664,2024,200,1,1,,,No Previous Data,1,1,1,1,1
1664,2024,300,0,0,,,,0,0,1,1,0
1664,2024,400,0,0,,,,0,0,1,1,0
1664,2024,500,0,0,,,,0,0,0,1,0
1664,2024,600,0,0,,,,0,0,0,1,0
1664,2024,700,0,0,,,,0,0,0,0,0
1665,2024,100,1,1,,,No Previous Data,1,1,1,1,1
1665,2024,200,0,0,,,,1,0,1,1,0
1665,2024,300,0,0,,,,1,1,1,1,1
1665,2024,400,0,0,,,,1,1,1,1,1
1665,2024,500,0,0,,,,0,0,0,0,0
1665,2024,600,0,0,,,,0,0,0,0,0
1665,2024,700,0,0,,,,0,0,0,1,0
1666,2024,100,0,0,,,,0,1,0,1,0
1666,2024,200,1,1,,,No Previous Data,1,1,1,1,1
1666,2024,300,0,0,,,,0,1,1,1,0
1666,2024,400,0,0,,,,0,1,1,1,0
1666,2024,500,0,0,,,,0,0,0,0,0
1666,2024,600,0,0,,,,0,1,0,1,0
1666,2024,700,0,0,,,,1,1,0,1,0
1667,2024,100,0,0,,,,0,0,1,1,0
1667,2024,200,0,0,,,,0,0,1,1,0
1667,2024,300,1,1,,,No Previous Data,1,1,1,1,1
1667,2024,400,0,0,,,,0,0,0,1,0
1667,2024,500,0,0,,,,0,0,0,1,0
1667,2024,600,0,0,,,,0,0,1,1,0
1667,2024,700,0,0,,,,0,0,0,1,0
1668,2024,100,0,0,,,,1,1,1,1,1
1668,2024,200,0,0,,,,1,1,1,1,0
1668,2024,300,1,1,,,No Previous Data,1,1,1,1,1
1668,2024,400,0,0,,,,0,0,0,1,0
1668,2024,500,0,0,,,,0,0,0,0,0
1668,2024,600,0,0,,,,0,1,0,1,0
1668,2024,700,0,0,,,,0,0,0,1,0
1669,2024,100,0,0,,,,0,0,1,1,0
1669,2024,200,0,0,,,,0,0,1,1,0
1669,2024,300,0,0,,,,1,0,1,1,0
1669,2024,400,0,0,,,,0,0,1,1,0
1669,2024,500,0,0,,,,0,0,0,1,0
1669,2024,600,0,0,,,,0,0,0,1,0
1669,2024,700,1,1,,,No Previous Data,1,1,1,1,0
1670,2024,100,0,0,,,,0,0,1,1,0
1670,2024,200,0,0,,,,0,0,0,1,0
1670,2024,300,1,1,,,No Previous Data,1,1,1,1,1
1670,2024,400,0,0,,,,0,0,1,1,0
1670,2024,500,0,0,,,,0,0,0,1,0
1670,2024,600,0,0,,,,0,0,0,1,0
1670,2024,700,0,0,,,,0,0,0,0,0
1671,2024,100,1,1,,,No Previous Data,1,1,1,1,1
1671,2024,200,0,0,,,,0,1,1,1,0
1671,2024,300,0,0,,,,1,1,1,1,1
1671,2024,400,0,0,,,,0,1,1,1,0
1671,2024,500,0,0,,,,0,0,0,0,0
1671,2024,600,0,0,,,,0,1,0,1,0
1671,2024,700,0,0,,,,0,1,0,1,0
1672,2024,100,0,0,,,,0,1,1,1,0
1672,2024,200,0,0,,,,0,1,1,1,0
1672,2024,300,0,0,,,,1,1,1,1,1
1672,2024,400,1,1,,,No Previous Data,1,1,1,1,1
1672,2024,500,0,0,,,,0,0,0,0,0
1672,2024,600,0,0,,,,0,0,0,0,0
1672,2024,700,0,0,,,,0,0,0,1,0
1673,2024,100,0,0,,,,0,0,0,1,0
1673,2024,200,0,0,,,,1,1,1,1,1
1673,2024,300,1,1,,,No Previous Data,1,1,1,1,1
1673,2024,400,0,0,,,,0,0,0,1,0
1673,2024,500,0,0,,,,0,0,0,0,0
1673,2024,600,0,0,,,,0,0,0,1,0
1673,2024,700,0,0,,,,1,1,1,1,0
1674,2024,100,1,1,,,No Previous Data,1,1,1,1,1
1674,2024,200,0,0,,,,0,1,1,1,0
1674,2024,300,0,0,,,,1,1,1,1,1
1674,2024,400,0,0,,,,0,0,0,1,0
1674,2024,500,0,0,,,,0,0,0,0,0
1674,2024,600,0,0,,,,0,1,0,1,0
1674,2024,700,0,0,,,,0,0,0,1,0
1675,2024,100,0,0,,,,0,0,0,1,0
1675,2024,200,0,0,,,,1,1,1,1,1
1675,2024,300,0,0,,,,0,0,0,1,0
1675,2024,400,1,1,,,No Previous Data,1,1,1,1,1
1675,2024,500,0,0,,,,0,0,0,0,0
1675,2024,600,0,0,,,,0,0,0,0,0
1675,2024,700,0,0,,,,0,0,0,1,0
1676,2024,100,0,0,,,,1,1,1,1,1
1676,2024,200,0,0,,,,0,1,1,1,0
1676,2024,300,1,1,,,No Previous Data,1,1,1,1,1
1676,2024,400,0,0,,,,0,1,0,1,0
1676,2024,500,0,0,,,,0,0,0,0,0
1676,2024,600,0,0,,,,0,1,0,1,0
1676,2024,700,0,0,,,,0,0,0,0,0
1677,2024,100,1,1,,,No Previous Data,1,1,1,1,1
1677,2024,200,0,0,,,,0,0,1,1,0
1677,2024,300,0,0,,,,0,0,1,1,0
1677,2024,400,0,0,,,,0,0,0,1,0
1677,2024,500,0,0,,,,1,0,0,1,0
1677,2024,600,0,0,,,,0,0,0,0,0
1677,2024,700,0,0,,,,0,0,1,1,0
1678,2024,100,0,0,,,,0,1,1,1,0
1678,2024,200,1,1,,,No Previous Data,1,1,1,1,1
1678,2024,300,0,0,,,,1,1,1,1,1
1678,2024,400,0,0,,,,0,0,0,1,0
1678,2024,500,0,0,,,,0,0,0,0,0
1678,2024,600,0,0,,,,0,0,0,1,0
1678,2024,700,0,0,,,,0,0,0,0,0
1679,2024,100,0,0,,,,1,1,1,1,1
1679,2024,200,1,1,,,No Previous Data,1,1,1,1,1
1679,2024,300,0,0,,,,0,1,1,1,0
1679,2024,400,0,0,,,,0,0,0,1,0
1679,2024,500,0,0,,,,0,0,0,0,0
1679,2024,600,0,0,,,,0,0,0,0,0
1679,2024,700,0,0,,,,0,0,0,1,0
1680,2024,100,0,0,,,,0,1,1,1,0
1680,2024,200,0,0,,,,0,1,1,1,0
1680,2024,300,0,1,,,No Previous Data,1,1,1,1,1
1680,2024,400,1,0,,,,1,1,1,1,1
1680,2024,500,0,0,,,,0,0,0,0,0
1680,2024,600,0,0,,,,0,0,0,1,0
1680,2024,700,0,0,,,,0,0,0,0,0
1681,2024,100,0,0,,,,1,1,1,1,1
1681,2024,200,1,1,,,No Previous Data,1,1,1,1,1
1681,2024,300,0,0,,,,0,1,1,1,0
1681,2024,400,0,0,,,,0,0,0,1,0
1681,2024,500,0,0,,,,0,0,0,0,0
1681,2024,600,0,0,,,,0,1,0,1,0
1681,2024,700,0,0,,,,0,0,0,0,0
1682,2024,100,1,1,,,No Previous Data,1,1,1,1,1
1682,2024,200,0,0,,,,0,0,1,1,0
1682,2024,300,0,0,,,,0,0,1,1,0
1682,2024,400,0,0,,,,0,0,0,1,0
1682,2024,500,0,0,,,,0,0,0,1,0
1682,2024,600,0,0,,,,0,0,0,1,0
1682,2024,700,0,0,,,,0,0,0,0,0
1683,2024,100,0,0,,,,0,0,1,1,0
1683,2024,200,1,1,,,No Previous Data,1,1,1,1,1
1683,2024,300,0,0,,,,0,0,0,1,0
1683,2024,400,0,0,,,,0,0,1,1,0
1683,2024,500,0,0,,,,0,0,0,1,0
1683,2024,600,0,0,,,,0,0,0,1,0
1683,2024,700,0,0,,,,0,0,0,0,0
1684,2024,100,1,1,,,No Previous Data,1,1,1,1,1
1684,2024,200,0,0,,,,0,0,1,1,0
1684,2024,300,0,0,,,,0,0,1,1,0
1684,2024,400,0,0,,,,0,0,1,1,0
1684,2024,500,0,0,,,,0,0,0,1,0
1684,2024,600,0,0,,,,0,0,0,1,0
1684,2024,700,0,0,,,,0,0,0,0,0
1685,2024,100,0,1,,,No Previous Data,1,1,0,1,1
1685,2024,200,0,0,,,,0,0,0,1,0
1685,2024,300,0,0,,,,0,0,0,1,0
1685,2024,400,0,0,,,,0,0,0,1,0
1685,2024,500,0,0,,,,0,1,0,1,0
1685,2024,600,0,0,,,,0,0,0,1,0
1685,2024,700,1,0,,,,0,1,1,1,0
1686,2024,100,1,1,,,No Previous Data,1,1,1,1,1
1686,2024,200,0,0,,,,1,1,1,1,1
1686,2024,300,0,0,,,,0,1,0,1,0
1686,2024,400,0,0,,,,0,0,0,0,0
1686,2024,500,0,0,,,,0,0,0,0,0
1686,2024,600,0,0,,,,0,0,0,0,0
1686,2024,700,0,0,,,,0,1,0,1,0
1687,2024,100,1,1,,,No Previous Data,1,1,1,1,1
1687,2024,200,0,0,,,,0,1,1,1,0
1687,2024,300,0,0,,,,1,1,1,1,0
1687,2024,400,0,0,,,,0,0,0,0,0
1687,2024,500,0,0,,,,0,0,0,0,0
1687,2024,600,0,0,,,,0,1,0,1,0
1687,2024,700,0,0,,,,0,1,0,1,0
1688,2024,100,1,1,200.0,Olong Tea Plus,Switched,1,1,1,1,1
1688,2024,200,0,0,,,,0,0,1,1,0
1688,2024,300,0,0,,,,1,1,1,1,1
1688,2024,400,0,0,,,,0,0,0,1,0
1688,2024,500,0,0,,,,0,0,0,0,0
1688,2024,600,0,0,,,,0,1,0,1,0
1688,2024,700,0,0,,,,0,1,0,1,0
1689,2024,100,0,0,,,,1,1,0,1,1
1689,2024,200,1,1,,,No Previous Data,1,1,1,1,1
1689,2024,300,0,0,,,,1,1,1,1,1
1689,2024,400,0,0,,,,1,1,1,1,0
1689,2024,500,0,0,,,,0,0,0,0,0
1689,2024,600,0,0,,,,1,1,0,1,0
1689,2024,700,0,0,,,,0,0,0,1,0
1690,2024,100,0,0,,,,0,0,1,1,0
1690,2024,200,0,0,,,,1,1,1,1,1
1690,2024,300,0,0,,,,0,0,0,1,0
1690,2024,400,1,1,,,No Previous Data,1,1,1,1,1
1690,2024,500,0,0,,,,0,0,0,0,0
1690,2024,600,0,0,,,,1,0,0,1,0
1690,2024,700,0,0,,,,0,0,0,1,0
1691,2024,100,1,1,,,No Previous Data,1,1,1,1,1
1691,2024,200,0,0,,,,0,1,1,1,0
1691,2024,300,0,0,,,,0,1,1,1,0
1691,2024,400,0,0,,,,0,1,0,1,0
1691,2024,500,0,0,,,,0,0,0,0,0
1691,2024,600,0,0,,,,0,1,0,1,0
1691,2024,700,0,0,,,,0,0,0,0,0
1692,2024,100,0,0,,,,0,1,1,1,0
1692,2024,200,0,0,,,,0,1,1,1,0
1692,2024,300,1,1,,,No Previous Data,1,1,1,1,1
1692,2024,400,0,0,,,,1,1,0,1,0
1692,2024,500,0,0,,,,0,0,0,0,0
1692,2024,600,0,0,,,,0,1,0,1,0
1692,2024,700,0,0,,,,0,0,0,0,0
1693,2024,100,0,0,,,,1,1,1,1,1
1693,2024,200,1,0,,,,1,1,1,1,1
1693,2024,300,0,0,,,,0,0,1,1,0
1693,2024,400,0,1,,,No Previous Data,1,1,1,1,1
1693,2024,500,0,0,,,,0,0,0,0,0
1693,2024,600,0,0,,,,0,0,0,1,0
1693,2024,700,0,0,,,,0,0,0,1,0
1694,2024,100,1,1,200.0,Olong Tea Plus,Switched,1,1,1,1,1
1694,2024,200,0,0,,,,1,1,1,1,1
1694,2024,300,0,0,,,,0,1,0,1,0
1694,2024,400,0,0,,,,1,1,1,1,1
1694,2024,500,0,0,,,,0,0,0,0,0
1694,2024,600,0,0,,,,0,1,0,1,0
1694,2024,700,0,0,,,,0,0,0,1,0
1695,2024,100,0,0,,,,1,1,1,1,0
1695,2024,200,1,1,,,No Previous Data,1,1,1,1,1
1695,2024,300,0,0,,,,0,1,1,1,0
1695,2024,400,0,0,,,,0,0,0,1,0
1695,2024,500,0,0,,,,0,0,0,0,0
1695,2024,600,0,0,,,,0,1,0,1,0
1695,2024,700,0,0,,,,0,1,0,1,0
1696,2024,100,1,1,,,No Previous Data,1,1,1,1,1
1696,2024,200,0,0,,,,1,1,1,1,0
1696,2024,300,0,0,,,,0,0,0,1,0
1696,2024,400,0,0,,,,0,0,0,1,0
1696,2024,500,0,0,,,,0,0,0,0,0
1696,2024,600,0,0,,,,1,1,0,1,1
1696,2024,700,0,0,,,,0,0,0,1,0
1697,2024,100,0,0,,,,1,1,1,1,1
1697,2024,200,0,1,300.0,Không Độ,Switched,1,1,0,1,1
1697,2024,300,0,0,,,,0,0,0,1,0
1697,2024,400,1,0,,,,1,0,1,1,0
1697,2024,500,0,0,,,,0,0,0,0,0
1697,2024,600,0,0,,,,0,0,0,1,0
1697,2024,700,0,0,,,,0,1,0,1,0
1698,2024,100,0,0,,,,1,1,1,1,1
1698,2024,200,0,0,,,,1,1,1,1,1
1698,2024,300,0,0,,,,0,1,0,1,0
1698,2024,400,1,1,,,No Previous Data,1,1,1,1,1
1698,2024,500,0,0,,,,0,0,0,0,0
1698,2024,600,0,0,,,,0,0,0,1,0
1698,2024,700,0,0,,,,0,0,0,1,0
1699,2024,100,0,0,,,,0,0,0,1,0
1699,2024,200,1,1,,,No Previous Data,1,1,1,1,1
1699,2024,300,0,0,,,,1,0,0,1,0
1699,2024,400,0,0,,,,1,1,1,1,1
1699,2024,500,0,0,,,,0,0,0,0,0
1699,2024,600,0,0,,,,0,0,0,1,0
1699,2024,700,0,0,,,,0,0,0,1,0
1700,2024,100,0,0,,,,0,1,1,1,0
1700,2024,200,1,1,,,No Previous Data,1,1,1,1,1
1700,2024,300,0,0,,,,0,1,0,1,0
1700,2024,400,0,0,,,,0,0,0,1,0
1700,2024,500,0,0,,,,0,0,0,1,0
1700,2024,600,0,0,,,,0,0,0,1,0
1700,2024,700,0,0,,,,1,0,0,1,0
1701,2024,100,0,0,,,,0,1,1,1,0
1701,2024,200,1,1,,,No Previous Data,1,1,1,1,1
1701,2024,300,0,0,,,,1,1,0,1,1
1701,2024,400,0,0,,,,0,0,1,1,0
1701,2024,500,0,0,,,,0,0,0,0,0
1701,2024,600,0,0,,,,0,0,0,1,0
1701,2024,700,0,0,,,,0,1,1,1,0
1702,2024,100,1,0,,,,1,0,1,1,0
1702,2024,200,0,1,,,No Previous Data,1,1,1,1,1
1702,2024,300,0,0,,,,0,1,1,1,0
1702,2024,400,0,0,,,,0,0,0,1,0
1702,2024,500,0,0,,,,0,0,0,0,0
1702,2024,600,0,0,,,,0,0,0,1,0
1702,2024,700,0,0,,,,0,0,0,1,0
1703,2024,100,0,0,,,,1,1,1,1,1
1703,2024,200,1,1,,,No Previous Data,1,1,1,1,1
1703,2024,300,0,0,,,,0,0,0,1,0
1703,2024,400,0,0,,,,0,0,0,1,0
1703,2024,500,0,0,,,,0,0,0,0,0
1703,2024,600,0,0,,,,0,0,0,1,0
1703,2024,700,0,0,,,,0,0,0,1,0
1704,2024,100,0,0,,,,0,0,1,1,0
1704,2024,200,0,0,,,,1,1,0,1,1
1704,2024,300,0,0,,,,0,0,1,1,0
1704,2024,400,1,1,,,No Previous Data,1,1,1,1,1
1704,2024,500,0,0,,,,0,0,0,0,0
1704,2024,600,0,0,,,,0,0,0,1,0
1704,2024,700,0,0,,,,0,0,0,0,0
1705,2024,100,0,0,,,,1,1,1,1,1
1705,2024,200,1,1,,,No Previous Data,1,1,1,1,1
1705,2024,300,0,0,,,,0,1,0,1,0
1705,2024,400,0,0,,,,0,0,1,1,0
1705,2024,500,0,0,,,,0,0,0,0,0
1705,2024,600,0,0,,,,1,0,0,1,0
1705,2024,700,0,0,,,,0,0,0,1,0
1706,2024,100,0,0,,,,1,0,1,1,0
1706,2024,200,0,0,,,,1,1,1,1,1
1706,2024,300,1,1,,,No Previous Data,1,1,1,1,1
1706,2024,400,0,0,,,,0,0,0,1,0
1706,2024,500,0,0,,,,0,0,0,1,0
1706,2024,600,0,0,,,,0,0,0,1,0
1706,2024,700,0,0,,,,0,0,0,0,0
1707,2024,100,0,0,,,,1,1,1,1,0
1707,2024,200,1,1,,,No Previous Data,1,1,1,1,1
1707,2024,300,0,0,,,,0,0,0,1,0
1707,2024,400,0,0,,,,1,1,1,1,1
1707,2024,500,0,0,,,,0,0,0,0,0
1707,2024,600,0,0,,,,0,0,0,1,0
1707,2024,700,0,0,,,,0,0,0,1,0
1708,2024,100,1,0,,,,0,1,1,1,0
1708,2024,200,0,1,,,No Previous Data,1,1,1,1,1
1708,2024,300,0,0,,,,1,1,0,1,0
1708,2024,400,0,0,,,,0,1,0,1,0
1708,2024,500,0,0,,,,1,1,0,1,0
1708,2024,600,0,0,,,,0,1,0,1,0
1708,2024,700,0,0,,,,0,1,0,1,0
1709,2024,100,0,0,,,,1,1,1,1,1
1709,2024,200,0,0,,,,0,1,0,1,0
1709,2024,300,1,1,100.0,C2,Switched,1,1,1,1,1
1709,2024,400,0,0,,,,0,0,0,1,0
1709,2024,500,0,0,,,,0,0,0,0,0
1709,2024,600,0,0,,,,0,0,0,1,0
1709,2024,700,0,0,,,,0,0,0,1,0
1710,2024,100,1,1,,,No Previous Data,1,1,1,1,1
1710,2024,200,0,0,,,,1,1,0,1,1
1710,2024,300,0,0,,,,0,1,1,1,0
1710,2024,400,0,0,,,,0,0,1,1,0
1710,2024,500,0,0,,,,0,0,0,0,0
1710,2024,600,0,0,,,,0,0,0,1,0
1710,2024,700,0,0,,,,0,0,0,1,0
1711,2024,100,0,0,,,,0,0,1,1,0
1711,2024,200,0,1,100.0,C2,Switched,1,1,1,1,1
1711,2024,300,1,0,,,,0,1,1,1,0
1711,2024,400,0,0,,,,0,0,1,1,0
1711,2024,500,0,0,,,,0,0,0,0,0
1711,2024,600,0,0,,,,0,0,0,0,0
1711,2024,700,0,0,,,,0,0,0,0,0
1712,2024,100,0,0,,,,1,0,1,1,0
1712,2024,200,1,1,400.0,Cozy,Switched,1,1,1,1,1
1712,2024,300,0,0,,,,0,0,0,1,0
1712,2024,400,0,0,,,,0,0,0,1,0
1712,2024,500,0,0,,,,0,0,0,1,0
1712,2024,600,0,0,,,,0,0,0,1,0
1712,2024,700,0,0,,,,0,0,0,0,0
1713,2024,100,1,1,,,No Previous Data,1,1,1,1,1
1713,2024,200,0,0,,,,0,0,1,1,0
1713,2024,300,0,0,,,,0,0,0,1,0
1713,2024,400,0,0,,,,0,0,0,1,0
1713,2024,500,0,0,,,,0,0,0,1,0
1713,2024,600,0,0,,,,0,0,0,1,0
1713,2024,700,0,0,,,,1,1,0,1,1
1714,2024,100,0,0,,,,0,1,1,1,0
1714,2024,200,1,0,,,,1,1,1,1,1
1714,2024,300,0,1,,,No Previous Data,1,1,1,1,1
1714,2024,400,0,0,,,,0,1,0,1,0
1714,2024,500,0,0,,,,0,1,0,1,0
1714,2024,600,0,0,,,,1,1,0,1,0
1714,2024,700,0,0,,,,0,1,0,1,0
1715,2024,100,1,1,,,No Previous Data,1,1,1,1,1
1715,2024,200,0,0,,,,1,0,1,1,0
1715,2024,300,0,0,,,,0,0,0,1,0
1715,2024,400,0,0,,,,1,1,1,1,1
1715,2024,500,0,0,,,,0,0,0,1,0
1715,2024,600,0,0,,,,0,0,0,1,0
1715,2024,700,0,0,,,,0,0,0,1,0
1716,2024,100,1,1,,,No Previous Data,1,1,1,1,1
1716,2024,200,0,0,,,,0,1,1,1,0
1716,2024,300,0,0,,,,0,0,0,1,0
1716,2024,400,0,0,,,,1,0,1,1,0
1716,2024,500,0,0,,,,0,0,0,0,0
1716,2024,600,0,0,,,,0,0,0,1,0
1716,2024,700,0,0,,,,0,0,0,1,0
1717,2024,100,1,1,,,No Previous Data,1,1,1,1,1
1717,2024,200,0,0,,,,1,1,1,1,1
1717,2024,300,0,0,,,,0,0,1,1,0
1717,2024,400,0,0,,,,0,0,0,1,0
1717,2024,500,0,0,,,,0,0,0,0,0
1717,2024,600,0,0,,,,0,0,0,1,0
1717,2024,700,0,0,,,,0,0,0,1,0
1718,2024,100,0,0,,,,1,1,1,1,0
1718,2024,200,0,0,,,,1,1,1,1,1
1718,2024,300,0,0,,,,1,1,0,1,1
1718,2024,400,0,0,,,,0,1,0,1,0
1718,2024,500,0,0,,,,0,0,0,0,0
1718,2024,600,1,1,,,No Previous Data,1,1,1,1,1
1718,2024,700,0,0,,,,0,1,0,1,0
1719,2024,100,1,1,200.0,Olong Tea Plus,Switched,1,1,1,1,1
1719,2024,200,0,0,,,,1,1,0,1,1
1719,2024,300,0,0,,,,1,1,0,1,1
1719,2024,400,0,0,,,,1,1,0,1,1
1719,2024,500,0,0,,,,0,0,0,0,0
1719,2024,600,0,0,,,,0,0,0,0,0
1719,2024,700,0,0,,,,0,0,0,0,0
1720,2024,100,0,1,,,No Previous Data,1,1,1,1,1
1720,2024,200,1,0,,,,0,1,1,1,0
1720,2024,300,0,0,,,,0,0,0,1,0
1720,2024,400,0,0,,,,0,0,0,1,0
1720,2024,500,0,0,,,,0,0,0,0,0
1720,2024,600,0,0,,,,0,0,0,0,0
1720,2024,700,0,0,,,,0,0,0,0,0
1721,2024,100,0,0,,,,0,0,1,1,0
1721,2024,200,0,0,,,,1,1,1,1,1
1721,2024,300,0,0,,,,0,0,0,1,0
1721,2024,400,1,1,,,No Previous Data,1,1,1,1,1
1721,2024,500,0,0,,,,0,0,0,0,0
1721,2024,600,0,0,,,,0,0,0,1,0
1721,2024,700,0,0,,,,0,0,0,1,0
1722,2024,100,1,1,,,No Previous Data,1,1,1,1,1
1722,2024,200,0,0,,,,1,1,1,1,1
1722,2024,300,0,0,,,,1,1,1,1,1
1722,2024,400,0,0,,,,0,0,0,1,0
1722,2024,500,0,0,,,,0,0,0,1,0
1722,2024,600,0,0,,,,0,0,0,1,0
1722,2024,700,0,0,,,,0,0,0,1,0
1723,2024,100,1,1,200.0,Olong Tea Plus,Switched,1,1,1,1,1
1723,2024,200,0,0,,,,1,1,1,1,1
1723,2024,300,0,0,,,,1,1,0,1,1
1723,2024,400,0,0,,,,0,0,1,1,0
1723,2024,500,0,0,,,,0,0,0,0,0
1723,2024,600,0,0,,,,0,1,1,1,0
1723,2024,700,0,0,,,,0,1,1,1,0
1724,2024,100,1,1,,,No Previous Data,1,1,1,1,1
1724,2024,200,0,0,,,,1,1,1,1,1
1724,2024,300,0,0,,,,1,1,1,1,1
1724,2024,400,0,0,,,,0,0,0,1,0
1724,2024,500,0,0,,,,0,0,0,0,0
1724,2024,600,0,0,,,,0,0,0,1,0
1724,2024,700,0,0,,,,0,0,0,0,0
1725,2024,100,1,0,,,,1,1,1,1,1
1725,2024,200,0,0,,,,1,1,1,1,1
1725,2024,300,0,0,,,,1,1,1,1,1
1725,2024,400,0,0,,,,1,1,1,1,1
1725,2024,500,0,1,700.0,Khác,Switched,1,1,0,1,1
1725,2024,600,0,0,,,,1,1,0,1,0
1725,2024,700,0,0,,,,1,1,0,1,1
1726,2024,100,1,1,200.0,Olong Tea Plus,Switched,1,1,1,1,1
1726,2024,200,0,0,,,,1,1,0,1,1
1726,2024,300,0,0,,,,1,1,0,1,1
1726,2024,400,0,0,,,,1,1,0,1,1
1726,2024,500,0,0,,,,0,0,0,0,0
1726,2024,600,0,0,,,,0,0,0,0,0
1726,2024,700,0,0,,,,0,0,0,0,0
1727,2024,100,0,0,,,,1,1,0,1,1
1727,2024,200,0,0,,,,1,1,0,1,0
1727,2024,300,1,0,,,,0,0,1,1,0
1727,2024,400,0,0,,,,1,0,0,1,0
1727,2024,500,0,1,300.0,Không Độ,Switched,1,1,0,1,1
1727,2024,600,0,0,,,,1,0,0,1,0
1727,2024,700,0,0,,,,1,1,0,1,1
1728,2024,100,0,0,,,,1,1,1,1,1
1728,2024,200,0,0,,,,0,0,0,1,0
1728,2024,300,1,1,,,No Previous Data,1,1,1,1,1
1728,2024,400,0,0,,,,0,0,0,1,0
1728,2024,500,0,0,,,,0,0,0,0,0
1728,2024,600,0,0,,,,0,1,0,1,0
1728,2024,700,0,0,,,,0,0,1,1,0
1729,2024,100,1,0,,,,1,1,1,1,1
1729,2024,200,0,0,,,,1,1,1,1,1
1729,2024,300,0,0,,,,1,1,0,1,1
1729,2024,400,0,1,200.0,Olong Tea Plus,Switched,1,1,1,1,1
1729,2024,500,0,0,,,,0,0,0,0,0
1729,2024,600,0,0,,,,0,1,0,1,0
1729,2024,700,0,0,,,,1,1,0,1,0
1730,2024,100,0,0,,,,0,1,1,1,0
1730,2024,200,0,0,,,,1,1,1,1,1
1730,2024,300,1,1,,,No Previous Data,1,1,1,1,1
1730,2024,400,0,0,,,,0,0,1,1,0
1730,2024,500,0,0,,,,0,0,0,1,0
1730,2024,600,0,0,,,,0,0,0,1,0
1730,2024,700,0,0,,,,0,1,0,1,0
1731,2024,100,0,0,,,,1,1,0,1,1
1731,2024,200,1,1,,,No Previous Data,1,1,1,1,1
1731,2024,300,0,0,,,,0,0,0,1,0
1731,2024,400,0,0,,,,0,0,0,0,0
1731,2024,500,0,0,,,,0,0,0,1,0
1731,2024,600,0,0,,,,0,0,0,0,0
1731,2024,700,0,0,,,,0,0,0,1,0
1732,2024,100,0,0,,,,0,0,1,1,0
1732,2024,200,0,0,,,,1,1,0,1,1
1732,2024,300,0,0,,,,1,1,1,1,0
1732,2024,400,1,1,,,No Previous Data,1,1,1,1,1
1732,2024,500,0,0,,,,0,0,0,0,0
1732,2024,600,0,0,,,,0,0,0,1,0
1732,2024,700,0,0,,,,1,1,0,1,0
1733,2024,100,0,0,,,,0,0,1,1,0
1733,2024,200,1,1,,,No Previous Data,1,1,1,1,1
1733,2024,300,0,0,,,,1,0,1,1,0
1733,2024,400,0,0,,,,0,0,0,1,0
1733,2024,500,0,0,,,,0,0,0,1,0
1733,2024,600,0,0,,,,0,0,0,1,0
1733,2024,700,0,0,,,,0,0,0,1,0
1734,2024,100,1,0,,,,1,1,1,1,1
1734,2024,200,0,0,,,,1,1,0,1,1
1734,2024,300,0,0,,,,1,1,0,1,1
1734,2024,400,0,0,,,,0,0,0,0,0
1734,2024,500,0,0,,,,0,0,0,0,0
1734,2024,600,0,0,,,,0,0,0,0,0
1734,2024,700,0,1,,,No Previous Data,1,1,0,1,1
1735,2024,100,0,0,,,,1,1,1,1,1
1735,2024,200,0,0,,,,0,0,0,1,0
1735,2024,300,1,1,100.0,C2,Switched,1,1,1,1,1
1735,2024,400,0,0,,,,0,0,0,1,0
1735,2024,500,0,0,,,,0,0,0,0,0
1735,2024,600,0,0,,,,0,0,0,0,0
1735,2024,700,0,0,,,,0,0,0,1,0
1736,2024,100,0,0,,,,0,0,0,1,0
1736,2024,200,1,1,,,No Previous Data,1,1,1,1,1
1736,2024,300,0,0,,,,0,0,0,1,0
1736,2024,400,0,0,,,,0,0,1,1,0
1736,2024,500,0,0,,,,0,1,0,1,0
1736,2024,600,0,0,,,,0,0,0,1,0
1736,2024,700,0,0,,,,0,0,0,1,0
1737,2024,100,0,0,,,,0,0,1,1,0
1737,2024,200,0,0,,,,1,1,1,1,1
1737,2024,300,0,0,,,,0,0,0,1,0
1737,2024,400,0,0,,,,1,1,0,1,1
1737,2024,500,0,0,,,,0,0,0,1,0
1737,2024,600,0,0,,,,0,0,0,1,0
1737,2024,700,1,1,,,No Previous Data,1,1,1,1,1
1738,2024,100,0,0,,,,0,1,0,1,0
1738,2024,200,0,0,,,,1,1,1,1,0
1738,2024,300,1,1,,,No Previous Data,1,1,1,1,1
1738,2024,400,0,0,,,,0,0,0,0,0
1738,2024,500,0,0,,,,0,0,0,0,0
1738,2024,600,0,0,,,,0,0,0,0,0
1738,2024,700,0,0,,,,0,0,0,0,0
1739,2024,100,0,1,,,No Previous Data,1,1,1,1,1
1739,2024,200,1,0,,,,0,1,1,1,0
1739,2024,300,0,0,,,,0,0,0,0,0
1739,2024,400,0,0,,,,0,0,0,1,0
1739,2024,500,0,0,,,,0,0,0,0,0
1739,2024,600,0,0,,,,0,0,0,0,0
1739,2024,700,0,0,,,,0,0,0,0,0
1740,2024,100,0,0,,,,1,1,1,1,1
1740,2024,200,1,1,,,No Previous Data,1,1,1,1,1
1740,2024,300,0,0,,,,0,0,0,0,0
1740,2024,400,0,0,,,,0,0,0,0,0
1740,2024,500,0,0,,,,0,0,0,0,0
1740,2024,600,0,0,,,,0,0,0,0,0
1740,2024,700,0,0,,,,0,0,0,1,0
1741,2024,100,0,0,,,,0,0,1,1,0
1741,2024,200,1,1,,,No Previous Data,1,1,1,1,1
1741,2024,300,0,0,,,,0,0,0,0,0
1741,2024,400,0,0,,,,0,0,0,0,0
1741,2024,500,0,0,,,,0,0,0,0,0
1741,2024,600,0,0,,,,0,0,0,0,0
1741,2024,700,0,0,,,,0,0,0,0,0
1742,2024,100,0,0,,,,1,1,1,1,1
1742,2024,200,1,1,,,No Previous Data,1,1,1,1,1
1742,2024,300,0,0,,,,0,1,0,1,0
1742,2024,400,0,0,,,,0,0,1,1,0
1742,2024,500,0,0,,,,0,0,0,0,0
1742,2024,600,0,0,,,,0,0,0,0,0
1742,2024,700,0,0,,,,0,0,0,1,0
1743,2024,100,0,0,,,,1,0,0,1,0
1743,2024,200,0,0,,,,1,1,1,1,1
1743,2024,300,0,0,,,,0,1,0,1,0
1743,2024,400,1,1,,,No Previous Data,1,1,1,1,1
1743,2024,500,0,0,,,,0,0,0,0,0
1743,2024,600,0,0,,,,0,0,0,1,0
1743,2024,700,0,0,,,,1,0,0,1,0
1744,2024,100,0,0,,,,0,0,1,1,0
1744,2024,200,1,1,,,No Previous Data,1,1,1,1,1
1744,2024,300,0,0,,,,0,0,0,1,0
1744,2024,400,0,0,,,,0,0,1,1,0
1744,2024,500,0,0,,,,0,0,0,0,0
1744,2024,600,0,0,,,,0,0,0,1,0
1744,2024,700,0,0,,,,0,0,0,0,0
1745,2024,100,1,1,,,No Previous Data,1,1,1,1,1
1745,2024,200,0,0,,,,1,1,1,1,1
1745,2024,300,0,0,,,,1,1,0,1,1
1745,2024,400,0,0,,,,1,1,0,1,1
1745,2024,500,0,0,,,,0,0,0,0,0
1745,2024,600,0,0,,,,0,0,0,1,0
1745,2024,700,0,0,,,,0,0,0,1,0
1746,2024,100,0,0,,,,1,1,1,1,1
1746,2024,200,0,0,,,,0,1,1,1,0
1746,2024,300,1,1,,,No Previous Data,1,1,1,1,1
1746,2024,400,0,0,,,,0,1,1,1,0
1746,2024,500,0,0,,,,0,0,0,0,0
1746,2024,600,0,0,,,,0,0,0,0,0
1746,2024,700,0,0,,,,0,0,0,1,0
1747,2024,100,1,1,,,No Previous Data,1,1,1,1,1
1747,2024,200,0,0,,,,0,0,0,1,0
1747,2024,300,0,0,,,,0,0,1,1,0
1747,2024,400,0,0,,,,0,0,0,0,0
1747,2024,500,0,0,,,,0,0,0,0,0
1747,2024,600,0,0,,,,0,0,0,0,0
1747,2024,700,0,0,,,,0,0,0,0,0
1748,2024,100,0,0,,,,0,0,0,1,0
1748,2024,200,1,1,,,No Previous Data,1,1,1,1,1
1748,2024,300,0,0,,,,0,0,0,1,0
1748,2024,400,0,0,,,,0,0,0,1,0
1748,2024,500,0,0,,,,0,0,0,1,0
1748,2024,600,0,0,,,,0,0,0,1,0
1748,2024,700,0,0,,,,0,0,0,1,0
1749,2024,100,0,0,,,,0,0,1,1,0
1749,2024,200,1,1,300.0,Không Độ,Switched,1,1,1,1,1
1749,2024,300,0,0,,,,0,1,1,1,0
1749,2024,400,0,0,,,,0,0,1,1,0
1749,2024,500,0,0,,,,0,0,0,0,0
1749,2024,600,0,0,,,,0,0,0,1,0
1749,2024,700,0,0,,,,0,0,0,0,0
1750,2024,100,0,0,,,,0,1,1,1,0
1750,2024,200,1,1,,,No Previous Data,1,1,1,1,1
1750,2024,300,0,0,,,,0,0,0,0,0
1750,2024,400,0,0,,,,0,0,0,0,0
1750,2024,500,0,0,,,,0,0,0,0,0
1750,2024,600,0,0,,,,0,0,0,0,0
1750,2024,700,0,0,,,,0,0,0,0,0
1751,2024,100,0,0,,,,0,0,0,1,0
1751,2024,200,1,1,,,No Previous Data,1,1,1,1,1
1751,2024,300,0,0,,,,1,1,1,1,1
1751,2024,400,0,0,,,,0,0,0,1,0
1751,2024,500,0,0,,,,0,0,0,1,0
1751,2024,600,0,0,,,,0,0,0,1,0
1751,2024,700,0,0,,,,1,1,0,1,0
1752,2024,100,0,1,700.0,Khác,Switched,1,1,1,1,1
1752,2024,200,1,0,,,,1,1,1,1,0
1752,2024,300,0,0,,,,0,0,1,1,0
1752,2024,400,0,0,,,,0,0,0,1,0
1752,2024,500,0,0,,,,0,0,0,0,0
1752,2024,600,0,0,,,,0,0,0,1,0
1752,2024,700,0,0,,,,0,0,0,1,0
1753,2024,100,0,0,,,,1,0,0,1,0
1753,2024,200,1,1,,,No Previous Data,1,1,1,1,1
1753,2024,300,0,0,,,,1,0,1,1,0
1753,2024,400,0,0,,,,1,1,1,1,1
1753,2024,500,0,0,,,,0,0,0,0,0
1753,2024,600,0,0,,,,0,0,0,1,0
1753,2024,700,0,0,,,,0,0,0,1,0
1754,2024,100,0,0,,,,0,0,1,1,0
1754,2024,200,0,0,,,,0,1,1,1,0
1754,2024,300,0,0,,,,0,0,0,1,0
1754,2024,400,1,1,,,No Previous Data,1,1,1,1,1
1754,2024,500,0,0,,,,0,0,0,0,0
1754,2024,600,0,0,,,,0,0,0,1,0
1754,2024,700,0,0,,,,0,0,0,1,0
1755,2024,100,0,0,,,,1,1,1,1,1
1755,2024,200,1,0,,,,0,0,1,1,0
1755,2024,300,0,1,,,No Previous Data,1,1,0,1,1
1755,2024,400,0,0,,,,0,0,0,1,0
1755,2024,500,0,0,,,,0,0,0,1,0
1755,2024,600,0,0,,,,1,1,1,1,1
1755,2024,700,0,0,,,,1,0,0,1,0
1756,2024,100,0,0,,,,0,1,1,1,0
1756,2024,200,1,1,,,No Previous Data,1,1,1,1,1
1756,2024,300,0,0,,,,0,0,0,0,0
1756,2024,400,0,0,,,,1,1,1,1,1
1756,2024,500,0,0,,,,0,0,0,0,0
1756,2024,600,0,0,,,,0,0,0,0,0
1756,2024,700,0,0,,,,1,1,1,1,0
1757,2024,100,1,1,300.0,Không Độ,Switched,1,1,1,1,1
1757,2024,200,0,0,,,,0,0,1,1,0
1757,2024,300,0,0,,,,0,1,1,1,0
1757,2024,400,0,0,,,,0,0,0,1,0
1757,2024,500,0,0,,,,0,0,0,0,0
1757,2024,600,0,0,,,,0,0,0,0,0
1757,2024,700,0,0,,,,0,0,1,1,0
1758,2024,100,0,0,,,,0,0,1,1,0
1758,2024,200,1,1,,,No Previous Data,1,1,1,1,1
1758,2024,300,0,0,,,,1,1,0,1,1
1758,2024,400,0,0,,,,1,1,0,1,1
1758,2024,500,0,0,,,,0,0,0,0,0
1758,2024,600,0,0,,,,0,0,0,1,0
1758,2024,700,0,0,,,,0,0,0,1,0
1759,2024,100,0,0,,,,1,1,1,1,1
1759,2024,200,1,1,,,No Previous Data,1,1,1,1,1
1759,2024,300,0,0,,,,0,0,0,1,0
1759,2024,400,0,0,,,,0,0,0,1,0
1759,2024,500,0,0,,,,0,1,0,1,0
1759,2024,600,0,0,,,,0,0,0,1,0
1759,2024,700,0,0,,,,0,0,0,1,0
1760,2024,100,0,0,,,,1,1,1,1,0
1760,2024,200,1,1,,,No Previous Data,1,1,1,1,1
1760,2024,300,0,0,,,,0,0,0,0,0
1760,2024,400,0,0,,,,0,1,1,1,0
1760,2024,500,0,0,,,,0,1,0,1,0
1760,2024,600,0,0,,,,0,1,1,1,0
1760,2024,700,0,0,,,,0,0,0,0,0
1761,2024,100,0,0,,,,1,1,1,1,1
1761,2024,200,1,1,,,No Previous Data,1,1,1,1,1
1761,2024,300,0,0,,,,0,0,0,1,0
1761,2024,400,0,0,,,,0,0,0,1,0
1761,2024,500,0,0,,,,0,0,0,0,0
1761,2024,600,0,0,,,,0,0,0,1,0
1761,2024,700,0,0,,,,0,0,0,1,0
1762,2024,100,0,0,,,,0,0,0,1,0
1762,2024,200,0,0,,,,0,0,0,1,0
1762,2024,300,1,1,,,No Previous Data,1,1,1,1,1
1762,2024,400,0,0,,,,0,0,1,1,0
1762,2024,500,0,0,,,,0,0,0,0,0
1762,2024,600,0,0,,,,0,0,0,1,0
1762,2024,700,0,0,,,,0,1,1,1,0
1763,2024,100,0,0,,,,1,1,1,1,1
1763,2024,200,0,0,,,,0,0,0,1,0
1763,2024,300,0,0,,,,0,0,0,1,0
1763,2024,400,0,0,,,,0,0,0,0,0
1763,2024,500,0,0,,,,0,0,0,1,0
1763,2024,600,0,0,,,,0,0,0,1,0
1763,2024,700,1,1,,,No Previous Data,1,1,1,1,0
1764,2024,100,1,1,,,No Previous Data,1,1,1,1,1
1764,2024,200,0,0,,,,1,1,1,1,1
1764,2024,300,0,0,,,,1,0,1,1,0
1764,2024,400,0,0,,,,0,0,0,1,0
1764,2024,500,0,0,,,,0,0,0,1,0
1764,2024,600,0,0,,,,0,0,0,1,0
1764,2024,700,0,0,,,,0,0,0,1,0
1765,2024,100,1,1,,,No Previous Data,1,1,1,1,1
1765,2024,200,0,0,,,,1,1,1,1,0
1765,2024,300,0,0,,,,0,1,0,1,0
1765,2024,400,0,0,,,,1,1,1,1,1
1765,2024,500,0,0,,,,0,1,1,1,0
1765,2024,600,0,0,,,,0,0,0,0,0
1765,2024,700,0,0,,,,0,1,0,1,0
1766,2024,100,1,0,,,,0,0,1,1,0
1766,2024,200,0,1,,,No Previous Data,1,1,1,1,1
1766,2024,300,0,0,,,,0,0,0,1,0
1766,2024,400,0,0,,,,1,1,1,1,1
1766,2024,500,0,0,,,,0,0,0,0,0
1766,2024,600,0,0,,,,0,0,0,1,0
1766,2024,700,0,0,,,,0,0,0,1,0
1767,2024,100,0,0,,,,0,1,0,1,0
1767,2024,200,0,0,,,,1,1,0,1,1
1767,2024,300,1,1,200.0,Olong Tea Plus,Switched,1,1,1,1,1
1767,2024,400,0,0,,,,0,0,0,1,0
1767,2024,500,0,0,,,,0,0,0,0,0
1767,2024,600,0,0,,,,0,0,0,0,0
1767,2024,700,0,0,,,,0,0,0,1,0
1768,2024,100,1,1,,,No Previous Data,1,1,1,1,1
1768,2024,200,0,0,,,,1,1,1,1,0
1768,2024,300,0,0,,,,0,1,1,1,0
1768,2024,400,0,0,,,,1,1,1,1,1
1768,2024,500,0,0,,,,0,0,0,0,0
1768,2024,600,0,0,,,,0,1,0,1,0
1768,2024,700,0,0,,,,0,1,0,1,0
1769,2024,100,0,0,,,,0,1,1,1,0
1769,2024,200,0,0,,,,0,1,1,1,0
1769,2024,300,1,1,,,No Previous Data,1,1,1,1,1
1769,2024,400,0,0,,,,1,1,1,1,1
1769,2024,500,0,0,,,,0,0,0,0,0
1769,2024,600,0,0,,,,0,0,0,1,0
1769,2024,700,0,0,,,,0,0,0,1,0
1770,2024,100,0,0,,,,0,0,1,1,0
1770,2024,200,0,0,,,,0,0,0,1,0
1770,2024,300,0,0,,,,0,0,1,1,0
1770,2024,400,1,1,300.0,Không Độ,Switched,1,1,1,1,1
1770,2024,500,0,0,,,,0,0,0,0,0
1770,2024,600,0,0,,,,0,0,0,0,0
1770,2024,700,0,0,,,,1,1,0,1,1
1771,2024,100,1,1,,,No Previous Data,1,1,1,1,1
1771,2024,200,0,0,,,,0,1,1,1,0
1771,2024,300,0,0,,,,0,1,0,1,0
1771,2024,400,0,0,,,,0,0,0,0,0
1771,2024,500,0,0,,,,0,0,0,0,0
1771,2024,600,0,0,,,,0,1,0,1,0
1771,2024,700,0,0,,,,0,0,0,0,0
1772,2024,100,0,0,,,,1,1,1,1,0
1772,2024,200,0,0,,,,0,1,1,1,0
1772,2024,300,1,1,,,No Previous Data,1,1,1,1,1
1772,2024,400,0,0,,,,1,0,1,1,0
1772,2024,500,0,0,,,,0,0,0,0,0
1772,2024,600,0,0,,,,0,0,0,1,0
1772,2024,700,0,0,,,,0,1,0,1,0
1773,2024,100,0,0,,,,0,1,0,1,0
1773,2024,200,1,1,,,No Previous Data,1,1,1,1,1
1773,2024,300,0,0,,,,1,1,1,1,1
1773,2024,400,0,0,,,,1,1,0,1,0
1773,2024,500,0,0,,,,0,0,0,0,0
1773,2024,600,0,0,,,,0,0,0,1,0
1773,2024,700,0,0,,,,0,1,0,1,0
1774,2024,100,0,0,,,,0,0,0,1,0
1774,2024,200,0,0,,,,0,1,0,1,0
1774,2024,300,1,0,,,,1,0,1,1,0
1774,2024,400,0,0,,,,1,0,0,1,0
1774,2024,500,0,1,300.0,Không Độ,Switched,1,1,0,1,1
1774,2024,600,0,0,,,,0,0,0,0,0
1774,2024,700,0,0,,,,1,1,0,1,0
1775,2024,100,0,0,,,,0,0,0,0,0
1775,2024,200,0,0,,,,1,1,1,1,1
1775,2024,300,1,1,200.0,Olong Tea Plus,Switched,1,1,1,1,1
1775,2024,400,0,0,,,,0,0,0,0,0
1775,2024,500,0,0,,,,0,0,0,0,0
1775,2024,600,0,0,,,,0,0,0,0,0
1775,2024,700,0,0,,,,0,0,0,0,0
1776,2024,100,0,0,,,,1,1,1,1,0
1776,2024,200,0,0,,,,0,1,1,1,0
1776,2024,300,1,1,,,No Previous Data,1,1,1,1,1
1776,2024,400,0,0,,,,1,1,1,1,1
1776,2024,500,0,0,,,,0,0,0,1,0
1776,2024,600,0,0,,,,0,0,0,1,0
1776,2024,700,0,0,,,,0,0,0,1,0
1777,2024,100,0,1,200.0,Olong Tea Plus,Switched,1,1,1,1,1
1777,2024,200,0,0,,,,1,1,1,1,1
1777,2024,300,1,0,,,,1,1,1,1,1
1777,2024,400,0,0,,,,1,1,0,1,1
1777,2024,500,0,0,,,,0,0,0,0,0
1777,2024,600,0,0,,,,0,0,0,0,0
1777,2024,700,0,0,,,,0,1,1,1,0
1778,2024,100,0,0,,,,1,1,1,1,1
1778,2024,200,0,0,,,,0,0,1,1,0
1778,2024,300,1,1,100.0,C2,Switched,1,1,1,1,1
1778,2024,400,0,0,,,,0,1,0,1,0
1778,2024,500,0,0,,,,0,0,0,0,0
1778,2024,600,0,0,,,,0,0,0,0,0
1778,2024,700,0,0,,,,0,0,0,0,0
1779,2024,100,1,1,500.0,Boncha,Switched,1,1,1,1,1
1779,2024,200,0,0,,,,0,1,0,1,0
1779,2024,300,0,0,,,,0,0,0,0,0
1779,2024,400,0,0,,,,0,0,0,0,0
1779,2024,500,0,0,,,,1,1,0,1,1
1779,2024,600,0,0,,,,0,0,0,0,0
1779,2024,700,0,0,,,,1,1,0,1,0
1780,2024,100,1,1,200.0,Olong Tea Plus,Switched,1,1,1,1,1
1780,2024,200,0,0,,,,1,1,0,1,1
1780,2024,300,0,0,,,,1,1,0,1,1
1780,2024,400,0,0,,,,1,1,0,1,1
1780,2024,500,0,0,,,,0,0,0,0,0
1780,2024,600,0,0,,,,0,0,0,0,0
1780,2024,700,0,0,,,,0,0,0,0,0
1781,2024,100,1,1,,,No Previous Data,1,1,1,1,1
1781,2024,200,0,0,,,,0,1,1,1,0
1781,2024,300,0,0,,,,0,0,0,1,0
1781,2024,400,0,0,,,,0,0,0,1,0
1781,2024,500,0,0,,,,0,0,0,1,0
1781,2024,600,0,0,,,,0,0,0,1,0
1781,2024,700,0,0,,,,0,0,0,0,0
1782,2024,100,1,1,200.0,Olong Tea Plus,Switched,1,1,1,1,1
1782,2024,200,0,0,,,,1,1,1,1,1
1782,2024,300,0,0,,,,0,1,0,1,0
1782,2024,400,0,0,,,,0,1,0,1,0
1782,2024,500,0,0,,,,0,1,0,1,0
1782,2024,600,0,0,,,,0,1,0,1,0
1782,2024,700,0,0,,,,1,1,0,1,0
1783,2024,100,0,0,,,,0,0,1,1,0
1783,2024,200,1,1,,,No Previous Data,1,1,1,1,1
1783,2024,300,0,0,,,,1,1,1,1,1
1783,2024,400,0,0,,,,1,1,1,1,1
1783,2024,500,0,0,,,,0,0,0,0,0
1783,2024,600,0,0,,,,0,0,0,1,0
1783,2024,700,0,0,,,,0,0,0,0,0
1784,2024,100,1,1,,,No Previous Data,1,1,1,1,1
1784,2024,200,0,0,,,,1,1,1,1,0
1784,2024,300,0,0,,,,0,1,0,1,0
1784,2024,400,0,0,,,,1,1,1,1,1
1784,2024,500,0,0,,,,1,0,0,1,0
1784,2024,600,0,0,,,,0,0,0,0,0
1784,2024,700,0,0,,,,1,1,0,1,0
1785,2024,100,0,0,,,,1,1,1,1,0
1785,2024,200,0,0,,,,0,1,1,1,0
1785,2024,300,0,1,200.0,Olong Tea Plus,Switched,1,1,1,1,1
1785,2024,400,1,0,,,,1,1,1,1,1
1785,2024,500,0,0,,,,1,1,0,1,1
1785,2024,600,0,0,,,,0,0,0,1,0
1785,2024,700,0,0,,,,0,1,0,1,0
1786,2024,100,0,0,,,,0,1,1,1,0
1786,2024,200,0,0,,,,0,1,1,1,0
1786,2024,300,0,0,,,,1,1,1,1,1
1786,2024,400,1,1,,,No Previous Data,1,1,1,1,1
1786,2024,500,0,0,,,,0,0,0,0,0
1786,2024,600,0,0,,,,0,0,0,1,0
1786,2024,700,0,0,,,,0,0,0,1,0
1787,2024,100,0,0,,,,1,0,1,1,0
1787,2024,200,1,1,,,No Previous Data,1,1,1,1,1
1787,2024,300,0,0,,,,1,1,1,1,0
1787,2024,400,0,0,,,,1,1,0,1,1
1787,2024,500,0,0,,,,0,0,0,0,0
1787,2024,600,0,0,,,,1,0,0,1,0
1787,2024,700,0,0,,,,0,0,0,1,0
1788,2024,100,0,0,,,,1,1,0,1,0
1788,2024,200,1,1,,,No Previous Data,1,1,1,1,1
1788,2024,300,0,0,,,,1,1,1,1,1
1788,2024,400,0,0,,,,1,0,1,1,0
1788,2024,500,0,0,,,,0,0,0,0,0
1788,2024,600,0,0,,,,0,0,0,1,0
1788,2024,700,0,0,,,,0,1,0,1,0
1789,2024,100,0,0,,,,0,0,0,0,0
1789,2024,200,1,1,,,No Previous Data,1,1,1,1,1
1789,2024,300,0,0,,,,1,1,1,1,0
1789,2024,400,0,0,,,,0,1,0,1,0
1789,2024,500,0,0,,,,0,0,0,0,0
1789,2024,600,0,0,,,,0,0,0,0,0
1789,2024,700,0,0,,,,1,1,0,1,0
1790,2024,100,0,0,,,,1,1,1,1,1
1790,2024,200,1,1,,,No Previous Data,1,1,1,1,1
1790,2024,300,0,0,,,,1,1,1,1,1
1790,2024,400,0,0,,,,0,0,1,1,0
1790,2024,500,0,0,,,,0,0,0,0,0
1790,2024,600,0,0,,,,0,1,0,1,0
1790,2024,700,0,0,,,,0,0,0,1,0
1791,2024,100,1,1,,,No Previous Data,1,1,1,1,1
1791,2024,200,0,0,,,,1,1,1,1,1
1791,2024,300,0,0,,,,0,0,0,1,0
1791,2024,400,0,0,,,,1,1,1,1,1
1791,2024,500,0,0,,,,0,0,0,1,0
1791,2024,600,0,0,,,,0,0,0,1,0
1791,2024,700,0,0,,,,0,0,0,1,0
1792,2024,100,1,1,,,No Previous Data,1,1,1,1,1
1792,2024,200,0,0,,,,1,1,1,1,1
1792,2024,300,0,0,,,,0,0,1,1,0
1792,2024,400,0,0,,,,0,0,1,1,0
1792,2024,500,0,0,,,,0,0,0,1,0
1792,2024,600,0,0,,,,0,0,0,1,0
1792,2024,700,0,0,,,,0,0,0,1,0
1793,2024,100,0,0,,,,1,1,0,1,0
1793,2024,200,1,1,,,No Previous Data,1,1,1,1,1
1793,2024,300,0,0,,,,1,1,1,1,1
1793,2024,400,0,0,,,,1,0,0,1,0
1793,2024,500,0,0,,,,0,0,0,0,0
1793,2024,600,0,0,,,,1,0,0,1,0
1793,2024,700,0,0,,,,0,1,0,1,0
1794,2024,100,0,0,,,,1,1,1,1,1
1794,2024,200,0,0,,,,0,0,0,1,0
1794,2024,300,1,0,,,,1,1,1,1,1
1794,2024,400,0,1,200.0,Olong Tea Plus,Switched,1,1,0,1,1
1794,2024,500,0,0,,,,0,0,0,1,0
1794,2024,600,0,0,,,,0,0,0,1,0
1794,2024,700,0,0,,,,1,1,0,1,1
1795,2024,100,0,0,,,,1,1,0,1,1
1795,2024,200,0,0,,,,1,1,0,1,1
1795,2024,300,1,0,,,,0,1,1,1,0
1795,2024,400,0,0,,,,0,0,0,0,0
1795,2024,500,0,1,200.0,Olong Tea Plus,Switched,1,1,0,1,1
1795,2024,600,0,0,,,,0,0,0,0,0
1795,2024,700,0,0,,,,0,0,0,1,0
1796,2024,100,0,0,,,,0,0,0,1,0
1796,2024,200,0,1,,,No Previous Data,1,1,1,1,1
1796,2024,300,1,0,,,,1,1,1,1,1
1796,2024,400,0,0,,,,0,0,1,1,0
1796,2024,500,0,0,,,,0,0,0,1,0
1796,2024,600,0,0,,,,1,0,0,1,0
1796,2024,700,0,0,,,,0,0,0,0,0
1797,2024,100,1,1,,,No Previous Data,1,1,1,1,1
1797,2024,200,0,0,,,,1,1,1,1,1
1797,2024,300,0,0,,,,0,1,0,1,0
1797,2024,400,0,0,,,,0,0,1,1,0
1797,2024,500,0,0,,,,0,0,0,0,0
1797,2024,600,0,0,,,,0,1,0,1,0
1797,2024,700,0,0,,,,0,0,0,1,0
1798,2024,100,0,0,,,,1,1,0,1,1
1798,2024,200,1,1,,,No Previous Data,1,1,1,1,1
1798,2024,300,0,0,,,,1,1,0,1,1
1798,2024,400,0,0,,,,1,1,0,1,1
1798,2024,500,0,0,,,,0,0,0,0,0
1798,2024,600,0,0,,,,0,1,0,1,0
1798,2024,700,0,0,,,,0,1,0,1,0
1799,2024,100,0,0,,,,0,1,0,1,0
1799,2024,200,0,1,,,No Previous Data,1,1,1,1,1
1799,2024,300,1,0,,,,1,1,1,1,1
1799,2024,400,0,0,,,,1,0,0,1,0
1799,2024,500,0,0,,,,0,0,0,0,0
1799,2024,600,0,0,,,,1,0,0,1,0
1799,2024,700,0,0,,,,0,0,0,1,0
1800,2024,100,1,1,,,No Previous Data,1,1,1,1,1
1800,2024,200,0,0,,,,1,1,1,1,1
1800,2024,300,0,0,,,,0,1,0,1,0
1800,2024,400,0,0,,,,0,0,1,1,0
1800,2024,500,0,0,,,,0,0,0,0,0
1800,2024,600,0,0,,,,0,0,1,1,0
1800,2024,700,0,0,,,,0,0,0,1,0
1801,2024,100,0,0,,,,0,1,0,1,0
1801,2024,200,0,0,,,,1,1,1,1,1
1801,2024,300,0,0,,,,0,0,0,0,0
1801,2024,400,1,1,,,No Previous Data,1,1,1,1,1
1801,2024,500,0,0,,,,0,1,0,1,0
1801,2024,600,0,0,,,,0,0,0,0,0
1801,2024,700,0,0,,,,0,0,0,0,0
1802,2024,100,1,1,,,No Previous Data,1,1,1,1,1
1802,2024,200,0,0,,,,1,1,1,1,1
1802,2024,300,0,0,,,,0,1,0,1,0
1802,2024,400,0,0,,,,0,0,0,1,0
1802,2024,500,0,0,,,,0,0,0,0,0
1802,2024,600,0,0,,,,0,0,0,0,0
1802,2024,700,0,0,,,,0,1,0,1,0
1803,2024,100,0,0,,,,0,0,0,1,0
1803,2024,200,0,0,,,,1,0,0,1,0
1803,2024,300,1,1,,,No Previous Data,1,1,1,1,1
1803,2024,400,0,0,,,,1,1,1,1,1
1803,2024,500,0,0,,,,0,0,0,0,0
1803,2024,600,0,0,,,,0,0,0,1,0
1803,2024,700,0,0,,,,0,0,0,1,0
1804,2024,100,0,0,,,,1,1,1,1,1
1804,2024,200,1,1,,,No Previous Data,1,1,1,1,1
1804,2024,300,0,0,,,,1,0,1,1,0
1804,2024,400,0,0,,,,0,0,1,1,0
1804,2024,500,0,0,,,,0,0,0,1,0
1804,2024,600,0,0,,,,0,0,0,1,0
1804,2024,700,0,0,,,,0,1,0,1,0
1805,2024,100,0,0,,,,0,0,1,1,0
1805,2024,200,1,0,,,,0,1,1,1,0
1805,2024,300,0,1,,,No Previous Data,1,1,1,1,1
1805,2024,400,0,0,,,,0,0,0,1,0
1805,2024,500,0,0,,,,0,0,0,0,0
1805,2024,600,0,0,,,,0,0,0,1,0
1805,2024,700,0,0,,,,0,0,0,1,0
1806,2024,100,0,0,,,,0,0,0,1,0
1806,2024,200,0,0,,,,1,1,1,1,0
1806,2024,300,0,0,,,,1,0,0,1,0
1806,2024,400,1,1,,,No Previous Data,1,1,1,1,1
1806,2024,500,0,0,,,,0,0,0,0,0
1806,2024,600,0,0,,,,1,0,0,1,0
1806,2024,700,0,0,,,,0,0,0,1,0
1807,2024,100,1,1,,,No Previous Data,1,1,1,1,1
1807,2024,200,0,0,,,,1,1,1,1,1
1807,2024,300,0,0,,,,0,0,0,1,0
1807,2024,400,0,0,,,,0,0,0,1,0
1807,2024,500,0,0,,,,0,0,0,0,0
1807,2024,600,0,0,,,,0,0,0,0,0
1807,2024,700,0,0,,,,1,1,0,1,0
1808,2024,100,1,1,,,No Previous Data,1,1,1,1,1
1808,2024,200,0,0,,,,1,1,1,1,0
1808,2024,300,0,0,,,,0,0,1,1,0
1808,2024,400,0,0,,,,0,0,0,0,0
1808,2024,500,0,0,,,,0,0,0,1,0
1808,2024,600,0,0,,,,0,0,0,0,0
1808,2024,700,0,0,,,,1,1,0,1,0
1809,2024,100,0,0,,,,0,1,0,1,0
1809,2024,200,1,1,,,No Previous Data,1,1,1,1,1
1809,2024,300,0,0,,,,0,0,0,0,0
1809,2024,400,0,0,,,,1,1,1,1,0
1809,2024,500,0,0,,,,0,1,0,1,0
1809,2024,600,0,0,,,,0,0,0,0,0
1809,2024,700,0,0,,,,0,1,0,1,0
1810,2024,100,0,0,,,,1,1,1,1,0
1810,2024,200,1,1,100.0,C2,Switched,1,1,1,1,1
1810,2024,300,0,0,,,,0,0,0,1,0
1810,2024,400,0,0,,,,0,0,0,1,0
1810,2024,500,0,0,,,,0,0,0,0,0
1810,2024,600,0,0,,,,0,1,0,1,0
1810,2024,700,0,0,,,,0,0,0,0,0
1811,2024,100,0,0,,,,0,0,0,1,0
1811,2024,200,1,1,,,No Previous Data,1,1,1,1,1
1811,2024,300,0,0,,,,1,1,1,1,0
1811,2024,400,0,0,,,,1,1,1,1,0
1811,2024,500,0,0,,,,0,0,0,0,0
1811,2024,600,0,0,,,,1,0,0,1,0
1811,2024,700,0,0,,,,1,0,0,1,0
1812,2024,100,1,1,,,No Previous Data,1,1,1,1,1
1812,2024,200,0,0,,,,0,1,1,1,0
1812,2024,300,0,0,,,,0,0,0,1,0
1812,2024,400,0,0,,,,0,0,0,1,0
1812,2024,500,0,0,,,,0,0,0,1,0
1812,2024,600,0,0,,,,0,0,0,1,0
1812,2024,700,0,0,,,,0,0,0,1,0
1813,2024,100,0,0,,,,1,1,0,1,0
1813,2024,200,1,1,,,No Previous Data,1,1,1,1,1
1813,2024,300,0,0,,,,0,1,1,1,0
1813,2024,400,0,0,,,,1,1,1,1,1
1813,2024,500,0,0,,,,0,0,0,0,0
1813,2024,600,0,0,,,,1,1,0,1,1
1813,2024,700,0,0,,,,0,0,0,0,0
1814,2024,100,0,0,,,,0,0,0,1,0
1814,2024,200,1,1,,,No Previous Data,1,1,1,1,1
1814,2024,300,0,0,,,,0,1,1,1,0
1814,2024,400,0,0,,,,0,0,0,1,0
1814,2024,500,0,0,,,,0,0,0,0,0
1814,2024,600,0,0,,,,0,0,0,1,0
1814,2024,700,0,0,,,,1,0,0,1,0
1815,2024,100,0,0,,,,0,1,0,1,0
1815,2024,200,0,0,,,,0,1,1,1,0
1815,2024,300,0,0,,,,0,1,0,1,0
1815,2024,400,0,0,,,,0,0,0,1,0
1815,2024,500,0,0,,,,0,0,0,0,0
1815,2024,600,0,0,,,,0,0,0,0,0
1815,2024,700,1,1,100.0,C2,Switched,1,1,1,1,1
1816,2024,100,1,1,,,No Previous Data,1,1,1,1,1
1816,2024,200,0,0,,,,0,1,1,1,0
1816,2024,300,0,0,,,,0,1,0,1,0
1816,2024,400,0,0,,,,0,0,1,1,0
1816,2024,500,0,0,,,,1,1,0,1,0
1816,2024,600,0,0,,,,0,0,0,1,0
1816,2024,700,0,0,,,,0,0,0,1,0
1817,2024,100,1,1,300.0,Không Độ,Switched,1,1,1,1,1
1817,2024,200,0,0,,,,0,0,1,1,0
1817,2024,300,0,0,,,,1,0,1,1,0
1817,2024,400,0,0,,,,0,0,1,1,0
1817,2024,500,0,0,,,,0,0,0,0,0
1817,2024,600,0,0,,,,0,0,0,1,0
1817,2024,700,0,0,,,,0,1,0,1,0
1818,2024,100,0,0,,,,1,1,0,1,1
1818,2024,200,1,1,,,No Previous Data,1,1,1,1,1
1818,2024,300,0,0,,,,1,1,1,1,1
1818,2024,400,0,0,,,,1,1,0,1,1
1818,2024,500,0,0,,,,0,0,0,0,0
1818,2024,600,0,0,,,,0,0,0,0,0
1818,2024,700,0,0,,,,0,1,0,1,0
1819,2024,100,1,1,400.0,Cozy,Switched,1,1,1,1,1
1819,2024,200,0,0,,,,1,1,0,1,1
1819,2024,300,0,0,,,,1,1,0,1,1
1819,2024,400,0,0,,,,1,1,0,1,1
1819,2024,500,0,0,,,,1,1,0,1,1
1819,2024,600,0,0,,,,0,0,0,0,0
1819,2024,700,0,0,,,,1,1,0,1,1
1820,2024,100,1,1,200.0,Olong Tea Plus,Switched,1,1,1,1,1
1820,2024,200,0,0,,,,1,1,0,1,1
1820,2024,300,0,0,,,,1,1,0,1,1
1820,2024,400,0,0,,,,1,1,0,1,1
1820,2024,500,0,0,,,,1,1,0,1,1
1820,2024,600,0,0,,,,0,0,0,0,0
1820,2024,700,0,0,,,,1,1,0,1,1
1821,2024,100,1,1,200.0,Olong Tea Plus,Switched,1,1,1,1,1
1821,2024,200,0,0,,,,1,1,1,1,1
1821,2024,300,0,0,,,,1,1,1,1,1
1821,2024,400,0,0,,,,0,1,1,1,0
1821,2024,500,0,0,,,,0,1,0,1,0
1821,2024,600,0,0,,,,0,0,0,0,0
1821,2024,700,0,0,,,,0,0,0,1,0
1822,2024,100,1,0,,,,0,0,1,1,0
1822,2024,200,0,0,,,,0,0,0,1,0
1822,2024,300,0,0,,,,0,0,0,0,0
1822,2024,400,0,1,200.0,Olong Tea Plus,Switched,1,1,0,1,1
1822,2024,500,0,0,,,,0,1,0,1,0
1822,2024,600,0,0,,,,0,0,0,0,0
1822,2024,700,0,0,,,,0,0,0,0,0
1823,2024,100,0,0,,,,0,0,0,1,0
1823,2024,200,0,0,,,,0,0,0,1,0
1823,2024,300,1,0,,,,1,1,1,1,1
1823,2024,400,0,1,,,No Previous Data,1,1,1,1,1
1823,2024,500,0,0,,,,0,0,0,0,0
1823,2024,600,0,0,,,,0,1,0,1,0
1823,2024,700,0,0,,,,0,0,0,0,0
1824,2024,100,0,0,,,,0,0,0,1,0
1824,2024,200,0,0,,,,0,0,1,1,0
1824,2024,300,0,0,,,,0,0,0,1,0
1824,2024,400,1,1,,,No Previous Data,1,1,1,1,1
1824,2024,500,0,0,,,,0,0,0,0,0
1824,2024,600,0,0,,,,0,0,0,1,0
1824,2024,700,0,0,,,,0,0,0,1,0
1825,2024,100,0,0,,,,1,1,0,1,1
1825,2024,200,1,1,,,No Previous Data,1,1,1,1,1
1825,2024,300,0,0,,,,0,0,1,1,0
1825,2024,400,0,0,,,,0,0,0,1,0
1825,2024,500,0,0,,,,0,0,0,0,0
1825,2024,600,0,0,,,,0,0,0,0,0
1825,2024,700,0,0,,,,1,1,0,1,0
1826,2024,100,0,0,,,,0,0,1,1,0
1826,2024,200,1,1,,,No Previous Data,1,1,1,1,1
1826,2024,300,0,0,,,,1,1,1,1,0
1826,2024,400,0,0,,,,0,0,0,1,0
1826,2024,500,0,0,,,,0,0,0,0,0
1826,2024,600,0,0,,,,0,0,0,1,0
1826,2024,700,0,0,,,,1,1,1,1,0
1827,2024,100,0,0,,,,1,1,1,1,1
1827,2024,200,1,1,,,No Previous Data,1,1,1,1,1
1827,2024,300,0,0,,,,0,1,1,1,0
1827,2024,400,0,0,,,,1,1,0,1,1
1827,2024,500,0,0,,,,0,0,0,1,0
1827,2024,600,0,0,,,,0,0,0,1,0
1827,2024,700,0,0,,,,0,0,0,0,0
1828,2024,100,1,1,,,No Previous Data,1,1,1,1,1
1828,2024,200,0,0,,,,1,1,0,1,1
1828,2024,300,0,0,,,,0,0,0,0,0
1828,2024,400,0,0,,,,1,1,0,1,1
1828,2024,500,0,0,,,,0,0,0,0,0
1828,2024,600,0,0,,,,0,0,0,0,0
1828,2024,700,0,0,,,,0,0,0,0,0
1829,2024,100,1,0,,,,1,1,1,1,1
1829,2024,200,0,0,,,,1,1,0,1,1
1829,2024,300,0,0,,,,1,1,0,1,1
1829,2024,400,0,0,,,,0,0,0,0,0
1829,2024,500,0,0,,,,0,0,0,0,0
1829,2024,600,0,0,,,,0,0,0,0,0
1829,2024,700,0,1,,,No Previous Data,1,1,0,1,1
1830,2024,100,1,0,,,,1,1,1,1,1
1830,2024,200,0,0,,,,1,1,0,1,1
1830,2024,300,0,0,,,,0,0,0,0,0
1830,2024,400,0,0,,,,0,0,0,0,0
1830,2024,500,0,1,,,No Previous Data,1,1,0,1,1
1830,2024,600,0,0,,,,0,0,0,0,0
1830,2024,700,0,0,,,,1,1,0,1,1
1831,2024,100,1,1,,,No Previous Data,1,1,1,1,1
1831,2024,200,0,0,,,,1,1,0,1,1
1831,2024,300,0,0,,,,0,0,0,0,0
1831,2024,400,0,0,,,,1,1,0,1,1
1831,2024,500,0,0,,,,0,0,0,0,0
1831,2024,600,0,0,,,,0,0,0,0,0
1831,2024,700,0,0,,,,0,0,0,0,0
1832,2024,100,1,1,,,No Previous Data,1,1,1,1,1
1832,2024,200,0,0,,,,1,1,0,1,1
1832,2024,300,0,0,,,,0,0,0,0,0
1832,2024,400,0,0,,,,0,0,0,0,0
1832,2024,500,0,0,,,,0,0,0,0,0
1832,2024,600,0,0,,,,0,0,0,0,0
1832,2024,700,0,0,,,,0,0,0,0,0
1833,2024,100,0,0,,,,1,1,0,1,1
1833,2024,200,0,0,,,,1,1,0,1,1
1833,2024,300,1,1,200.0,Olong Tea Plus,Switched,1,1,1,1,1
1833,2024,400,0,0,,,,0,0,0,0,0
1833,2024,500,0,0,,,,0,1,0,1,0
1833,2024,600,0,0,,,,0,0,0,0,0
1833,2024,700,0,0,,,,1,1,0,1,1
1834,2024,100,1,0,,,,1,1,1,1,1
1834,2024,200,0,1,,,No Previous Data,1,1,0,1,1
1834,2024,300,0,0,,,,1,1,0,1,1
1834,2024,400,0,0,,,,0,0,0,0,0
1834,2024,500,0,0,,,,1,1,0,1,0
1834,2024,600,0,0,,,,0,0,0,0,0
1834,2024,700,0,0,,,,1,1,0,1,0
1835,2024,100,1,0,,,,1,1,1,1,1
1835,2024,200,0,1,,,No Previous Data,1,1,0,1,1
1835,2024,300,0,0,,,,1,1,0,1,0
1835,2024,400,0,0,,,,0,0,0,0,0
1835,2024,500,0,0,,,,1,1,0,1,0
1835,2024,600,0,0,,,,0,0,0,0,0
1835,2024,700,0,0,,,,1,1,0,1,1
1836,2024,100,1,1,,,No Previous Data,1,1,1,1,1
1836,2024,200,0,0,,,,1,1,1,1,1
1836,2024,300,0,0,,,,0,1,1,1,0
1836,2024,400,0,0,,,,0,0,1,1,0
1836,2024,500,0,0,,,,0,0,0,0,0
1836,2024,600,0,0,,,,0,0,0,0,0
1836,2024,700,0,0,,,,1,1,0,1,1
1837,2024,100,1,0,,,,1,1,1,1,1
1837,2024,200,0,1,,,No Previous Data,1,1,1,1,1
1837,2024,300,0,0,,,,0,0,0,0,0
1837,2024,400,0,0,,,,1,1,0,1,1
1837,2024,500,0,0,,,,0,0,0,0,0
1837,2024,600,0,0,,,,0,0,0,0,0
1837,2024,700,0,0,,,,0,0,0,0,0
1838,2024,100,1,1,,,No Previous Data,1,1,1,1,1
1838,2024,200,0,0,,,,1,1,0,1,1
1838,2024,300,0,0,,,,0,0,0,0,0
1838,2024,400,0,0,,,,0,0,0,0,0
1838,2024,500,0,0,,,,0,0,0,0,0
1838,2024,600,0,0,,,,0,0,0,0,0
1838,2024,700,0,0,,,,0,0,0,0,0
1839,2024,100,1,0,,,,1,1,1,1,0
1839,2024,200,0,0,,,,1,1,0,1,1
1839,2024,300,0,0,,,,0,0,0,0,0
1839,2024,400,0,0,,,,0,0,0,0,0
1839,2024,500,0,1,,,No Previous Data,1,1,0,1,1
1839,2024,600,0,0,,,,0,0,0,0,0
1839,2024,700,0,0,,,,1,1,0,1,1
1840,2024,100,1,0,,,,0,1,1,1,0
1840,2024,200,0,0,,,,1,1,0,1,1
1840,2024,300,0,0,,,,0,0,0,0,0
1840,2024,400,0,0,,,,0,0,0,0,0
1840,2024,500,0,1,,,No Previous Data,1,1,0,1,1
1840,2024,600,0,0,,,,0,0,0,0,0
1840,2024,700,0,0,,,,1,1,0,1,1
1841,2024,100,1,0,,,,1,1,1,1,1
1841,2024,200,0,0,,,,1,1,0,1,1
1841,2024,300,0,0,,,,0,1,0,1,0
1841,2024,400,0,0,,,,0,0,0,0,0
1841,2024,500,0,0,,,,0,1,0,1,0
1841,2024,600,0,0,,,,0,0,0,0,0
1841,2024,700,0,1,,,No Previous Data,1,1,0,1,1
1842,2024,100,1,1,,,No Previous Data,1,1,1,1,1
1842,2024,200,0,0,,,,1,1,1,1,1
1842,2024,300,0,0,,,,0,0,1,1,0
1842,2024,400,0,0,,,,0,0,0,1,0
1842,2024,500,0,0,,,,0,0,0,0,0
1842,2024,600,0,0,,,,0,0,0,0,0
1842,2024,700,0,0,,,,0,0,0,1,0
1843,2024,100,0,0,,,,0,0,1,1,0
1843,2024,200,0,0,,,,1,1,1,1,1
1843,2024,300,1,1,100.0,C2,Switched,1,1,1,1,1
1843,2024,400,0,0,,,,1,1,1,1,1
1843,2024,500,0,0,,,,0,0,0,0,0
1843,2024,600,0,0,,,,0,0,0,1,0
1843,2024,700,0,0,,,,0,0,0,1,0
1844,2024,100,0,0,,,,1,1,1,1,1
1844,2024,200,0,0,,,,0,0,1,1,0
1844,2024,300,0,0,,,,0,1,0,1,0
1844,2024,400,1,1,,,No Previous Data,1,1,1,1,1
1844,2024,500,0,0,,,,0,0,0,1,0
1844,2024,600,0,0,,,,0,0,0,1,0
1844,2024,700,0,0,,,,0,0,0,1,0
1845,2024,100,0,0,,,,0,0,0,1,0
1845,2024,200,0,0,,,,0,0,0,1,0
1845,2024,300,0,0,,,,0,0,0,1,0
1845,2024,400,0,0,,,,0,0,0,1,0
1845,2024,500,0,0,,,,0,0,0,1,0
1845,2024,600,0,1,,,No Previous Data,1,1,0,1,1
1845,2024,700,0,0,,,,0,0,0,0,0
1846,2024,100,0,0,,,,0,1,0,1,0
1846,2024,200,1,1,,,No Previous Data,1,1,1,1,1
1846,2024,300,0,0,,,,0,1,0,1,0
1846,2024,400,0,0,,,,1,1,1,1,1
1846,2024,500,0,0,,,,0,0,0,0,0
1846,2024,600,0,0,,,,0,1,0,1,0
1846,2024,700,0,0,,,,0,1,1,1,0
1847,2024,100,0,0,,,,0,0,1,1,0
1847,2024,200,0,0,,,,1,0,1,1,0
1847,2024,300,0,0,,,,0,1,0,1,0
1847,2024,400,0,0,,,,0,0,0,1,0
1847,2024,500,0,0,,,,0,0,0,1,0
1847,2024,600,0,0,,,,0,0,0,1,0
1847,2024,700,1,1,200.0,Olong Tea Plus,Switched,1,1,1,1,1
1848,2024,100,0,0,,,,0,0,1,1,0
1848,2024,200,0,0,,,,1,1,1,1,0
1848,2024,300,1,1,,,No Previous Data,1,1,1,1,1
1848,2024,400,0,0,,,,0,0,0,1,0
1848,2024,500,0,0,,,,0,0,0,1,0
1848,2024,600,0,0,,,,0,0,0,1,0
1848,2024,700,0,0,,,,0,0,0,0,0
1849,2024,100,0,0,,,,1,1,1,1,1
1849,2024,200,1,1,,,No Previous Data,1,1,1,1,1
1849,2024,300,0,0,,,,0,1,1,1,0
1849,2024,400,0,0,,,,0,0,0,1,0
1849,2024,500,0,0,,,,0,0,0,0,0
1849,2024,600,0,0,,,,0,0,0,1,0
1849,2024,700,0,0,,,,0,0,0,0,0
1850,2024,100,0,0,,,,0,0,0,1,0
1850,2024,200,0,0,,,,0,1,0,1,0
1850,2024,300,1,1,,,No Previous Data,1,1,1,1,1
1850,2024,400,0,0,,,,0,0,0,1,0
1850,2024,500,0,0,,,,0,1,0,1,0
1850,2024,600,0,0,,,,0,0,0,1,0
1850,2024,700,0,0,,,,0,0,0,1,0
1851,2024,100,0,0,,,,0,0,1,1,0
1851,2024,200,0,0,,,,1,0,1,1,0
1851,2024,300,0,0,,,,0,0,0,1,0
1851,2024,400,1,1,,,No Previous Data,1,1,1,1,1
1851,2024,500,0,0,,,,0,0,0,0,0
1851,2024,600,0,0,,,,0,0,0,1,0
1851,2024,700,0,0,,,,0,0,0,1,0
1852,2024,100,1,1,,,No Previous Data,1,1,1,1,1
1852,2024,200,0,0,,,,0,0,1,1,0
1852,2024,300,0,0,,,,0,1,0,1,0
1852,2024,400,0,0,,,,0,0,0,1,0
1852,2024,500,0,0,,,,0,0,0,0,0
1852,2024,600,0,0,,,,0,0,0,1,0
1852,2024,700,0,0,,,,0,0,0,0,0
1853,2024,100,0,0,,,,0,0,0,1,0
1853,2024,200,0,0,,,,0,1,0,1,0
1853,2024,300,0,0,,,,0,1,0,1,0
1853,2024,400,0,0,,,,0,0,0,1,0
1853,2024,500,0,0,,,,0,0,0,1,0
1853,2024,600,0,1,,,No Previous Data,1,1,0,1,1
1853,2024,700,0,0,,,,0,0,0,1,0
1854,2024,100,0,0,,,,0,0,0,0,0
1854,2024,200,1,1,,,No Previous Data,1,1,1,1,1
1854,2024,300,0,0,,,,1,1,1,1,0
1854,2024,400,0,0,,,,0,0,0,1,0
1854,2024,500,0,0,,,,0,0,0,0,0
1854,2024,600,0,0,,,,0,0,0,1,0
1854,2024,700,0,0,,,,0,1,1,1,0
1855,2024,100,0,0,,,,0,1,1,1,0
1855,2024,200,1,1,,,No Previous Data,1,1,1,1,1
1855,2024,300,0,0,,,,0,0,1,1,0
1855,2024,400,0,0,,,,1,1,0,1,0
1855,2024,500,0,0,,,,0,0,0,1,0
1855,2024,600,0,0,,,,0,0,0,1,0
1855,2024,700,0,0,,,,0,0,0,1,0
1856,2024,100,1,1,,,No Previous Data,1,1,1,1,1
1856,2024,200,0,0,,,,1,1,1,1,0
1856,2024,300,0,0,,,,0,1,0,1,0
1856,2024,400,0,0,,,,0,0,1,1,0
1856,2024,500,0,0,,,,0,0,0,0,0
1856,2024,600,0,0,,,,0,0,0,1,0
1856,2024,700,0,0,,,,0,0,0,0,0
1857,2024,100,0,0,,,,1,0,1,1,0
1857,2024,200,1,1,,,No Previous Data,1,1,1,1,1
1857,2024,300,0,0,,,,0,0,0,1,0
1857,2024,400,0,0,,,,0,0,0,0,0
1857,2024,500,0,0,,,,0,0,0,0,0
1857,2024,600,0,0,,,,1,1,0,1,1
1857,2024,700,0,0,,,,0,0,0,1,0
1858,2024,100,0,0,,,,0,0,1,1,0
1858,2024,200,0,0,,,,0,0,1,1,0
1858,2024,300,1,1,,,No Previous Data,1,1,1,1,1
1858,2024,400,0,0,,,,0,0,1,1,0
1858,2024,500,0,0,,,,0,0,0,1,0
1858,2024,600,0,0,,,,0,0,0,1,0
1858,2024,700,0,0,,,,0,0,0,1,0
1859,2024,100,0,0,,,,0,1,1,1,0
1859,2024,200,1,1,,,No Previous Data,1,1,1,1,1
1859,2024,300,0,0,,,,0,0,1,1,0
1859,2024,400,0,0,,,,0,0,0,1,0
1859,2024,500,0,0,,,,0,0,0,0,0
1859,2024,600,0,0,,,,0,0,0,1,0
1859,2024,700,0,0,,,,0,0,0,0,0
1860,2024,100,0,0,,,,0,0,1,1,0
1860,2024,200,0,0,,,,0,0,1,1,0
1860,2024,300,1,1,,,No Previous Data,1,1,1,1,1
1860,2024,400,0,0,,,,0,0,0,1,0
1860,2024,500,0,0,,,,0,0,0,1,0
1860,2024,600,0,0,,,,0,0,0,1,0
1860,2024,700,0,0,,,,0,0,0,0,0
1861,2024,100,1,1,,,No Previous Data,1,1,1,1,1
1861,2024,200,0,0,,,,0,0,1,1,0
1861,2024,300,0,0,,,,0,0,0,1,0
1861,2024,400,0,0,,,,0,0,1,1,0
1861,2024,500,0,0,,,,0,0,0,0,0
1861,2024,600,0,0,,,,0,0,0,1,0
1861,2024,700,0,0,,,,0,0,0,1,0
1862,2024,100,0,0,,,,0,0,1,1,0
1862,2024,200,1,1,,,No Previous Data,1,1,1,1,1
1862,2024,300,0,0,,,,0,0,1,1,0
1862,2024,400,0,0,,,,0,0,1,1,0
1862,2024,500,0,0,,,,0,0,0,1,0
1862,2024,600,0,0,,,,0,0,0,1,0
1862,2024,700,0,0,,,,0,0,0,1,0
1863,2024,100,0,0,,,,0,0,0,1,0
1863,2024,200,1,1,,,No Previous Data,1,1,1,1,1
1863,2024,300,0,0,,,,1,1,1,1,0
1863,2024,400,0,0,,,,0,0,0,1,0
1863,2024,500,0,0,,,,0,0,0,1,0
1863,2024,600,0,0,,,,0,0,0,1,0
1863,2024,700,0,0,,,,0,0,0,0,0
1864,2024,100,0,0,,,,0,0,1,1,0
1864,2024,200,0,0,,,,0,0,1,1,0
1864,2024,300,1,1,,,No Previous Data,1,1,1,1,1
1864,2024,400,0,0,,,,0,0,0,1,0
1864,2024,500,0,0,,,,0,0,0,1,0
1864,2024,600,0,0,,,,0,0,0,1,0
1864,2024,700,0,0,,,,0,0,0,0,0
1865,2024,100,1,1,,,No Previous Data,1,1,1,1,1
1865,2024,200,0,0,,,,0,0,1,1,0
1865,2024,300,0,0,,,,0,0,1,1,0
1865,2024,400,0,0,,,,0,0,1,1,0
1865,2024,500,0,0,,,,0,0,0,0,0
1865,2024,600,0,0,,,,0,0,0,1,0
1865,2024,700,0,0,,,,0,0,0,1,0
1866,2024,100,1,1,,,No Previous Data,1,1,1,1,1
1866,2024,200,0,0,,,,1,1,1,1,1
1866,2024,300,0,0,,,,1,1,0,1,0
1866,2024,400,0,0,,,,0,0,1,1,0
1866,2024,500,0,0,,,,0,0,0,1,0
1866,2024,600,0,0,,,,0,0,0,1,0
1866,2024,700,0,0,,,,0,0,0,1,0
1867,2024,100,0,0,,,,1,1,1,1,0
1867,2024,200,1,1,,,No Previous Data,1,1,1,1,1
1867,2024,300,0,0,,,,0,0,1,1,0
1867,2024,400,0,0,,,,0,0,1,1,0
1867,2024,500,0,0,,,,0,0,0,0,0
1867,2024,600,0,0,,,,0,0,0,0,0
1867,2024,700,0,0,,,,1,0,0,1,0
1868,2024,100,0,0,,,,1,1,1,1,1
1868,2024,200,0,0,,,,0,1,1,1,0
1868,2024,300,0,0,,,,0,0,0,1,0
1868,2024,400,0,0,,,,0,0,1,1,0
1868,2024,500,0,0,,,,0,0,1,1,0
1868,2024,600,0,0,,,,0,0,0,1,0
1868,2024,700,1,1,100.0,C2,Switched,1,1,1,1,1
1869,2024,100,1,1,,,No Previous Data,1,1,1,1,1
1869,2024,200,0,0,,,,1,1,1,1,0
1869,2024,300,0,0,,,,0,0,0,1,0
1869,2024,400,0,0,,,,0,1,0,1,0
1869,2024,500,0,0,,,,0,0,1,1,0
1869,2024,600,0,0,,,,0,0,0,1,0
1869,2024,700,0,0,,,,0,0,0,1,0
1870,2024,100,0,0,,,,0,1,1,1,0
1870,2024,200,0,1,,,No Previous Data,1,1,0,1,1
1870,2024,300,0,0,,,,1,1,0,1,0
1870,2024,400,1,0,,,,1,1,1,1,0
1870,2024,500,0,0,,,,0,0,0,0,0
1870,2024,600,0,0,,,,1,1,1,1,0
1870,2024,700,0,0,,,,0,1,0,1,0
1871,2024,100,1,1,,,No Previous Data,1,1,1,1,1
1871,2024,200,0,0,,,,0,0,1,1,0
1871,2024,300,0,0,,,,1,1,1,1,1
1871,2024,400,0,0,,,,0,0,1,1,0
1871,2024,500,0,0,,,,0,1,0,1,0
1871,2024,600,0,0,,,,0,0,0,1,0
1871,2024,700,0,0,,,,0,1,0,1,0
1872,2024,100,0,0,,,,0,1,1,1,0
1872,2024,200,0,1,,,No Previous Data,1,1,0,1,1
1872,2024,300,0,0,,,,1,1,0,1,0
1872,2024,400,1,0,,,,1,1,1,1,1
1872,2024,500,0,0,,,,0,0,0,0,0
1872,2024,600,0,0,,,,1,1,1,1,1
1872,2024,700,0,0,,,,0,1,0,1,0
1873,2024,100,0,0,,,,0,1,1,1,0
1873,2024,200,0,0,,,,0,1,1,1,0
1873,2024,300,1,1,,,No Previous Data,1,1,1,1,1
1873,2024,400,0,0,,,,0,0,0,1,0
1873,2024,500,0,0,,,,0,0,0,0,0
1873,2024,600,0,0,,,,0,0,0,0,0
1873,2024,700,0,0,,,,1,1,0,1,1
1874,2024,100,0,0,,,,0,1,1,1,0
1874,2024,200,1,1,,,No Previous Data,1,1,1,1,1
1874,2024,300,0,0,,,,1,1,1,1,0
1874,2024,400,0,0,,,,1,1,1,1,0
1874,2024,500,0,0,,,,0,0,0,0,0
1874,2024,600,0,0,,,,0,0,0,1,0
1874,2024,700,0,0,,,,0,0,0,0,0
1875,2024,100,0,0,,,,0,0,0,1,0
1875,2024,200,0,0,,,,0,0,1,1,0
1875,2024,300,1,1,,,No Previous Data,1,1,1,1,1
1875,2024,400,0,0,,,,0,0,0,1,0
1875,2024,500,0,0,,,,0,0,0,0,0
1875,2024,600,0,0,,,,0,0,0,0,0
1875,2024,700,0,0,,,,0,0,0,1,0
1876,2024,100,0,0,,,,0,1,1,1,0
1876,2024,200,0,0,,,,1,1,1,1,1
1876,2024,300,1,1,,,No Previous Data,1,1,1,1,1
1876,2024,400,0,0,,,,1,1,1,1,0
1876,2024,500,0,0,,,,0,0,0,0,0
1876,2024,600,0,0,,,,0,0,0,0,0
1876,2024,700,0,0,,,,1,1,0,1,0
1877,2024,100,0,0,,,,0,1,1,1,0
1877,2024,200,1,1,,,No Previous Data,1,1,1,1,1
1877,2024,300,0,0,,,,0,0,0,1,0
1877,2024,400,0,0,,,,0,0,0,1,0
1877,2024,500,0,0,,,,0,0,0,0,0
1877,2024,600,0,0,,,,0,0,0,1,0
1877,2024,700,0,0,,,,1,1,0,1,0
1878,2024,100,0,0,,,,1,1,1,1,1
1878,2024,200,0,0,,,,0,1,0,1,0
1878,2024,300,1,1,,,No Previous Data,1,1,1,1,1
1878,2024,400,0,0,,,,0,0,0,1,0
1878,2024,500,0,0,,,,0,0,0,1,0
1878,2024,600,0,0,,,,0,1,0,1,0
1878,2024,700,0,0,,,,0,1,0,1,0
1879,2024,100,0,0,,,,0,1,1,1,0
1879,2024,200,0,1,,,No Previous Data,1,1,1,1,1
1879,2024,300,0,0,,,,1,1,0,1,0
1879,2024,400,1,0,,,,1,1,1,1,1
1879,2024,500,0,0,,,,0,0,0,0,0
1879,2024,600,0,0,,,,0,1,1,1,0
1879,2024,700,0,0,,,,1,1,0,1,1
1880,2024,100,0,0,,,,0,0,1,1,0
1880,2024,200,0,0,,,,1,1,1,1,1
1880,2024,300,0,0,,,,0,1,0,1,0
1880,2024,400,1,1,,,No Previous Data,1,1,1,1,1
1880,2024,500,0,0,,,,0,0,0,0,0
1880,2024,600,0,0,,,,0,0,0,1,0
1880,2024,700,0,0,,,,0,0,0,1,0
1881,2024,100,0,0,,,,0,0,0,1,0
1881,2024,200,1,1,,,No Previous Data,1,1,1,1,1
1881,2024,300,0,0,,,,1,0,0,1,0
1881,2024,400,0,0,,,,1,1,1,1,1
1881,2024,500,0,0,,,,0,0,0,0,0
1881,2024,600,0,0,,,,0,0,1,1,0
1881,2024,700,0,0,,,,1,1,0,1,1
1882,2024,100,1,0,,,,1,1,1,1,1
1882,2024,200,0,0,,,,0,0,1,1,0
1882,2024,300,0,0,,,,0,0,1,1,0
1882,2024,400,0,1,200.0,Olong Tea Plus,Switched,1,1,1,1,1
1882,2024,500,0,0,,,,0,0,0,0,0
1882,2024,600,0,0,,,,0,0,0,1,0
1882,2024,700,0,0,,,,1,1,0,1,0
1883,2024,100,0,0,,,,0,1,0,1,0
1883,2024,200,1,1,,,No Previous Data,1,1,1,1,1
1883,2024,300,0,0,,,,1,1,1,1,1
1883,2024,400,0,0,,,,1,1,1,1,1
1883,2024,500,0,0,,,,0,0,0,0,0
1883,2024,600,0,0,,,,0,1,0,1,0
1883,2024,700,0,0,,,,0,0,0,0,0
1884,2024,100,1,1,200.0,Olong Tea Plus,Switched,1,1,1,1,1
1884,2024,200,0,0,,,,0,0,0,1,0
1884,2024,300,0,0,,,,1,1,1,1,1
1884,2024,400,0,0,,,,0,0,0,1,0
1884,2024,500,0,0,,,,0,0,0,1,0
1884,2024,600,0,0,,,,0,0,0,1,0
1884,2024,700,0,0,,,,1,1,0,1,1
1885,2024,100,1,0,,,,1,1,1,1,1
1885,2024,200,0,0,,,,1,1,0,1,1
1885,2024,300,0,0,,,,1,1,0,1,1
1885,2024,400,0,0,,,,0,1,0,1,0
1885,2024,500,0,0,,,,0,1,0,1,0
1885,2024,600,0,0,,,,0,0,0,0,0
1885,2024,700,0,1,,,No Previous Data,1,1,0,1,1
1886,2024,100,0,0,,,,0,0,0,0,0
1886,2024,200,1,1,,,No Previous Data,1,1,1,1,1
1886,2024,300,0,0,,,,0,0,0,0,0
1886,2024,400,0,0,,,,0,0,0,0,0
1886,2024,500,0,0,,,,0,0,0,0,0
1886,2024,600,0,0,,,,0,0,0,0,0
1886,2024,700,0,0,,,,0,0,0,0,0
1887,2024,100,1,0,,,,1,1,1,1,1
1887,2024,200,0,1,,,No Previous Data,1,1,0,1,1
1887,2024,300,0,0,,,,0,0,0,0,0
1887,2024,400,0,0,,,,0,0,0,0,0
1887,2024,500,0,0,,,,1,1,0,1,1
1887,2024,600,0,0,,,,0,0,0,0,0
1887,2024,700,0,0,,,,1,1,0,1,0
1888,2024,100,1,1,,,No Previous Data,1,1,1,1,1
1888,2024,200,0,0,,,,1,1,0,1,1
1888,2024,300,0,0,,,,0,0,0,0,0
1888,2024,400,0,0,,,,0,0,0,0,0
1888,2024,500,0,0,,,,0,0,0,0,0
1888,2024,600,0,0,,,,0,0,0,0,0
1888,2024,700,0,0,,,,0,0,0,0,0
1889,2024,100,1,0,,,,1,1,1,1,1
1889,2024,200,0,1,100.0,C2,Switched,1,1,0,1,1
1889,2024,300,0,0,,,,0,0,0,0,0
1889,2024,400,0,0,,,,0,0,0,0,0
1889,2024,500,0,0,,,,0,0,0,0,0
1889,2024,600,0,0,,,,0,0,0,0,0
1889,2024,700,0,0,,,,0,0,0,0,0
1890,2024,100,0,0,,,,0,0,0,0,0
1890,2024,200,1,1,,,No Previous Data,1,1,1,1,1
1890,2024,300,0,0,,,,0,0,0,0,0
1890,2024,400,0,0,,,,0,0,0,0,0
1890,2024,500,0,0,,,,0,0,0,0,0
1890,2024,600,0,0,,,,0,0,0,0,0
1890,2024,700,0,0,,,,0,0,0,0,0
1891,2024,100,1,1,,,No Previous Data,1,1,1,1,1
1891,2024,200,0,0,,,,1,1,0,1,1
1891,2024,300,0,0,,,,0,0,0,0,0
1891,2024,400,0,0,,,,0,0,0,0,0
1891,2024,500,0,0,,,,0,0,0,0,0
1891,2024,600,0,0,,,,0,0,0,0,0
1891,2024,700,0,0,,,,0,0,0,0,0
1892,2024,100,1,0,,,,1,1,1,1,1
1892,2024,200,0,0,,,,1,1,0,1,1
1892,2024,300,0,0,,,,0,0,0,0,0
1892,2024,400,0,0,,,,0,0,0,0,0
1892,2024,500,0,0,,,,1,1,0,1,1
1892,2024,600,0,0,,,,0,0,0,0,0
1892,2024,700,0,1,,,No Previous Data,1,1,0,1,1
1893,2024,100,0,0,,,,0,0,0,0,0
1893,2024,200,1,1,,,No Previous Data,1,1,1,1,1
1893,2024,300,0,0,,,,0,0,0,0,0
1893,2024,400,0,0,,,,0,0,0,0,0
1893,2024,500,0,0,,,,0,0,0,0,0
1893,2024,600,0,0,,,,0,0,0,0,0
1893,2024,700,0,0,,,,0,0,0,0,0
1894,2024,100,1,0,,,,1,1,1,1,1
1894,2024,200,0,1,,,No Previous Data,1,1,0,1,1
1894,2024,300,0,0,,,,0,0,0,0,0
1894,2024,400,0,0,,,,0,0,0,0,0
1894,2024,500,0,0,,,,1,1,0,1,1
1894,2024,600,0,0,,,,0,0,0,0,0
1894,2024,700,0,0,,,,1,1,0,1,1
1895,2024,100,1,0,,,,1,1,1,1,1
1895,2024,200,0,1,100.0,C2,Switched,1,1,1,1,1
1895,2024,300,0,0,,,,0,0,0,0,0
1895,2024,400,0,0,,,,0,0,0,0,0
1895,2024,500,0,0,,,,0,0,0,0,0
1895,2024,600,0,0,,,,0,0,0,0,0
1895,2024,700,0,0,,,,0,0,0,0,0
1896,2024,100,0,0,,,,0,0,0,0,0
1896,2024,200,1,1,,,No Previous Data,1,1,1,1,1
1896,2024,300,0,0,,,,0,0,0,0,0
1896,2024,400,0,0,,,,0,0,0,0,0
1896,2024,500,0,0,,,,0,0,0,0,0
1896,2024,600,0,0,,,,0,0,0,0,0
1896,2024,700,0,0,,,,0,0,0,0,0
1897,2024,100,1,0,,,,1,1,1,1,1
1897,2024,200,0,1,,,No Previous Data,1,1,0,1,1
1897,2024,300,0,0,,,,0,0,0,0,0
1897,2024,400,0,0,,,,0,0,0,0,0
1897,2024,500,0,0,,,,1,1,0,1,1
1897,2024,600,0,0,,,,0,0,0,0,0
1897,2024,700,0,0,,,,1,1,0,1,1
1898,2024,100,1,1,700.0,Khác,Switched,1,1,1,1,1
1898,2024,200,0,0,,,,0,0,0,0,0
1898,2024,300,0,0,,,,0,0,0,0,0
1898,2024,400,0,0,,,,1,1,0,1,0
1898,2024,500,0,0,,,,0,0,0,0,0
1898,2024,600,0,0,,,,0,0,0,0,0
1898,2024,700,0,0,,,,1,1,0,1,0
1899,2024,100,1,0,,,,1,1,1,1,1
1899,2024,200,0,1,100.0,C2,Switched,1,1,1,1,1
1899,2024,300,0,0,,,,0,0,0,0,0
1899,2024,400,0,0,,,,0,0,0,0,0
1899,2024,500,0,0,,,,0,0,0,0,0
1899,2024,600,0,0,,,,0,0,0,0,0
1899,2024,700,0,0,,,,0,0,0,0,0
1900,2024,100,1,1,,,No Previous Data,1,1,1,1,1
1900,2024,200,0,0,,,,1,0,1,1,0
1900,2024,300,0,0,,,,0,0,0,1,0
1900,2024,400,0,0,,,,1,0,0,1,0
1900,2024,500,0,0,,,,0,0,0,0,0
1900,2024,600,0,0,,,,0,0,0,1,0
1900,2024,700,0,0,,,,0,0,0,0,0
1901,2024,100,0,0,,,,0,0,0,1,0
1901,2024,200,1,1,,,No Previous Data,1,1,1,1,1
1901,2024,300,0,0,,,,1,1,1,1,1
1901,2024,400,0,0,,,,0,0,0,1,0
1901,2024,500,0,0,,,,0,0,0,0,0
1901,2024,600,0,0,,,,0,0,0,1,0
1901,2024,700,0,0,,,,1,0,0,1,0
1902,2024,100,0,0,,,,0,1,0,1,0
1902,2024,200,1,1,100.0,C2,Switched,1,1,1,1,1
1902,2024,300,0,0,,,,0,0,0,1,0
1902,2024,400,0,0,,,,1,0,1,1,0
1902,2024,500,0,0,,,,0,0,0,0,0
1902,2024,600,0,0,,,,0,0,0,0,0
1902,2024,700,0,0,,,,0,0,0,1,0
1903,2024,100,0,1,,,No Previous Data,1,1,1,1,1
1903,2024,200,1,0,,,,1,1,1,1,1
1903,2024,300,0,0,,,,1,1,1,1,1
1903,2024,400,0,0,,,,0,0,1,1,0
1903,2024,500,0,0,,,,0,0,0,0,0
1903,2024,600,0,0,,,,0,0,0,0,0
1903,2024,700,0,0,,,,0,1,0,1,0
1904,2024,100,1,1,,,No Previous Data,1,1,1,1,1
1904,2024,200,0,0,,,,0,1,1,1,0
1904,2024,300,0,0,,,,0,1,1,1,0
1904,2024,400,0,0,,,,1,1,0,1,1
1904,2024,500,0,0,,,,0,0,0,0,0
1904,2024,600,0,0,,,,0,0,0,1,0
1904,2024,700,0,0,,,,0,0,0,1,0
1905,2024,100,0,0,,,,0,1,1,1,0
1905,2024,200,0,0,,,,0,1,1,1,0
1905,2024,300,0,0,,,,1,1,1,1,1
1905,2024,400,1,1,,,No Previous Data,1,1,1,1,1
1905,2024,500,0,0,,,,0,0,0,0,0
1905,2024,600,0,0,,,,0,0,0,1,0
1905,2024,700,0,0,,,,0,0,0,0,0
1906,2024,100,0,0,,,,0,0,1,1,0
1906,2024,200,0,0,,,,0,0,1,1,0
1906,2024,300,0,0,,,,0,1,0,1,0
1906,2024,400,1,1,200.0,Olong Tea Plus,Switched,1,1,1,1,1
1906,2024,500,0,0,,,,0,0,0,0,0
1906,2024,600,0,0,,,,0,0,0,1,0
1906,2024,700,0,0,,,,0,0,0,0,0
1907,2024,100,0,0,,,,1,1,1,1,1
1907,2024,200,1,1,,,No Previous Data,1,1,1,1,1
1907,2024,300,0,0,,,,0,1,1,1,0
1907,2024,400,0,0,,,,0,0,0,1,0
1907,2024,500,0,0,,,,1,1,0,1,1
1907,2024,600,0,0,,,,0,0,0,1,0
1907,2024,700,0,0,,,,0,0,0,1,0
1908,2024,100,0,0,,,,1,1,1,1,1
1908,2024,200,1,1,,,No Previous Data,1,1,1,1,1
1908,2024,300,0,0,,,,0,0,0,1,0
1908,2024,400,0,0,,,,0,0,0,1,0
1908,2024,500,0,0,,,,0,0,0,0,0
1908,2024,600,0,0,,,,1,1,0,1,0
1908,2024,700,0,0,,,,0,0,0,1,0
1909,2024,100,0,0,,,,1,1,0,1,0
1909,2024,200,1,1,,,No Previous Data,1,1,1,1,1
1909,2024,300,0,0,,,,0,0,0,1,0
1909,2024,400,0,0,,,,1,1,1,1,1
1909,2024,500,0,0,,,,0,0,0,1,0
1909,2024,600,0,0,,,,0,0,0,1,0
1909,2024,700,0,0,,,,0,0,0,1,0
1910,2024,100,0,0,,,,0,1,0,1,0
1910,2024,200,1,1,,,No Previous Data,1,1,1,1,1
1910,2024,300,0,0,,,,0,0,1,1,0
1910,2024,400,0,0,,,,1,1,1,1,1
1910,2024,500,0,0,,,,0,0,0,0,0
1910,2024,600,0,0,,,,0,0,0,0,0
1910,2024,700,0,0,,,,1,1,0,1,0
1911,2024,100,0,1,300.0,Không Độ,Switched,1,1,1,1,1
1911,2024,200,0,0,,,,1,0,0,1,0
1911,2024,300,1,0,,,,1,1,1,1,1
1911,2024,400,0,0,,,,0,0,0,1,0
1911,2024,500,0,0,,,,0,0,0,0,0
1911,2024,600,0,0,,,,0,0,0,1,0
1911,2024,700,0,0,,,,1,0,0,1,0
1912,2024,100,0,0,,,,0,1,1,1,0
1912,2024,200,0,0,,,,0,1,1,1,0
1912,2024,300,1,1,,,No Previous Data,1,1,1,1,1
1912,2024,400,0,0,,,,1,1,1,1,1
1912,2024,500,0,0,,,,0,0,0,0,0
1912,2024,600,0,0,,,,0,0,0,1,0
1912,2024,700,0,0,,,,0,1,0,1,0
1913,2024,100,0,0,,,,1,1,1,1,1
1913,2024,200,1,1,,,No Previous Data,1,1,1,1,1
1913,2024,300,0,0,,,,0,1,1,1,0
1913,2024,400,0,0,,,,0,0,0,1,0
1913,2024,500,0,0,,,,0,1,0,1,0
1913,2024,600,0,0,,,,0,0,0,1,0
1913,2024,700,0,0,,,,0,0,0,0,0
1914,2024,100,0,0,,,,0,0,0,1,0
1914,2024,200,0,0,,,,1,1,1,1,0
1914,2024,300,1,1,,,No Previous Data,1,1,1,1,1
1914,2024,400,0,0,,,,0,0,0,1,0
1914,2024,500,0,0,,,,0,0,0,0,0
1914,2024,600,0,0,,,,0,0,1,1,0
1914,2024,700,0,0,,,,0,0,0,1,0
1915,2024,100,0,0,,,,0,0,0,1,0
1915,2024,200,0,0,,,,1,1,1,1,1
1915,2024,300,1,1,,,No Previous Data,1,1,1,1,1
1915,2024,400,0,0,,,,1,1,0,1,1
1915,2024,500,0,0,,,,0,0,0,0,0
1915,2024,600,0,0,,,,0,0,0,1,0
1915,2024,700,0,0,,,,0,0,0,1,0
1916,2024,100,0,0,,,,0,1,1,1,0
1916,2024,200,1,1,,,No Previous Data,1,1,1,1,1
1916,2024,300,0,0,,,,1,1,1,1,1
1916,2024,400,0,0,,,,0,0,1,1,0
1916,2024,500,0,0,,,,0,0,0,0,0
1916,2024,600,0,0,,,,0,0,0,1,0
1916,2024,700,0,0,,,,1,1,0,1,1
1917,2024,100,1,1,,,No Previous Data,1,1,1,1,1
1917,2024,200,0,0,,,,0,1,1,1,0
1917,2024,300,0,0,,,,0,1,1,1,0
1917,2024,400,0,0,,,,0,1,1,1,0
1917,2024,500,0,0,,,,0,0,0,0,0
1917,2024,600,0,0,,,,0,0,0,0,0
1917,2024,700,0,0,,,,1,0,0,1,0
1918,2024,100,1,1,,,No Previous Data,1,1,1,1,1
1918,2024,200,0,0,,,,1,1,1,1,0
1918,2024,300,0,0,,,,0,0,0,1,0
1918,2024,400,0,0,,,,1,1,1,1,1
1918,2024,500,0,0,,,,0,0,0,0,0
1918,2024,600,0,0,,,,0,1,0,1,0
1918,2024,700,0,0,,,,0,0,0,1,0
1919,2024,100,0,0,,,,1,1,1,1,1
1919,2024,200,0,0,,,,0,1,1,1,0
1919,2024,300,1,1,,,No Previous Data,1,1,1,1,1
1919,2024,400,0,0,,,,0,0,1,1,0
1919,2024,500,0,0,,,,0,1,0,1,0
1919,2024,600,0,0,,,,0,1,0,1,0
1919,2024,700,0,0,,,,0,1,0,1,0
1920,2024,100,0,0,,,,1,1,1,1,1
1920,2024,200,1,1,,,No Previous Data,1,1,1,1,1
1920,2024,300,0,0,,,,1,1,0,1,0
1920,2024,400,0,0,,,,1,1,1,1,1
1920,2024,500,0,0,,,,0,0,0,1,0
1920,2024,600,0,0,,,,0,0,0,1,0
1920,2024,700,0,0,,,,0,0,0,1,0
1921,2024,100,0,0,,,,1,1,1,1,0
1921,2024,200,0,0,,,,1,1,1,1,1
1921,2024,300,1,1,,,No Previous Data,1,1,1,1,1
1921,2024,400,0,0,,,,0,0,0,1,0
1921,2024,500,0,0,,,,0,0,0,0,0
1921,2024,600,0,0,,,,0,0,0,1,0
1921,2024,700,0,0,,,,0,1,0,1,0
1922,2024,100,1,1,,,No Previous Data,1,1,1,1,1
1922,2024,200,0,0,,,,1,1,1,1,0
1922,2024,300,0,0,,,,0,1,1,1,0
1922,2024,400,0,0,,,,1,1,0,1,1
1922,2024,500,0,0,,,,0,0,0,0,0
1922,2024,600,0,0,,,,0,1,0,1,0
1922,2024,700,0,0,,,,0,1,0,1,0
1923,2024,100,0,0,,,,1,1,1,1,0
1923,2024,200,1,1,,,No Previous Data,1,1,1,1,1
1923,2024,300,0,0,,,,0,0,0,1,0
1923,2024,400,0,0,,,,0,0,0,1,0
1923,2024,500,0,0,,,,0,0,0,0,0
1923,2024,600,0,0,,,,0,0,0,1,0
1923,2024,700,0,0,,,,0,0,0,1,0
1924,2024,100,0,0,,,,1,1,1,1,1
1924,2024,200,0,0,,,,1,1,1,1,1
1924,2024,300,1,1,100.0,C2,Switched,1,1,1,1,1
1924,2024,400,0,0,,,,0,0,0,1,0
1924,2024,500,0,0,,,,0,0,0,1,0
1924,2024,600,0,0,,,,0,0,0,1,0
1924,2024,700,0,0,,,,1,1,0,1,0
1925,2024,100,0,0,,,,0,0,0,1,0
1925,2024,200,1,1,,,No Previous Data,1,1,1,1,1
1925,2024,300,0,0,,,,1,0,1,1,0
1925,2024,400,0,0,,,,0,0,0,1,0
1925,2024,500,0,0,,,,1,0,1,1,0
1925,2024,600,0,0,,,,0,0,0,0,0
1925,2024,700,0,0,,,,0,0,0,1,0
1926,2024,100,0,0,,,,0,1,1,1,0
1926,2024,200,0,0,,,,0,0,0,1,0
1926,2024,300,1,1,,,No Previous Data,1,1,1,1,1
1926,2024,400,0,0,,,,0,0,1,1,0
1926,2024,500,0,0,,,,0,0,0,0,0
1926,2024,600,0,0,,,,0,0,0,1,0
1926,2024,700,0,0,,,,0,0,0,0,0
1927,2024,100,1,1,,,No Previous Data,1,1,1,1,1
1927,2024,200,0,0,,,,1,1,1,1,1
1927,2024,300,0,0,,,,0,1,1,1,0
1927,2024,400,0,0,,,,1,0,0,1,0
1927,2024,500,0,0,,,,0,0,0,1,0
1927,2024,600,0,0,,,,0,0,0,1,0
1927,2024,700,0,0,,,,0,0,0,1,0
1928,2024,100,1,1,,,No Previous Data,1,1,1,1,1
1928,2024,200,0,0,,,,0,0,1,1,0
1928,2024,300,0,0,,,,0,0,1,1,0
1928,2024,400,0,0,,,,0,0,1,1,0
1928,2024,500,0,0,,,,0,0,0,0,0
1928,2024,600,0,0,,,,0,0,0,1,0
1928,2024,700,0,0,,,,0,0,0,1,0
1929,2024,100,0,0,,,,1,1,1,1,0
1929,2024,200,1,1,400.0,Cozy,Switched,1,1,1,1,1
1929,2024,300,0,0,,,,0,1,1,1,0
1929,2024,400,0,0,,,,1,0,0,1,0
1929,2024,500,0,0,,,,0,0,0,0,0
1929,2024,600,0,0,,,,0,0,0,0,0
1929,2024,700,0,0,,,,1,1,0,1,0
1930,2024,100,0,0,,,,0,0,0,1,0
1930,2024,200,0,0,,,,1,1,0,1,1
1930,2024,300,1,1,600.0,Dr. Thanh,Switched,1,1,1,1,1
1930,2024,400,0,0,,,,0,0,0,1,0
1930,2024,500,0,0,,,,0,0,0,0,0
1930,2024,600,0,0,,,,0,0,0,1,0
1930,2024,700,0,0,,,,0,1,0,1,0
1931,2024,100,1,1,,,No Previous Data,1,1,1,1,1
1931,2024,200,0,0,,,,1,0,1,1,0
1931,2024,300,0,0,,,,1,1,0,1,0
1931,2024,400,0,0,,,,0,0,1,1,0
1931,2024,500,0,0,,,,0,0,0,1,0
1931,2024,600,0,0,,,,0,0,0,1,0
1931,2024,700,0,0,,,,0,0,0,1,0
1932,2024,100,1,1,,,No Previous Data,1,1,1,1,1
1932,2024,200,0,0,,,,1,0,1,1,0
1932,2024,300,0,0,,,,0,0,1,1,0
1932,2024,400,0,0,,,,0,0,0,1,0
1932,2024,500,0,0,,,,0,0,0,1,0
1932,2024,600,0,0,,,,0,0,0,1,0
1932,2024,700,0,0,,,,0,0,1,1,0
1933,2024,100,1,1,,,No Previous Data,1,1,1,1,1
1933,2024,200,0,0,,,,1,0,1,1,0
1933,2024,300,0,0,,,,1,0,0,1,0
1933,2024,400,0,0,,,,0,0,1,1,0
1933,2024,500,0,0,,,,0,1,1,1,0
1933,2024,600,0,0,,,,0,0,0,1,0
1933,2024,700,0,0,,,,0,1,0,1,0
1934,2024,100,0,0,,,,1,1,1,1,1
1934,2024,200,1,1,,,No Previous Data,1,1,1,1,1
1934,2024,300,0,0,,,,1,1,1,1,0
1934,2024,400,0,0,,,,0,0,1,1,0
1934,2024,500,0,0,,,,0,0,0,0,0
1934,2024,600,0,0,,,,0,0,0,1,0
1934,2024,700,0,0,,,,0,0,0,1,0
1935,2024,100,0,0,,,,1,1,1,1,1
1935,2024,200,1,1,,,No Previous Data,1,1,1,1,1
1935,2024,300,0,0,,,,0,1,1,1,0
1935,2024,400,0,0,,,,0,0,1,1,0
1935,2024,500,0,0,,,,0,0,0,0,0
1935,2024,600,0,0,,,,0,0,0,1,0
1935,2024,700,0,0,,,,0,0,0,1,0
1936,2024,100,1,1,,,No Previous Data,1,1,1,1,1
1936,2024,200,0,0,,,,1,1,1,1,1
1936,2024,300,0,0,,,,0,0,1,1,0
1936,2024,400,0,0,,,,0,0,1,1,0
1936,2024,500,0,0,,,,0,0,0,0,0
1936,2024,600,0,0,,,,0,0,0,1,0
1936,2024,700,0,0,,,,0,0,0,1,0
1937,2024,100,0,1,400.0,Cozy,Switched,1,1,0,1,1
1937,2024,200,0,0,,,,1,1,0,1,1
1937,2024,300,1,0,,,,1,1,1,1,0
1937,2024,400,0,0,,,,0,0,0,1,0
1937,2024,500,0,0,,,,0,1,0,1,0
1937,2024,600,0,0,,,,0,0,0,0,0
1937,2024,700,0,0,,,,0,0,0,1,0
1938,2024,100,0,0,,,,0,0,1,1,0
1938,2024,200,0,1,100.0,C2,Switched,1,1,1,1,1
1938,2024,300,1,0,,,,0,0,1,1,0
1938,2024,400,0,0,,,,0,0,0,1,0
1938,2024,500,0,0,,,,0,1,0,1,0
1938,2024,600,0,0,,,,0,0,0,0,0
1938,2024,700,0,0,,,,1,1,1,1,0
1939,2024,100,1,0,,,,1,1,1,1,1
1939,2024,200,0,1,,,No Previous Data,1,1,0,1,1
1939,2024,300,0,0,,,,0,0,0,0,0
1939,2024,400,0,0,,,,0,0,0,0,0
1939,2024,500,0,0,,,,1,1,0,1,0
1939,2024,600,0,0,,,,0,0,0,0,0
1939,2024,700,0,0,,,,1,1,0,1,1
1940,2024,100,0,1,700.0,Khác,Switched,1,1,0,1,1
1940,2024,200,0,0,,,,1,1,0,1,0
1940,2024,300,0,0,,,,0,0,0,0,0
1940,2024,400,0,0,,,,1,1,0,1,1
1940,2024,500,0,0,,,,0,0,0,0,0
1940,2024,600,0,0,,,,0,0,0,0,0
1940,2024,700,0,0,,,,1,1,0,1,0
1941,2024,100,1,0,,,,1,1,1,1,1
1941,2024,200,0,1,100.0,C2,Switched,1,1,1,1,1
1941,2024,300,0,0,,,,0,0,0,0,0
1941,2024,400,0,0,,,,0,0,0,0,0
1941,2024,500,0,0,,,,0,0,0,0,0
1941,2024,600,0,0,,,,0,0,0,0,0
1941,2024,700,0,0,,,,0,0,0,0,0
1942,2024,100,0,1,,,No Previous Data,1,1,1,1,1
1942,2024,200,0,0,,,,1,1,1,1,1
1942,2024,300,0,0,,,,0,0,0,1,0
1942,2024,400,1,0,,,,1,1,1,1,1
1942,2024,500,0,0,,,,0,0,0,0,0
1942,2024,600,0,0,,,,0,0,0,1,0
1942,2024,700,0,0,,,,0,0,0,0,0
1943,2024,100,1,0,,,,1,1,1,1,1
1943,2024,200,0,0,,,,1,1,0,1,1
1943,2024,300,0,0,,,,0,0,0,0,0
1943,2024,400,0,0,,,,0,0,0,0,0
1943,2024,500,0,0,,,,1,1,0,1,0
1943,2024,600,0,0,,,,0,0,0,0,0
1943,2024,700,0,1,,,No Previous Data,1,1,0,1,1
1944,2024,100,1,1,700.0,Khác,Switched,1,1,1,1,1
1944,2024,200,0,0,,,,1,1,0,1,0
1944,2024,300,0,0,,,,0,0,0,0,0
1944,2024,400,0,0,,,,1,1,0,1,0
1944,2024,500,0,0,,,,0,0,0,0,0
1944,2024,600,0,0,,,,0,0,0,0,0
1944,2024,700,0,0,,,,1,1,0,1,0
1945,2024,100,1,0,,,,1,1,1,1,1
1945,2024,200,0,1,100.0,C2,Switched,1,1,0,1,1
1945,2024,300,0,0,,,,0,0,0,0,0
1945,2024,400,0,0,,,,0,0,0,0,0
1945,2024,500,0,0,,,,0,0,0,0,0
1945,2024,600,0,0,,,,0,0,0,0,0
1945,2024,700,0,0,,,,0,0,0,0,0
1946,2024,100,1,0,,,,1,1,1,1,1
1946,2024,200,0,1,,,No Previous Data,1,1,0,1,1
1946,2024,300,0,0,,,,0,0,0,0,0
1946,2024,400,0,0,,,,0,0,0,0,0
1946,2024,500,0,0,,,,1,1,0,1,1
1946,2024,600,0,0,,,,0,0,0,0,0
1946,2024,700,0,0,,,,1,1,0,1,1
1947,2024,100,0,0,,,,0,0,0,0,0
1947,2024,200,1,1,,,No Previous Data,1,1,1,1,1
1947,2024,300,0,0,,,,0,0,0,0,0
1947,2024,400,0,0,,,,0,0,0,0,0
1947,2024,500,0,0,,,,0,0,0,0,0
1947,2024,600,0,0,,,,0,0,0,0,0
1947,2024,700,0,0,,,,0,0,0,0,0
1948,2024,100,1,0,,,,1,1,1,1,1
1948,2024,200,0,0,,,,1,0,0,1,0
1948,2024,300,0,0,,,,1,1,0,1,0
1948,2024,400,0,0,,,,0,0,0,0,0
1948,2024,500,0,0,,,,1,0,0,1,0
1948,2024,600,0,0,,,,0,0,0,0,0
1948,2024,700,0,1,100.0,C2,Switched,1,1,0,1,1
1949,2024,100,1,0,,,,1,1,1,1,1
1949,2024,200,0,1,,,No Previous Data,1,1,0,1,1
1949,2024,300,0,0,,,,0,0,0,0,0
1949,2024,400,0,0,,,,0,0,0,0,0
1949,2024,500,0,0,,,,1,1,0,1,1
1949,2024,600,0,0,,,,0,0,0,0,0
1949,2024,700,0,0,,,,1,1,0,1,1
1950,2024,100,0,0,,,,0,0,0,0,0
1950,2024,200,1,1,,,No Previous Data,1,1,1,1,1
1950,2024,300,0,0,,,,0,0,0,0,0
1950,2024,400,0,0,,,,0,0,0,0,0
1950,2024,500,0,0,,,,0,0,0,0,0
1950,2024,600,0,0,,,,0,0,0,0,0
1950,2024,700,0,0,,,,0,0,0,0,0
1951,2024,100,1,0,,,,1,1,1,1,1
1951,2024,200,0,1,100.0,C2,Switched,1,1,0,1,1
1951,2024,300,0,0,,,,0,0,0,0,0
1951,2024,400,0,0,,,,0,0,0,0,0
1951,2024,500,0,0,,,,0,0,0,0,0
1951,2024,600,0,0,,,,0,0,0,0,0
1951,2024,700,0,0,,,,0,0,0,0,0
1952,2024,100,1,0,,,,1,1,1,1,1
1952,2024,200,0,1,,,No Previous Data,1,1,0,1,1
1952,2024,300,0,0,,,,0,0,0,0,0
1952,2024,400,0,0,,,,0,0,0,0,0
1952,2024,500,0,0,,,,1,1,0,1,1
1952,2024,600,0,0,,,,0,0,0,0,0
1952,2024,700,0,0,,,,1,1,0,1,1
1953,2024,100,0,0,,,,1,1,0,1,1
1953,2024,200,0,1,700.0,Khác,Switched,1,1,0,1,1
1953,2024,300,1,0,,,,0,1,1,1,0
1953,2024,400,0,0,,,,0,0,0,1,0
1953,2024,500,0,0,,,,1,1,0,1,1
1953,2024,600,0,0,,,,0,0,0,1,0
1953,2024,700,0,0,,,,1,1,0,1,1
1954,2024,100,1,0,,,,1,1,1,1,1
1954,2024,200,0,1,100.0,C2,Switched,1,1,0,1,1
1954,2024,300,0,0,,,,0,0,0,0,0
1954,2024,400,0,0,,,,0,0,0,0,0
1954,2024,500,0,0,,,,0,0,0,0,0
1954,2024,600,0,0,,,,0,0,0,0,0
1954,2024,700,0,0,,,,0,0,0,0,0
1955,2024,100,1,0,,,,1,1,1,1,1
1955,2024,200,0,1,,,No Previous Data,1,1,0,1,1
1955,2024,300,0,0,,,,0,0,0,0,0
1955,2024,400,0,0,,,,0,0,0,0,0
1955,2024,500,0,0,,,,1,1,0,1,1
1955,2024,600,0,0,,,,0,0,0,0,0
1955,2024,700,0,0,,,,1,1,0,1,1
1956,2024,100,1,1,,,No Previous Data,1,1,1,1,1
1956,2024,200,0,0,,,,1,1,1,1,1
1956,2024,300,0,0,,,,1,1,0,1,0
1956,2024,400,0,0,,,,0,0,0,1,0
1956,2024,500,0,0,,,,0,0,0,1,0
1956,2024,600,0,0,,,,0,0,0,1,0
1956,2024,700,0,0,,,,0,0,0,1,0
1957,2024,100,0,0,,,,1,1,1,1,1
1957,2024,200,0,0,,,,0,1,1,1,0
1957,2024,300,1,1,,,No Previous Data,1,1,1,1,1
1957,2024,400,0,0,,,,0,0,0,1,0
1957,2024,500,0,0,,,,0,0,0,0,0
1957,2024,600,0,0,,,,0,0,0,1,0
1957,2024,700,0,0,,,,0,0,0,0,0
1958,2024,100,0,0,,,,1,1,1,1,1
1958,2024,200,1,1,,,No Previous Data,1,1,1,1,1
1958,2024,300,0,0,,,,1,1,0,1,1
1958,2024,400,0,0,,,,0,0,0,1,0
1958,2024,500,0,0,,,,0,1,0,1,0
1958,2024,600,0,0,,,,0,0,0,1,0
1958,2024,700,0,0,,,,0,0,0,1,0
1959,2024,100,1,1,,,No Previous Data,1,1,1,1,1
1959,2024,200,0,0,,,,1,1,1,1,1
1959,2024,300,0,0,,,,0,0,1,1,0
1959,2024,400,0,0,,,,0,0,0,1,0
1959,2024,500,0,0,,,,0,0,0,1,0
1959,2024,600,0,0,,,,0,0,0,1,0
1959,2024,700,0,0,,,,0,1,0,1,0
1960,2024,100,0,0,,,,1,1,1,1,1
1960,2024,200,1,1,,,No Previous Data,1,1,1,1,1
1960,2024,300,0,0,,,,0,0,0,1,0
1960,2024,400,0,0,,,,0,0,0,1,0
1960,2024,500,0,0,,,,0,0,0,1,0
1960,2024,600,0,0,,,,0,0,0,1,0
1960,2024,700,0,0,,,,0,0,0,1,0
1961,2024,100,0,0,,,,1,1,1,1,1
1961,2024,200,0,0,,,,0,1,0,1,0
1961,2024,300,1,1,100.0,C2,Switched,1,1,1,1,1
1961,2024,400,0,0,,,,0,0,0,0,0
1961,2024,500,0,0,,,,1,1,1,1,1
1961,2024,600,0,0,,,,0,0,0,0,0
1961,2024,700,0,0,,,,0,0,0,0,0
1962,2024,100,1,1,,,No Previous Data,1,1,1,1,1
1962,2024,200,0,0,,,,1,1,1,1,1
1962,2024,300,0,0,,,,0,1,1,1,0
1962,2024,400,0,0,,,,1,1,1,1,1
1962,2024,500,0,0,,,,0,0,0,1,0
1962,2024,600,0,0,,,,0,0,0,1,0
1962,2024,700,0,0,,,,0,0,0,1,0
1963,2024,100,0,0,,,,1,1,1,1,1
1963,2024,200,1,1,,,No Previous Data,1,1,1,1,1
1963,2024,300,0,0,,,,0,1,1,1,0
1963,2024,400,0,0,,,,0,0,1,1,0
1963,2024,500,0,0,,,,0,0,0,0,0
1963,2024,600,0,0,,,,0,0,0,1,0
1963,2024,700,0,0,,,,0,1,0,1,0
1964,2024,100,1,1,400.0,Cozy,Switched,1,1,1,1,1
1964,2024,200,0,0,,,,0,0,1,1,0
1964,2024,300,0,0,,,,0,1,0,1,0
1964,2024,400,0,0,,,,1,0,1,1,0
1964,2024,500,0,0,,,,0,0,0,1,0
1964,2024,600,0,0,,,,0,0,0,1,0
1964,2024,700,0,0,,,,0,0,0,1,0
1965,2024,100,0,0,,,,1,0,0,1,0
1965,2024,200,1,1,,,No Previous Data,1,1,1,1,1
1965,2024,300,0,0,,,,0,0,0,1,0
1965,2024,400,0,0,,,,0,0,0,1,0
1965,2024,500,0,0,,,,0,0,0,0,0
1965,2024,600,0,0,,,,1,0,1,1,0
1965,2024,700,0,0,,,,0,0,0,1,0
1966,2024,100,0,0,,,,0,1,1,1,0
1966,2024,200,1,1,,,No Previous Data,1,1,1,1,1
1966,2024,300,0,0,,,,0,0,0,1,0
1966,2024,400,0,0,,,,0,1,0,1,0
1966,2024,500,0,0,,,,0,0,0,0,0
1966,2024,600,0,0,,,,0,0,0,1,0
1966,2024,700,0,0,,,,0,0,0,1,0
1967,2024,100,0,0,,,,1,1,1,1,1
1967,2024,200,0,0,,,,1,1,1,1,1
1967,2024,300,1,1,,,No Previous Data,1,1,1,1,1
1967,2024,400,0,0,,,,0,0,1,1,0
1967,2024,500,0,0,,,,0,1,0,1,0
1967,2024,600,0,0,,,,0,0,0,1,0
1967,2024,700,0,0,,,,0,0,0,1,0
1968,2024,100,1,1,,,No Previous Data,1,1,1,1,1
1968,2024,200,0,0,,,,1,1,1,1,1
1968,2024,300,0,0,,,,0,0,0,1,0
1968,2024,400,0,0,,,,0,0,1,1,0
1968,2024,500,0,0,,,,0,0,0,1,0
1968,2024,600,0,0,,,,0,0,0,1,0
1968,2024,700,0,0,,,,0,1,0,1,0
1969,2024,100,0,1,200.0,Olong Tea Plus,Switched,1,1,1,1,1
1969,2024,200,1,0,,,,0,0,1,1,0
1969,2024,300,0,0,,,,0,0,1,1,0
1969,2024,400,0,0,,,,0,0,1,1,0
1969,2024,500,0,0,,,,0,0,0,1,0
1969,2024,600,0,0,,,,0,0,0,0,0
1969,2024,700,0,0,,,,0,0,0,1,0
1970,2024,100,0,0,,,,1,1,1,1,1
1970,2024,200,1,1,,,No Previous Data,1,1,1,1,1
1970,2024,300,0,0,,,,1,1,0,1,1
1970,2024,400,0,0,,,,0,0,0,1,0
1970,2024,500,0,0,,,,0,0,0,0,0
1970,2024,600,0,0,,,,0,0,0,0,0
1970,2024,700,0,0,,,,0,0,0,1,0
1971,2024,100,1,1,,,No Previous Data,1,1,1,1,1
1971,2024,200,0,0,,,,1,1,1,1,1
1971,2024,300,0,0,,,,0,0,0,1,0
1971,2024,400,0,0,,,,0,0,0,1,0
1971,2024,500,0,0,,,,0,0,0,0,0
1971,2024,600,0,0,,,,0,0,0,1,0
1971,2024,700,0,0,,,,0,1,0,1,0
1972,2024,100,0,0,,,,0,0,0,1,0
1972,2024,200,0,0,,,,1,0,0,1,0
1972,2024,300,0,0,,,,1,1,1,1,1
1972,2024,400,1,1,,,No Previous Data,1,1,1,1,1
1972,2024,500,0,0,,,,1,0,0,1,0
1972,2024,600,0,0,,,,0,0,0,1,0
1972,2024,700,0,0,,,,0,0,0,1,0
1973,2024,100,0,0,,,,0,0,1,1,0
1973,2024,200,1,1,100.0,C2,Switched,1,1,1,1,1
1973,2024,300,0,0,,,,1,0,1,1,0
1973,2024,400,0,0,,,,1,0,0,1,0
1973,2024,500,0,0,,,,0,0,0,1,0
1973,2024,600,0,0,,,,0,0,0,1,0
1973,2024,700,0,0,,,,0,1,0,1,0
1974,2024,100,0,0,,,,0,1,1,1,0
1974,2024,200,1,1,,,No Previous Data,1,1,1,1,1
1974,2024,300,0,0,,,,1,1,1,1,1
1974,2024,400,0,0,,,,0,0,0,1,0
1974,2024,500,0,0,,,,0,1,0,1,0
1974,2024,600,0,0,,,,0,0,0,1,0
1974,2024,700,0,0,,,,0,1,0,1,0
1975,2024,100,1,1,200.0,Olong Tea Plus,Switched,1,1,1,1,1
1975,2024,200,0,0,,,,1,1,1,1,0
1975,2024,300,0,0,,,,1,1,1,1,0
1975,2024,400,0,0,,,,1,1,0,1,0
1975,2024,500,0,0,,,,1,1,0,1,1
1975,2024,600,0,0,,,,1,1,0,1,1
1975,2024,700,0,0,,,,0,0,0,1,0
1976,2024,100,0,0,,,,0,1,1,1,0
1976,2024,200,0,0,,,,0,0,1,1,0
1976,2024,300,1,1,200.0,Olong Tea Plus,Switched,1,1,1,1,1
1976,2024,400,0,0,,,,0,0,0,1,0
1976,2024,500,0,0,,,,0,0,0,1,0
1976,2024,600,0,0,,,,0,0,0,1,0
1976,2024,700,0,0,,,,0,0,0,1,0
1977,2024,100,0,0,,,,0,0,1,1,0
1977,2024,200,0,0,,,,1,1,1,1,1
1977,2024,300,0,0,,,,0,0,0,1,0
1977,2024,400,1,1,300.0,Không Độ,Switched,1,1,1,1,1
1977,2024,500,0,0,,,,0,0,0,0,0
1977,2024,600,0,0,,,,0,0,0,0,0
1977,2024,700,0,0,,,,0,1,0,1,0
1978,2024,100,0,0,,,,0,1,1,1,0
1978,2024,200,1,1,,,No Previous Data,1,1,1,1,1
1978,2024,300,0,0,,,,0,0,0,1,0
1978,2024,400,0,0,,,,0,0,1,1,0
1978,2024,500,0,0,,,,0,0,0,1,0
1978,2024,600,0,0,,,,0,0,0,1,0
1978,2024,700,0,0,,,,0,0,0,1,0
1979,2024,100,0,0,,,,1,1,1,1,1
1979,2024,200,1,1,,,No Previous Data,1,1,1,1,1
1979,2024,300,0,0,,,,0,1,1,1,0
1979,2024,400,0,0,,,,1,0,0,1,0
1979,2024,500,0,0,,,,0,0,0,0,0
1979,2024,600,0,0,,,,0,0,0,1,0
1979,2024,700,0,0,,,,0,1,0,1,0
1980,2024,100,0,0,,,,1,1,1,1,0
1980,2024,200,1,1,,,No Previous Data,1,1,1,1,1
1980,2024,300,0,0,,,,0,0,0,1,0
1980,2024,400,0,0,,,,0,0,1,1,0
1980,2024,500,0,0,,,,0,0,0,1,0
1980,2024,600,0,0,,,,0,0,0,1,0
1980,2024,700,0,0,,,,0,0,0,0,0
1981,2024,100,0,0,,,,0,1,1,1,0
1981,2024,200,1,1,,,No Previous Data,1,1,1,1,1
1981,2024,300,0,0,,,,1,1,1,1,1
1981,2024,400,0,0,,,,0,0,1,1,0
1981,2024,500,0,0,,,,0,0,0,0,0
1981,2024,600,0,0,,,,0,0,0,1,0
1981,2024,700,0,0,,,,0,0,0,1,0
1982,2024,100,0,0,,,,0,1,1,1,0
1982,2024,200,1,1,,,No Previous Data,1,1,1,1,1
1982,2024,300,0,0,,,,1,1,0,1,0
1982,2024,400,0,0,,,,0,0,0,0,0
1982,2024,500,0,0,,,,0,0,0,1,0
1982,2024,600,0,0,,,,0,0,0,1,0
1982,2024,700,0,0,,,,0,0,0,0,0
1983,2024,100,1,1,,,No Previous Data,1,1,1,1,1
1983,2024,200,0,0,,,,1,1,0,1,0
1983,2024,300,0,0,,,,0,1,0,1,0
1983,2024,400,0,0,,,,0,0,0,1,0
1983,2024,500,0,0,,,,0,1,0,1,0
1983,2024,600,0,0,,,,0,0,0,1,0
1983,2024,700,0,0,,,,0,0,0,1,0
1984,2024,100,0,0,,,,1,1,1,1,0
1984,2024,200,1,1,,,No Previous Data,1,1,1,1,1
1984,2024,300,0,0,,,,0,1,0,1,0
1984,2024,400,0,0,,,,0,0,0,1,0
1984,2024,500,0,0,,,,0,1,0,1,0
1984,2024,600,0,0,,,,0,0,0,1,0
1984,2024,700,0,0,,,,0,0,0,0,0
1985,2024,100,1,1,,,No Previous Data,1,1,1,1,1
1985,2024,200,0,0,,,,0,1,1,1,0
1985,2024,300,0,0,,,,0,1,1,1,0
1985,2024,400,0,0,,,,1,1,0,1,1
1985,2024,500,0,0,,,,0,0,0,0,0
1985,2024,600,0,0,,,,0,0,0,1,0
1985,2024,700,0,0,,,,0,0,0,0,0
1986,2024,100,1,1,,,No Previous Data,1,1,1,1,1
1986,2024,200,0,0,,,,0,1,1,1,0
1986,2024,300,0,0,,,,0,1,1,1,0
1986,2024,400,0,0,,,,1,1,1,1,1
1986,2024,500,0,0,,,,0,0,0,1,0
1986,2024,600,0,0,,,,0,0,0,0,0
1986,2024,700,0,0,,,,0,0,0,1,0
1987,2024,100,1,1,,,No Previous Data,1,1,1,1,1
1987,2024,200,0,0,,,,0,1,1,1,0
1987,2024,300,0,0,,,,0,1,1,1,0
1987,2024,400,0,0,,,,1,1,1,1,1
1987,2024,500,0,0,,,,0,0,0,0,0
1987,2024,600,0,0,,,,0,0,0,0,0
1987,2024,700,0,0,,,,0,0,0,1,0
1988,2024,100,0,0,,,,0,0,0,1,0
1988,2024,200,1,1,,,No Previous Data,1,1,1,1,1
1988,2024,300,0,0,,,,0,1,0,1,0
1988,2024,400,0,0,,,,0,0,0,1,0
1988,2024,500,0,0,,,,0,1,0,1,0
1988,2024,600,0,0,,,,0,0,0,1,0
1988,2024,700,0,0,,,,0,0,0,0,0
1989,2024,100,1,1,,,No Previous Data,1,1,1,1,1
1989,2024,200,0,0,,,,0,1,1,1,0
1989,2024,300,0,0,,,,1,1,1,1,0
1989,2024,400,0,0,,,,1,1,1,1,1
1989,2024,500,0,0,,,,0,0,0,0,0
1989,2024,600,0,0,,,,0,1,0,1,0
1989,2024,700,0,0,,,,0,0,0,0,0
1990,2024,100,1,1,,,No Previous Data,1,1,1,1,1
1990,2024,200,0,0,,,,1,1,1,1,1
1990,2024,300,0,0,,,,1,1,0,1,0
1990,2024,400,0,0,,,,0,1,0,1,0
1990,2024,500,0,0,,,,0,1,0,1,0
1990,2024,600,0,0,,,,0,0,0,0,0
1990,2024,700,0,0,,,,0,1,0,1,0
1991,2024,100,0,0,,,,0,0,0,1,0
1991,2024,200,1,1,,,No Previous Data,1,1,1,1,1
1991,2024,300,0,0,,,,1,1,1,1,0
1991,2024,400,0,0,,,,1,1,1,1,1
1991,2024,500,0,0,,,,0,0,0,1,0
1991,2024,600,0,0,,,,0,0,0,1,0
1991,2024,700,0,0,,,,0,0,0,0,0
1992,2024,100,1,1,,,No Previous Data,1,1,1,1,1
1992,2024,200,0,0,,,,0,1,1,1,0
1992,2024,300,0,0,,,,1,1,0,1,0
1992,2024,400,0,0,,,,0,0,1,1,0
1992,2024,500,0,0,,,,0,0,0,0,0
1992,2024,600,0,0,,,,0,0,0,1,0
1992,2024,700,0,0,,,,0,0,0,1,0
1993,2024,100,1,1,,,No Previous Data,1,1,1,1,1
1993,2024,200,0,0,,,,0,1,1,1,0
1993,2024,300,0,0,,,,1,1,1,1,1
1993,2024,400,0,0,,,,1,1,1,1,0
1993,2024,500,0,0,,,,0,0,0,0,0
1993,2024,600,0,0,,,,0,0,0,1,0
1993,2024,700,0,0,,,,0,0,0,0,0
1994,2024,100,1,0,,,,1,1,1,1,1
1994,2024,200,0,0,,,,0,0,1,1,0
1994,2024,300,0,1,,,No Previous Data,1,1,1,1,1
1994,2024,400,0,0,,,,1,1,1,1,1
1994,2024,500,0,0,,,,0,0,0,0,0
1994,2024,600,0,0,,,,0,0,0,1,0
1994,2024,700,0,0,,,,0,0,0,1,0
1995,2024,100,1,1,,,No Previous Data,1,1,1,1,1
1995,2024,200,0,0,,,,1,1,1,1,0
1995,2024,300,0,0,,,,0,0,0,1,0
1995,2024,400,0,0,,,,0,0,0,1,0
1995,2024,500,0,0,,,,0,0,0,1,0
1995,2024,600,0,0,,,,0,0,0,1,0
1995,2024,700,0,0,,,,0,0,0,1,0
1996,2024,100,1,1,,,No Previous Data,1,1,1,1,1
1996,2024,200,0,0,,,,1,1,1,1,1
1996,2024,300,0,0,,,,0,0,1,1,0
1996,2024,400,0,0,,,,0,0,0,0,0
1996,2024,500,0,0,,,,0,0,0,1,0
1996,2024,600,0,0,,,,0,0,0,0,0
1996,2024,700,0,0,,,,0,0,0,1,0
1997,2024,100,1,1,,,No Previous Data,1,1,1,1,1
1997,2024,200,0,0,,,,1,1,1,1,0
1997,2024,300,0,0,,,,0,1,1,1,0
1997,2024,400,0,0,,,,0,0,1,1,0
1997,2024,500,0,0,,,,0,1,0,1,0
1997,2024,600,0,0,,,,1,1,0,1,0
1997,2024,700,0,0,,,,0,1,0,1,0
1998,2024,100,0,0,,,,0,1,1,1,0
1998,2024,200,0,0,,,,0,1,1,1,0
1998,2024,300,1,1,,,No Previous Data,1,1,1,1,1
1998,2024,400,0,0,,,,1,1,1,1,1
1998,2024,500,0,0,,,,0,0,0,1,0
1998,2024,600,0,0,,,,0,1,0,1,0
1998,2024,700,0,0,,,,0,1,0,1,0
1999,2024,100,0,0,,,,1,1,1,1,1
1999,2024,200,1,1,,,No Previous Data,1,1,1,1,1
1999,2024,300,0,0,,,,0,0,0,1,0
1999,2024,400,0,0,,,,0,0,0,1,0
1999,2024,500,0,0,,,,0,0,0,0,0
1999,2024,600,0,0,,,,0,0,0,1,0
1999,2024,700,0,0,,,,0,0,0,1,0
2000,2024,100,0,0,,,,1,1,1,1,1
2000,2024,200,0,0,,,,1,1,0,1,1
2000,2024,300,1,0,,,,1,1,1,1,1
2000,2024,400,0,0,,,,1,1,1,1,1
2000,2024,500,0,0,,,,1,1,0,1,0
2000,2024,600,0,0,,,,1,1,0,1,1
2000,2024,700,0,1,200.0,Olong Tea Plus,Switched,1,1,0,1,1
2001,2024,100,0,0,,,,0,0,0,0,0
2001,2024,200,0,0,,,,1,1,0,1,1
2001,2024,300,1,0,,,,0,0,1,1,0
2001,2024,400,0,1,500.0,Boncha,Switched,1,1,0,1,1
2001,2024,500,0,0,,,,1,1,0,1,1
2001,2024,600,0,0,,,,1,1,0,1,0
2001,2024,700,0,0,,,,1,1,0,1,1
2002,2024,100,0,0,,,,1,1,0,1,1
2002,2024,200,0,0,,,,1,1,0,1,1
2002,2024,300,0,0,,,,1,1,0,1,1
2002,2024,400,0,0,,,,0,1,0,1,0
2002,2024,500,0,1,300.0,Không Độ,Switched,1,1,0,1,1
2002,2024,600,0,0,,,,0,0,0,0,0
2002,2024,700,0,0,,,,1,1,1,1,1
2003,2024,100,0,0,,,,1,1,1,1,1
2003,2024,200,0,0,,,,1,0,0,1,0
2003,2024,300,1,0,,,,1,1,1,1,0
2003,2024,400,0,0,,,,0,1,0,1,0
2003,2024,500,0,1,100.0,C2,Switched,1,1,0,1,1
2003,2024,600,0,0,,,,0,0,0,0,0
2003,2024,700,0,0,,,,0,1,0,1,0
2004,2024,100,0,0,,,,0,0,0,0,0
2004,2024,200,0,0,,,,0,1,0,1,0
2004,2024,300,1,0,,,,1,1,1,1,1
2004,2024,400,0,1,300.0,Không Độ,Switched,1,1,0,1,1
2004,2024,500,0,0,,,,0,0,0,0,0
2004,2024,600,0,0,,,,0,0,0,0,0
2004,2024,700,0,0,,,,1,1,0,1,0
2005,2024,100,0,0,,,,0,0,0,1,0
2005,2024,200,1,0,,,,0,0,1,1,0
2005,2024,300,0,1,100.0,C2,Switched,1,1,0,1,1
2005,2024,400,0,0,,,,0,0,1,1,0
2005,2024,500,0,0,,,,0,1,0,1,0
2005,2024,600,0,0,,,,0,0,0,1,0
2005,2024,700,0,0,,,,0,1,0,1,0
2006,2024,100,0,0,,,,1,1,1,1,1
2006,2024,200,0,0,,,,1,1,1,1,1
2006,2024,300,0,1,200.0,Olong Tea Plus,Switched,1,1,1,1,1
2006,2024,400,1,0,,,,0,0,1,1,0
2006,2024,500,0,0,,,,1,1,0,1,0
2006,2024,600,0,0,,,,0,0,0,1,0
2006,2024,700,0,0,,,,1,1,0,1,1
2007,2024,100,0,0,,,,1,1,1,1,1
2007,2024,200,0,0,,,,1,1,1,1,1
2007,2024,300,0,0,,,,0,0,0,1,0
2007,2024,400,1,1,,,No Previous Data,1,1,1,1,1
2007,2024,500,0,0,,,,0,0,0,1,0
2007,2024,600,0,0,,,,0,0,0,1,0
2007,2024,700,0,0,,,,0,0,0,1,0
2008,2024,100,1,1,200.0,Olong Tea Plus,Switched,1,1,1,1,1
2008,2024,200,0,0,,,,1,0,1,1,0
2008,2024,300,0,0,,,,0,1,1,1,0
2008,2024,400,0,0,,,,0,0,0,1,0
2008,2024,500,0,0,,,,0,0,0,0,0
2008,2024,600,0,0,,,,0,0,0,1,0
2008,2024,700,0,0,,,,0,0,0,1,0
2009,2024,100,0,0,,,,0,0,1,1,0
2009,2024,200,1,1,,,No Previous Data,1,1,1,1,1
2009,2024,300,0,0,,,,0,0,0,1,0
2009,2024,400,0,0,,,,0,0,0,1,0
2009,2024,500,0,0,,,,0,0,0,1,0
2009,2024,600,0,0,,,,0,0,0,1,0
2009,2024,700,0,0,,,,0,0,0,1,0
2010,2024,100,1,1,,,No Previous Data,1,1,1,1,1
2010,2024,200,0,0,,,,1,0,1,1,0
2010,2024,300,0,0,,,,0,0,0,1,0
2010,2024,400,0,0,,,,0,0,0,1,0
2010,2024,500,0,0,,,,0,0,0,0,0
2010,2024,600,0,0,,,,0,0,0,1,0
2010,2024,700,0,0,,,,0,0,0,1,0
2011,2024,100,0,0,,,,1,1,1,1,1
2011,2024,200,0,0,,,,1,1,1,1,1
2011,2024,300,0,0,,,,1,1,0,1,1
2011,2024,400,0,0,,,,1,1,0,1,1
2011,2024,500,0,0,,,,0,1,0,1,0
2011,2024,600,0,0,,,,0,1,0,1,0
2011,2024,700,1,1,700.0,Khác,Loyal,1,1,1,1,1
2012,2024,100,0,0,,,,0,0,0,1,0
2012,2024,200,1,1,,,No Previous Data,1,1,1,1,1
2012,2024,300,0,0,,,,0,0,0,1,0
2012,2024,400,0,0,,,,0,0,0,1,0
2012,2024,500,0,0,,,,0,0,0,0,0
2012,2024,600,0,0,,,,0,0,0,1,0
2012,2024,700,0,0,,,,0,0,0,1,0
2013,2024,100,1,1,,,No Previous Data,1,1,1,1,1
2013,2024,200,0,0,,,,0,0,1,1,0
2013,2024,300,0,0,,,,0,0,0,1,0
2013,2024,400,0,0,,,,1,1,1,1,1
2013,2024,500,0,0,,,,0,0,0,0,0
2013,2024,600,0,0,,,,0,0,0,1,0
2013,2024,700,0,0,,,,0,0,0,1,0
2014,2024,100,0,0,,,,1,1,1,1,1
2014,2024,200,0,0,,,,0,0,1,1,0
2014,2024,300,0,0,,,,1,1,1,1,1
2014,2024,400,1,1,200.0,Olong Tea Plus,Switched,1,1,1,1,1
2014,2024,500,0,0,,,,0,0,0,1,0
2014,2024,600,0,0,,,,0,0,0,1,0
2014,2024,700,0,0,,,,1,0,0,1,0
2015,2024,100,0,0,,,,0,0,0,0,0
2015,2024,200,0,0,,,,0,0,0,1,0
2015,2024,300,1,1,500.0,Boncha,Switched,1,1,1,1,1
2015,2024,400,0,0,,,,1,1,0,1,0
2015,2024,500,0,0,,,,1,1,1,1,1
2015,2024,600,0,0,,,,0,0,0,0,0
2015,2024,700,0,0,,,,0,0,0,0,0
2016,2024,100,0,0,,,,0,0,0,0,0
2016,2024,200,0,0,,,,0,0,0,0,0
2016,2024,300,1,1,,,No Previous Data,1,1,1,1,1
2016,2024,400,0,0,,,,0,0,0,0,0
2016,2024,500,0,0,,,,0,0,0,0,0
2016,2024,600,0,0,,,,0,0,0,0,0
2016,2024,700,0,0,,,,0,0,0,0,0
2017,2024,100,1,1,,,No Previous Data,1,1,1,1,1
2017,2024,200,0,0,,,,1,1,0,1,1
2017,2024,300,0,0,,,,1,1,0,1,1
2017,2024,400,0,0,,,,0,1,0,1,0
2017,2024,500,0,0,,,,0,0,0,0,0
2017,2024,600,0,0,,,,0,0,0,0,0
2017,2024,700,0,0,,,,0,0,0,0,0
2018,2024,100,0,0,,,,0,0,0,0,0
2018,2024,200,0,0,,,,0,1,0,1,0
2018,2024,300,1,1,200.0,Olong Tea Plus,Switched,1,1,1,1,1
2018,2024,400,0,0,,,,0,0,0,0,0
2018,2024,500,0,0,,,,1,1,0,1,1
2018,2024,600,0,0,,,,0,0,0,0,0
2018,2024,700,0,0,,,,0,1,0,1,0
2019,2024,100,1,0,,,,1,1,1,1,1
2019,2024,200,0,1,100.0,C2,Switched,1,1,0,1,1
2019,2024,300,0,0,,,,0,1,0,1,0
2019,2024,400,0,0,,,,0,0,0,0,0
2019,2024,500,0,0,,,,1,1,0,1,1
2019,2024,600,0,0,,,,0,0,0,0,0
2019,2024,700,0,0,,,,0,1,0,1,0
2020,2024,100,0,1,300.0,Không Độ,Switched,1,1,0,1,1
2020,2024,200,0,0,,,,1,1,0,1,1
2020,2024,300,1,0,,,,1,1,1,1,1
2020,2024,400,0,0,,,,0,0,0,0,0
2020,2024,500,0,0,,,,0,0,0,0,0
2020,2024,600,0,0,,,,0,0,0,0,0
2020,2024,700,0,0,,,,1,1,0,1,0
2021,2024,100,1,1,200.0,Olong Tea Plus,Switched,1,1,1,1,1
2021,2024,200,0,0,,,,1,1,1,1,1
2021,2024,300,0,0,,,,1,1,1,1,1
2021,2024,400,0,0,,,,0,1,1,1,0
2021,2024,500,0,0,,,,0,1,1,1,0
2021,2024,600,0,0,,,,0,0,0,0,0
2021,2024,700,0,0,,,,0,1,0,1,0
2022,2024,100,0,0,,,,1,1,1,1,0
2022,2024,200,0,0,,,,0,0,1,1,0
2022,2024,300,1,1,,,No Previous Data,1,1,1,1,1
2022,2024,400,0,0,,,,0,0,0,1,0
2022,2024,500,0,0,,,,0,0,0,0,0
2022,2024,600,0,0,,,,0,0,0,1,0
2022,2024,700,0,0,,,,0,0,0,1,0
2023,2024,100,1,1,200.0,Olong Tea Plus,Switched,1,1,1,1,1
2023,2024,200,0,0,,,,1,1,0,1,1
2023,2024,300,0,0,,,,0,0,0,0,0
2023,2024,400,0,0,,,,0,1,0,1,0
2023,2024,500,0,0,,,,1,1,0,1,1
2023,2024,600,0,0,,,,0,0,0,0,0
2023,2024,700,0,0,,,,0,0,0,0,0
2024,2024,100,0,0,,,,1,1,1,1,1
2024,2024,200,0,1,100.0,C2,Switched,1,1,0,1,1
2024,2024,300,1,0,,,,1,1,1,1,1
2024,2024,400,0,0,,,,1,1,0,1,1
2024,2024,500,0,0,,,,0,0,0,0,0
2024,2024,600,0,0,,,,0,0,0,0,0
2024,2024,700,0,0,,,,0,0,0,0,0
2025,2024,100,1,1,,,No Previous Data,1,1,1,1,1
2025,2024,200,0,0,,,,1,1,0,1,1
2025,2024,300,0,0,,,,1,1,0,1,1
2025,2024,400,0,0,,,,1,1,0,1,1
2025,2024,500,0,0,,,,0,0,0,0,0
2025,2024,600,0,0,,,,0,0,0,0,0
2025,2024,700,0,0,,,,0,0,0,0,0
2026,2024,100,0,0,,,,1,0,1,1,0
2026,2024,200,0,0,,,,0,1,1,1,0
2026,2024,300,1,1,700.0,Khác,Switched,1,1,1,1,1
2026,2024,400,0,0,,,,0,0,1,1,0
2026,2024,500,0,0,,,,0,0,0,1,0
2026,2024,600,0,0,,,,0,0,0,1,0
2026,2024,700,0,0,,,,1,1,0,1,1
2027,2024,100,1,0,,,,1,1,1,1,1
2027,2024,200,0,1,100.0,C2,Switched,1,1,0,1,1
2027,2024,300,0,0,,,,1,1,0,1,1
2027,2024,400,0,0,,,,1,1,0,1,1
2027,2024,500,0,0,,,,0,0,0,0,0
2027,2024,600,0,0,,,,0,0,0,0,0
2027,2024,700,0,0,,,,0,0,0,0,0
2028,2024,100,1,1,,,No Previous Data,1,1,1,1,1
2028,2024,200,0,0,,,,1,1,0,1,1
2028,2024,300,0,0,,,,1,1,0,1,1
2028,2024,400,0,0,,,,0,0,0,1,0
2028,2024,500,0,0,,,,0,0,0,0,0
2028,2024,600,0,0,,,,0,0,0,0,0
2028,2024,700,0,0,,,,0,0,0,0,0
2029,2024,100,1,1,,,No Previous Data,1,1,1,1,1
2029,2024,200,0,0,,,,1,1,0,1,1
2029,2024,300,0,0,,,,1,1,0,1,1
2029,2024,400,0,0,,,,1,1,0,1,1
2029,2024,500,0,0,,,,0,0,0,0,0
2029,2024,600,0,0,,,,0,0,0,0,0
2029,2024,700,0,0,,,,0,0,0,0,0
2030,2024,100,0,1,400.0,Cozy,Switched,1,1,0,1,1
2030,2024,200,0,0,,,,0,0,0,0,0
2030,2024,300,0,0,,,,1,1,0,1,1
2030,2024,400,1,0,,,,1,1,1,1,1
2030,2024,500,0,0,,,,1,1,0,1,1
2030,2024,600,0,0,,,,1,1,0,1,1
2030,2024,700,0,0,,,,1,1,0,1,1
2031,2024,100,1,1,,,No Previous Data,1,1,1,1,1
2031,2024,200,0,0,,,,1,1,0,1,1
2031,2024,300,0,0,,,,1,1,0,1,1
2031,2024,400,0,0,,,,1,1,0,1,1
2031,2024,500,0,0,,,,0,0,0,0,0
2031,2024,600,0,0,,,,0,0,0,0,0
2031,2024,700,0,0,,,,0,0,0,0,0
2032,2024,100,1,1,,,No Previous Data,1,1,1,1,1
2032,2024,200,0,0,,,,0,1,1,1,0
2032,2024,300,0,0,,,,0,0,0,1,0
2032,2024,400,0,0,,,,0,0,0,1,0
2032,2024,500,0,0,,,,0,0,0,1,0
2032,2024,600,0,0,,,,0,0,0,1,0
2032,2024,700,0,0,,,,0,0,0,1,0
2033,2024,100,1,1,200.0,Olong Tea Plus,Switched,1,1,1,1,1
2033,2024,200,0,0,,,,1,1,1,1,1
2033,2024,300,0,0,,,,1,1,1,1,1
2033,2024,400,0,0,,,,0,0,0,1,0
2033,2024,500,0,0,,,,0,1,0,1,0
2033,2024,600,0,0,,,,0,0,0,1,0
2033,2024,700,0,0,,,,1,1,0,1,1
2034,2024,100,0,0,,,,1,1,1,1,1
2034,2024,200,0,0,,,,1,1,0,1,1
2034,2024,300,1,1,200.0,Olong Tea Plus,Switched,1,1,1,1,1
2034,2024,400,0,0,,,,0,0,1,1,0
2034,2024,500,0,0,,,,0,0,0,1,0
2034,2024,600,0,0,,,,0,0,0,1,0
2034,2024,700,0,0,,,,0,0,0,1,0
2035,2024,100,0,0,,,,1,1,1,1,1
2035,2024,200,1,1,,,No Previous Data,1,1,1,1,1
2035,2024,300,0,0,,,,0,1,1,1,0
2035,2024,400,0,0,,,,0,0,0,1,0
2035,2024,500,0,0,,,,0,0,0,1,0
2035,2024,600,0,0,,,,0,0,1,1,0
2035,2024,700,0,0,,,,1,1,0,1,1
2036,2024,100,1,1,,,No Previous Data,1,1,1,1,1
2036,2024,200,0,0,,,,0,1,1,1,0
2036,2024,300,0,0,,,,1,1,1,1,1
2036,2024,400,0,0,,,,0,0,0,1,0
2036,2024,500,0,0,,,,0,0,0,1,0
2036,2024,600,0,0,,,,0,0,0,1,0
2036,2024,700,0,0,,,,0,0,0,1,0
2037,2024,100,1,1,,,No Previous Data,1,1,1,1,1
2037,2024,200,0,0,,,,1,1,1,1,1
2037,2024,300,0,0,,,,1,1,1,1,0
2037,2024,400,0,0,,,,1,0,0,1,0
2037,2024,500,0,0,,,,0,0,0,1,0
2037,2024,600,0,0,,,,1,0,0,1,0
2037,2024,700,0,0,,,,1,0,0,1,0
2038,2024,100,0,0,,,,1,1,1,1,1
2038,2024,200,0,0,,,,0,0,1,1,0
2038,2024,300,0,0,,,,0,0,0,1,0
2038,2024,400,1,1,,,No Previous Data,1,1,1,1,1
2038,2024,500,0,0,,,,0,0,0,1,0
2038,2024,600,0,0,,,,0,0,0,1,0
2038,2024,700,0,0,,,,0,0,0,1,0
2039,2024,100,0,0,,,,0,1,1,1,0
2039,2024,200,1,1,,,No Previous Data,1,1,1,1,1
2039,2024,300,0,0,,,,0,1,0,1,0
2039,2024,400,0,0,,,,1,1,1,1,1
2039,2024,500,0,0,,,,0,0,0,0,0
2039,2024,600,0,0,,,,0,0,0,1,0
2039,2024,700,0,0,,,,0,0,0,1,0
2040,2024,100,0,0,,,,1,1,1,1,1
2040,2024,200,0,0,,,,1,0,1,1,0
2040,2024,300,1,1,200.0,Olong Tea Plus,Switched,1,1,1,1,1
2040,2024,400,0,0,,,,0,0,1,1,0
2040,2024,500,0,0,,,,0,0,0,1,0
2040,2024,600,0,0,,,,0,0,0,1,0
2040,2024,700,0,0,,,,1,0,0,1,0
2041,2024,100,0,0,,,,1,1,1,1,1
2041,2024,200,0,0,,,,0,0,0,1,0
2041,2024,300,1,1,200.0,Olong Tea Plus,Switched,1,1,1,1,1
2041,2024,400,0,0,,,,0,0,1,1,0
2041,2024,500,0,0,,,,0,1,0,1,0
2041,2024,600,0,0,,,,0,1,0,1,0
2041,2024,700,0,0,,,,1,1,0,1,1
2042,2024,100,1,1,,,No Previous Data,1,1,1,1,1
2042,2024,200,0,0,,,,0,0,0,1,0
2042,2024,300,0,0,,,,0,0,0,1,0
2042,2024,400,0,0,,,,0,0,1,1,0
2042,2024,500,0,0,,,,0,0,0,0,0
2042,2024,600,0,0,,,,0,0,0,1,0
2042,2024,700,0,0,,,,0,0,0,1,0
2043,2024,100,0,0,,,,0,1,1,1,0
2043,2024,200,0,0,,,,0,1,0,1,0
2043,2024,300,1,1,,,No Previous Data,1,1,1,1,1
2043,2024,400,0,0,,,,1,1,1,1,1
2043,2024,500,0,0,,,,0,1,0,1,0
2043,2024,600,0,0,,,,0,1,0,1,0
2043,2024,700,0,0,,,,0,1,0,1,0
2044,2024,100,0,0,,,,1,1,1,1,1
2044,2024,200,0,0,,,,0,1,1,1,0
2044,2024,300,1,1,,,No Previous Data,1,1,1,1,1
2044,2024,400,0,0,,,,0,0,0,1,0
2044,2024,500,0,0,,,,0,1,0,1,0
2044,2024,600,0,0,,,,0,1,1,1,0
2044,2024,700,0,0,,,,0,1,0,1,0
2045,2024,100,0,0,,,,1,1,1,1,1
2045,2024,200,0,0,,,,0,1,1,1,0
2045,2024,300,1,1,200.0,Olong Tea Plus,Switched,1,1,1,1,1
2045,2024,400,0,0,,,,0,1,0,1,0
2045,2024,500,0,0,,,,0,1,0,1,0
2045,2024,600,0,0,,,,0,1,0,1,0
2045,2024,700,0,0,,,,0,1,0,1,0
2046,2024,100,0,0,,,,1,1,1,1,0
2046,2024,200,0,0,,,,0,1,1,1,0
2046,2024,300,1,1,,,No Previous Data,1,1,1,1,1
2046,2024,400,0,0,,,,0,1,1,1,0
2046,2024,500,0,0,,,,0,1,0,1,0
2046,2024,600,0,0,,,,0,1,0,1,0
2046,2024,700,0,0,,,,1,1,0,1,1
2047,2024,100,0,0,,,,0,0,1,1,0
2047,2024,200,0,0,,,,1,1,1,1,1
2047,2024,300,1,1,200.0,Olong Tea Plus,Switched,1,1,1,1,1
2047,2024,400,0,0,,,,0,0,1,1,0
2047,2024,500,0,0,,,,0,0,0,1,0
2047,2024,600,0,0,,,,0,0,0,1,0
2047,2024,700,0,0,,,,1,1,0,1,1
2048,2024,100,1,1,700.0,Khác,Switched,1,1,1,1,1
2048,2024,200,0,0,,,,1,0,0,1,0
2048,2024,300,0,0,,,,1,1,1,1,1
2048,2024,400,0,0,,,,0,0,0,1,0
2048,2024,500,0,0,,,,0,0,0,1,0
2048,2024,600,0,0,,,,1,0,1,1,0
2048,2024,700,0,0,,,,1,0,0,1,0
2049,2024,100,1,1,200.0,Olong Tea Plus,Switched,1,1,1,1,1
2049,2024,200,0,0,,,,1,1,1,1,1
2049,2024,300,0,0,,,,0,1,1,1,0
2049,2024,400,0,0,,,,0,0,0,1,0
2049,2024,500,0,0,,,,0,0,0,0,0
2049,2024,600,0,0,,,,0,0,0,1,0
2049,2024,700,0,0,,,,1,0,1,1,0
2050,2024,100,0,0,,,,0,0,0,0,0
2050,2024,200,1,1,700.0,Khác,Switched,1,1,1,1,1
2050,2024,300,0,0,,,,0,0,0,0,0
2050,2024,400,0,0,,,,0,0,0,0,0
2050,2024,500,0,0,,,,1,1,0,1,0
2050,2024,600,0,0,,,,0,0,0,0,0
2050,2024,700,0,0,,,,1,1,0,1,1
2051,2024,100,0,1,200.0,Olong Tea Plus,Switched,1,1,0,1,1
2051,2024,200,0,0,,,,1,1,0,1,1
2051,2024,300,0,0,,,,1,1,0,1,1
2051,2024,400,0,0,,,,1,1,0,1,1
2051,2024,500,1,0,,,,1,0,1,1,0
2051,2024,600,0,0,,,,1,1,1,1,1
2051,2024,700,0,0,,,,1,1,1,1,1
2052,2024,100,0,0,,,,0,0,0,0,0
2052,2024,200,0,0,,,,0,0,0,1,0
2052,2024,300,0,1,700.0,Khác,Switched,1,1,1,1,1
2052,2024,400,1,0,,,,1,1,1,1,1
2052,2024,500,0,0,,,,1,1,0,1,1
2052,2024,600,0,0,,,,1,0,0,1,0
2052,2024,700,0,0,,,,1,1,0,1,1
2053,2024,100,1,1,,,No Previous Data,1,1,1,1,1
2053,2024,200,0,0,,,,1,1,0,1,1
2053,2024,300,0,0,,,,0,1,1,1,0
2053,2024,400,0,0,,,,0,0,0,1,0
2053,2024,500,0,0,,,,0,0,0,0,0
2053,2024,600,0,0,,,,0,0,0,1,0
2053,2024,700,0,0,,,,0,1,0,1,0
2054,2024,100,0,0,,,,0,1,1,1,0
2054,2024,200,0,0,,,,1,1,1,1,1
2054,2024,300,1,1,200.0,Olong Tea Plus,Switched,1,1,1,1,1
2054,2024,400,0,0,,,,0,0,0,1,0
2054,2024,500,0,0,,,,0,0,0,0,0
2054,2024,600,0,0,,,,0,0,0,1,0
2054,2024,700,0,0,,,,0,0,0,1,0
2055,2024,100,0,0,,,,0,1,1,1,0
2055,2024,200,1,1,,,No Previous Data,1,1,1,1,1
2055,2024,300,0,0,,,,0,0,0,1,0
2055,2024,400,0,0,,,,0,0,1,1,0
2055,2024,500,0,0,,,,0,0,0,0,0
2055,2024,600,0,0,,,,0,0,0,1,0
2055,2024,700,0,0,,,,0,0,0,1,0
2056,2024,100,1,1,,,No Previous Data,1,1,1,1,1
2056,2024,200,0,0,,,,0,0,0,1,0
2056,2024,300,0,0,,,,0,0,1,1,0
2056,2024,400,0,0,,,,1,1,1,1,1
2056,2024,500,0,0,,,,0,0,0,0,0
2056,2024,600,0,0,,,,0,0,0,1,0
2056,2024,700,0,0,,,,0,0,0,1,0
2057,2024,100,1,1,,,No Previous Data,1,1,1,1,1
2057,2024,200,0,0,,,,0,0,0,1,0
2057,2024,300,0,0,,,,1,1,1,1,1
2057,2024,400,0,0,,,,0,0,0,1,0
2057,2024,500,0,0,,,,0,0,0,0,0
2057,2024,600,0,0,,,,0,0,0,1,0
2057,2024,700,0,0,,,,0,0,0,1,0
2058,2024,100,1,1,,,No Previous Data,1,1,1,1,1
2058,2024,200,0,0,,,,0,0,1,1,0
2058,2024,300,0,0,,,,0,0,1,1,0
2058,2024,400,0,0,,,,1,1,1,1,1
2058,2024,500,0,0,,,,0,0,0,0,0
2058,2024,600,0,0,,,,0,0,0,1,0
2058,2024,700,0,0,,,,0,0,0,0,0
2059,2024,100,1,1,,,No Previous Data,1,1,1,1,1
2059,2024,200,0,0,,,,0,0,1,1,0
2059,2024,300,0,0,,,,0,1,1,1,0
2059,2024,400,0,0,,,,0,0,0,1,0
2059,2024,500,0,0,,,,0,0,0,0,0
2059,2024,600,0,0,,,,0,0,0,1,0
2059,2024,700,0,0,,,,0,0,0,1,0
2060,2024,100,0,0,,,,0,0,0,1,0
2060,2024,200,0,0,,,,0,0,0,1,0
2060,2024,300,1,0,,,,1,1,1,1,1
2060,2024,400,0,1,,,No Previous Data,1,1,1,1,1
2060,2024,500,0,0,,,,0,0,0,0,0
2060,2024,600,0,0,,,,0,0,0,1,0
2060,2024,700,0,0,,,,0,0,0,0,0
2061,2024,100,0,0,,,,0,0,1,1,0
2061,2024,200,0,0,,,,0,0,1,1,0
2061,2024,300,0,0,,,,0,0,1,1,0
2061,2024,400,1,1,,,No Previous Data,1,1,1,1,1
2061,2024,500,0,0,,,,0,0,0,0,0
2061,2024,600,0,0,,,,0,0,0,1,0
2061,2024,700,0,0,,,,0,0,0,1,0
2062,2024,100,0,0,,,,1,1,1,1,1
2062,2024,200,0,0,,,,0,0,1,1,0
2062,2024,300,1,1,,,No Previous Data,1,1,1,1,1
2062,2024,400,0,0,,,,0,0,0,1,0
2062,2024,500,0,0,,,,0,0,0,0,0
2062,2024,600,0,0,,,,0,0,0,1,0
2062,2024,700,0,0,,,,0,0,0,0,0
2063,2024,100,1,0,,,,1,1,1,1,1
2063,2024,200,0,0,,,,0,0,1,1,0
2063,2024,300,0,1,,,No Previous Data,1,1,1,1,1
2063,2024,400,0,0,,,,0,0,0,1,0
2063,2024,500,0,0,,,,0,0,0,1,0
2063,2024,600,0,0,,,,0,0,0,1,0
2063,2024,700,0,0,,,,0,0,1,1,0
2064,2024,100,1,1,,,No Previous Data,1,1,1,1,1
2064,2024,200,0,0,,,,0,1,1,1,0
2064,2024,300,0,0,,,,0,0,0,1,0
2064,2024,400,0,0,,,,0,0,0,1,0
2064,2024,500,0,0,,,,0,0,0,0,0
2064,2024,600,0,0,,,,0,0,0,1,0
2064,2024,700,0,0,,,,1,1,0,1,0
2065,2024,100,1,1,,,No Previous Data,1,1,1,1,1
2065,2024,200,0,0,,,,0,1,1,1,0
2065,2024,300,0,0,,,,1,1,1,1,1
2065,2024,400,0,0,,,,0,0,1,1,0
2065,2024,500,0,0,,,,0,1,0,1,0
2065,2024,600,0,0,,,,0,1,0,1,0
2065,2024,700,0,0,,,,0,1,0,1,0
2066,2024,100,0,0,,,,1,1,1,1,1
2066,2024,200,1,1,,,No Previous Data,1,1,1,1,1
2066,2024,300,0,0,,,,0,1,0,1,0
2066,2024,400,0,0,,,,0,0,0,1,0
2066,2024,500,0,0,,,,0,0,0,1,0
2066,2024,600,0,0,,,,0,0,0,1,0
2066,2024,700,0,0,,,,0,0,0,1,0
2067,2024,100,0,0,,,,0,0,1,1,0
2067,2024,200,1,1,,,No Previous Data,1,1,1,1,1
2067,2024,300,0,0,,,,0,0,1,1,0
2067,2024,400,0,0,,,,0,0,1,1,0
2067,2024,500,0,0,,,,0,0,0,1,0
2067,2024,600,0,0,,,,0,0,0,1,0
2067,2024,700,0,0,,,,0,0,0,1,0
2068,2024,100,1,1,,,No Previous Data,1,1,1,1,1
2068,2024,200,0,0,,,,0,1,1,1,0
2068,2024,300,0,0,,,,0,1,1,1,0
2068,2024,400,0,0,,,,1,0,0,1,0
2068,2024,500,0,0,,,,0,1,0,1,0
2068,2024,600,0,0,,,,0,1,0,1,0
2068,2024,700,0,0,,,,0,1,0,1,0
2069,2024,100,1,1,,,No Previous Data,1,1,1,1,1
2069,2024,200,0,0,,,,0,1,1,1,0
2069,2024,300,0,0,,,,1,1,1,1,0
2069,2024,400,0,0,,,,0,0,0,1,0
2069,2024,500,0,0,,,,0,1,0,1,0
2069,2024,600,0,0,,,,0,1,1,1,0
2069,2024,700,0,0,,,,0,1,0,1,0
2070,2024,100,0,0,,,,0,0,1,1,0
2070,2024,200,0,0,,,,0,0,1,1,0
2070,2024,300,1,1,,,No Previous Data,1,1,1,1,1
2070,2024,400,0,0,,,,1,1,1,1,1
2070,2024,500,0,0,,,,0,0,0,0,0
2070,2024,600,0,0,,,,0,0,0,1,0
2070,2024,700,0,0,,,,0,0,0,1,0
2071,2024,100,0,0,,,,1,1,1,1,1
2071,2024,200,1,1,,,No Previous Data,1,1,1,1,1
2071,2024,300,0,0,,,,0,0,0,1,0
2071,2024,400,0,0,,,,1,1,1,1,1
2071,2024,500,0,0,,,,0,0,0,0,0
2071,2024,600,0,0,,,,0,0,0,1,0
2071,2024,700,0,0,,,,0,0,0,1,0
2072,2024,100,0,0,,,,1,0,1,1,0
2072,2024,200,1,1,,,No Previous Data,1,1,1,1,1
2072,2024,300,0,0,,,,0,0,0,1,0
2072,2024,400,0,0,,,,0,0,0,1,0
2072,2024,500,0,0,,,,0,0,0,0,0
2072,2024,600,0,0,,,,1,1,0,1,1
2072,2024,700,0,0,,,,0,0,0,1,0
2073,2024,100,1,1,,,No Previous Data,1,1,1,1,1
2073,2024,200,0,0,,,,1,0,1,1,0
2073,2024,300,0,0,,,,0,0,0,1,0
2073,2024,400,0,0,,,,0,0,1,1,0
2073,2024,500,0,0,,,,0,0,0,0,0
2073,2024,600,0,0,,,,0,0,0,1,0
2073,2024,700,0,0,,,,0,0,0,1,0
2074,2024,100,0,0,,,,1,1,1,1,0
2074,2024,200,1,1,,,No Previous Data,1,1,1,1,1
2074,2024,300,0,0,,,,0,1,1,1,0
2074,2024,400,0,0,,,,0,0,0,1,0
2074,2024,500,0,0,,,,0,0,0,0,0
2074,2024,600,0,0,,,,0,0,0,1,0
2074,2024,700,0,0,,,,0,1,0,1,0
2075,2024,100,0,0,,,,1,0,1,1,0
2075,2024,200,0,0,,,,1,0,1,1,0
2075,2024,300,0,0,,,,0,0,0,1,0
2075,2024,400,0,0,,,,0,0,0,1,0
2075,2024,500,0,0,,,,0,0,0,0,0
2075,2024,600,1,1,200.0,Olong Tea Plus,Switched,1,1,1,1,1
2075,2024,700,0,0,,,,0,0,0,0,0
2076,2024,100,1,1,200.0,Olong Tea Plus,Switched,1,1,1,1,1
2076,2024,200,0,0,,,,0,0,1,1,0
2076,2024,300,0,0,,,,0,0,0,1,0
2076,2024,400,0,0,,,,0,0,0,1,0
2076,2024,500,0,0,,,,0,0,0,1,0
2076,2024,600,0,0,,,,0,0,0,1,0
2076,2024,700,0,0,,,,0,0,0,1,0
2077,2024,100,1,1,,,No Previous Data,1,1,1,1,1
2077,2024,200,0,0,,,,0,1,1,1,0
2077,2024,300,0,0,,,,0,1,1,1,0
2077,2024,400,0,0,,,,0,0,0,1,0
2077,2024,500,0,0,,,,0,0,0,0,0
2077,2024,600,0,0,,,,0,0,0,1,0
2077,2024,700,0,0,,,,0,0,0,1,0
2078,2024,100,0,0,,,,1,1,1,1,1
2078,2024,200,0,0,,,,1,1,1,1,1
2078,2024,300,0,0,,,,0,0,0,1,0
2078,2024,400,0,0,,,,0,0,0,1,0
2078,2024,500,0,0,,,,0,0,0,0,0
2078,2024,600,0,1,,,No Previous Data,1,1,0,1,1
2078,2024,700,0,0,,,,0,0,0,1,0
2079,2024,100,0,0,,,,1,1,1,1,1
2079,2024,200,0,0,,,,0,0,1,1,0
2079,2024,300,0,0,,,,0,0,0,1,0
2079,2024,400,0,0,,,,0,0,0,1,0
2079,2024,500,1,1,,,No Previous Data,1,1,1,1,1
2079,2024,600,0,0,,,,0,0,0,1,0
2079,2024,700,0,0,,,,0,0,0,1,0
2080,2024,100,1,1,,,No Previous Data,1,1,1,1,1
2080,2024,200,0,0,,,,0,1,1,1,0
2080,2024,300,0,0,,,,0,0,0,1,0
2080,2024,400,0,0,,,,0,0,1,1,0
2080,2024,500,0,0,,,,0,0,0,0,0
2080,2024,600,0,0,,,,0,0,0,1,0
2080,2024,700,0,0,,,,0,1,0,1,0
2081,2024,100,1,1,,,No Previous Data,1,1,1,1,1
2081,2024,200,0,0,,,,1,1,1,1,1
2081,2024,300,0,0,,,,0,0,0,1,0
2081,2024,400,0,0,,,,0,0,1,1,0
2081,2024,500,0,0,,,,0,0,0,0,0
2081,2024,600,0,0,,,,0,0,0,1,0
2081,2024,700,0,0,,,,0,1,0,1,0
2082,2024,100,0,0,,,,1,1,1,1,1
2082,2024,200,1,1,,,No Previous Data,1,1,1,1,1
2082,2024,300,0,0,,,,0,0,0,1,0
2082,2024,400,0,0,,,,1,1,1,1,1
2082,2024,500,0,0,,,,0,0,0,0,0
2082,2024,600,0,0,,,,0,0,0,1,0
2082,2024,700,0,0,,,,0,0,0,1,0
2083,2024,100,0,0,,,,1,1,1,1,1
2083,2024,200,0,0,,,,0,0,0,1,0
2083,2024,300,1,1,,,No Previous Data,1,1,1,1,1
2083,2024,400,0,0,,,,0,0,0,1,0
2083,2024,500,0,0,,,,0,0,0,0,0
2083,2024,600,0,0,,,,0,0,0,1,0
2083,2024,700,0,0,,,,0,0,0,1,0
2084,2024,100,1,1,,,No Previous Data,1,1,1,1,1
2084,2024,200,0,0,,,,1,1,1,1,1
2084,2024,300,0,0,,,,0,0,0,1,0
2084,2024,400,0,0,,,,0,0,1,1,0
2084,2024,500,0,0,,,,0,0,0,0,0
2084,2024,600,0,0,,,,0,0,0,0,0
2084,2024,700,0,0,,,,0,0,0,1,0
2085,2024,100,1,1,,,No Previous Data,1,1,1,1,1
2085,2024,200,0,0,,,,0,1,1,1,0
2085,2024,300,0,0,,,,0,0,1,1,0
2085,2024,400,0,0,,,,0,0,0,1,0
2085,2024,500,0,0,,,,0,0,0,1,0
2085,2024,600,0,0,,,,0,0,0,1,0
2085,2024,700,0,0,,,,0,0,0,1,0
2086,2024,100,0,0,,,,1,1,1,1,1
2086,2024,200,1,1,,,No Previous Data,1,1,1,1,1
2086,2024,300,0,0,,,,0,0,0,1,0
2086,2024,400,0,0,,,,0,0,0,1,0
2086,2024,500,0,0,,,,0,0,0,0,0
2086,2024,600,0,0,,,,0,0,0,0,0
2086,2024,700,0,0,,,,0,0,0,0,0
2087,2024,100,0,0,,,,0,1,1,1,0
2087,2024,200,1,1,600.0,Dr. Thanh,Switched,1,1,1,1,1
2087,2024,300,0,0,,,,1,1,0,1,1
2087,2024,400,0,0,,,,0,0,0,1,0
2087,2024,500,0,0,,,,0,0,0,1,0
2087,2024,600,0,0,,,,0,0,0,1,0
2087,2024,700,0,0,,,,0,1,1,1,0
2088,2024,100,1,1,,,No Previous Data,1,1,1,1,1
2088,2024,200,0,0,,,,0,1,1,1,0
2088,2024,300,0,0,,,,1,1,1,1,1
2088,2024,400,0,0,,,,0,0,0,1,0
2088,2024,500,0,0,,,,0,0,0,0,0
2088,2024,600,0,0,,,,1,1,0,1,1
2088,2024,700,0,0,,,,0,1,0,1,0
2089,2024,100,0,0,,,,0,1,1,1,0
2089,2024,200,1,1,,,No Previous Data,1,1,1,1,1
2089,2024,300,0,0,,,,1,1,1,1,1
2089,2024,400,0,0,,,,0,0,0,1,0
2089,2024,500,0,0,,,,0,0,0,0,0
2089,2024,600,0,0,,,,0,0,0,1,0
2089,2024,700,0,0,,,,0,1,0,1,0
2090,2024,100,0,0,,,,1,1,1,1,1
2090,2024,200,1,1,,,No Previous Data,1,1,1,1,1
2090,2024,300,0,0,,,,0,0,0,1,0
2090,2024,400,0,0,,,,1,0,0,1,0
2090,2024,500,0,0,,,,0,0,0,1,0
2090,2024,600,0,0,,,,1,1,0,1,1
2090,2024,700,0,0,,,,0,0,0,1,0
2091,2024,100,0,0,,,,0,0,1,1,0
2091,2024,200,1,1,100.0,C2,Switched,1,1,1,1,1
2091,2024,300,0,0,,,,0,1,1,1,0
2091,2024,400,0,0,,,,0,0,0,1,0
2091,2024,500,0,0,,,,0,0,0,0,0
2091,2024,600,0,0,,,,0,0,0,1,0
2091,2024,700,0,0,,,,0,0,0,1,0
2092,2024,100,0,0,,,,1,1,1,1,0
2092,2024,200,1,1,,,No Previous Data,1,1,1,1,1
2092,2024,300,0,0,,,,1,1,1,1,0
2092,2024,400,0,0,,,,0,0,0,1,0
2092,2024,500,0,0,,,,0,0,0,0,0
2092,2024,600,0,0,,,,0,0,0,1,0
2092,2024,700,0,0,,,,0,0,0,1,0
2093,2024,100,1,1,,,No Previous Data,1,1,1,1,1
2093,2024,200,0,0,,,,1,1,1,1,1
2093,2024,300,0,0,,,,0,0,0,1,0
2093,2024,400,0,0,,,,1,0,1,1,0
2093,2024,500,0,0,,,,0,0,0,0,0
2093,2024,600,0,0,,,,0,0,0,1,0
2093,2024,700,0,0,,,,0,0,0,1,0
2094,2024,100,0,0,,,,1,1,1,1,1
2094,2024,200,0,0,,,,1,0,0,1,0
2094,2024,300,1,1,,,No Previous Data,1,1,1,1,1
2094,2024,400,0,0,,,,1,1,1,1,1
2094,2024,500,0,0,,,,0,0,0,0,0
2094,2024,600,0,0,,,,0,0,0,1,0
2094,2024,700,0,0,,,,0,0,0,1,0
2095,2024,100,0,0,,,,1,1,1,1,0
2095,2024,200,1,1,,,No Previous Data,1,1,1,1,1
2095,2024,300,0,0,,,,1,1,0,1,0
2095,2024,400,0,0,,,,0,0,1,1,0
2095,2024,500,0,0,,,,0,0,0,0,0
2095,2024,600,0,0,,,,0,1,0,1,0
2095,2024,700,0,0,,,,0,0,0,1,0
2096,2024,100,0,0,,,,0,0,0,1,0
2096,2024,200,0,0,,,,1,1,1,1,1
2096,2024,300,0,0,,,,0,0,0,1,0
2096,2024,400,0,0,,,,1,1,1,1,1
2096,2024,500,0,0,,,,0,0,0,0,0
2096,2024,600,1,1,,,No Previous Data,1,1,1,1,1
2096,2024,700,0,0,,,,0,0,0,1,0
2097,2024,100,0,0,,,,1,1,1,1,1
2097,2024,200,1,1,,,No Previous Data,1,1,1,1,1
2097,2024,300,0,0,,,,0,0,0,1,0
2097,2024,400,0,0,,,,1,1,1,1,1
2097,2024,500,0,0,,,,0,0,0,0,0
2097,2024,600,0,0,,,,0,0,0,0,0
2097,2024,700,0,0,,,,0,0,0,1,0
2098,2024,100,1,0,,,,1,1,1,1,1
2098,2024,200,0,1,100.0,C2,Switched,1,1,0,1,1
2098,2024,300,0,0,,,,1,1,1,1,1
2098,2024,400,0,0,,,,1,0,0,1,0
2098,2024,500,0,0,,,,0,1,0,1,0
2098,2024,600,0,0,,,,1,1,0,1,1
2098,2024,700,0,0,,,,0,1,0,1,0
2099,2024,100,1,0,,,,1,1,1,1,1
2099,2024,200,0,1,100.0,C2,Switched,1,1,0,1,1
2099,2024,300,0,0,,,,0,0,0,0,0
2099,2024,400,0,0,,,,0,0,0,0,0
2099,2024,500,0,0,,,,0,0,0,0,0
2099,2024,600,0,0,,,,0,0,0,0,0
2099,2024,700,0,0,,,,0,0,0,0,0
2100,2024,100,1,1,,,No Previous Data,1,1,1,1,1
2100,2024,200,0,0,,,,1,1,0,1,1
2100,2024,300,0,0,,,,0,0,0,0,0
2100,2024,400,0,0,,,,1,1,0,1,1
2100,2024,500,0,0,,,,0,0,0,0,0
2100,2024,600,0,0,,,,0,0,0,0,0
2100,2024,700,0,0,,,,0,0,0,0,0
2101,2024,100,1,0,,,,1,1,1,1,1
2101,2024,200,0,0,,,,1,1,0,1,1
2101,2024,300,0,0,,,,0,0,0,0,0
2101,2024,400,0,0,,,,0,0,0,0,0
2101,2024,500,0,1,,,No Previous Data,1,1,0,1,1
2101,2024,600,0,0,,,,0,0,0,0,0
2101,2024,700,0,0,,,,1,1,0,1,0
2102,2024,100,0,0,,,,1,1,0,1,1
2102,2024,200,0,0,,,,1,1,0,1,1
2102,2024,300,1,0,,,,1,1,1,1,0
2102,2024,400,0,0,,,,0,0,0,0,0
2102,2024,500,0,1,300.0,Không Độ,Switched,1,1,0,1,1
2102,2024,600,0,0,,,,0,0,0,0,0
2102,2024,700,0,0,,,,1,1,0,1,1
2103,2024,100,1,0,,,,1,1,1,1,1
2103,2024,200,0,0,,,,1,1,0,1,1
2103,2024,300,0,0,,,,1,1,0,1,1
2103,2024,400,0,0,,,,0,0,0,0,0
2103,2024,500,0,0,,,,1,1,0,1,0
2103,2024,600,0,0,,,,0,0,0,0,0
2103,2024,700,0,1,,,No Previous Data,1,1,0,1,1
2104,2024,100,0,0,,,,0,0,0,0,0
2104,2024,200,1,1,400.0,Cozy,Switched,1,1,1,1,1
2104,2024,300,0,0,,,,0,0,0,0,0
2104,2024,400,0,0,,,,0,1,0,1,0
2104,2024,500,0,0,,,,0,0,0,0,0
2104,2024,600,0,0,,,,0,0,0,0,0
2104,2024,700,0,0,,,,0,0,0,0,0
2105,2024,100,1,1,,,No Previous Data,1,1,1,1,1
2105,2024,200,0,0,,,,1,1,0,1,1
2105,2024,300,0,0,,,,0,0,0,0,0
2105,2024,400,0,0,,,,1,1,0,1,1
2105,2024,500,0,0,,,,0,0,0,0,0
2105,2024,600,0,0,,,,0,0,0,0,0
2105,2024,700,0,0,,,,0,0,0,0,0
2106,2024,100,1,0,,,,0,0,1,1,0
2106,2024,200,0,0,,,,0,0,1,1,0
2106,2024,300,0,0,,,,0,1,0,1,0
2106,2024,400,0,0,,,,1,1,1,1,1
2106,2024,500,0,0,,,,0,0,0,0,0
2106,2024,600,0,0,,,,0,0,0,0,0
2106,2024,700,0,1,400.0,Cozy,Switched,1,1,0,1,1
2107,2024,100,1,0,,,,1,1,1,1,1
2107,2024,200,0,1,,,No Previous Data,1,1,0,1,1
2107,2024,300,0,0,,,,0,0,0,0,0
2107,2024,400,0,0,,,,0,0,0,0,0
2107,2024,500,0,0,,,,1,1,0,1,1
2107,2024,600,0,0,,,,0,0,0,0,0
2107,2024,700,0,0,,,,1,1,0,1,1
2108,2024,100,1,0,,,,1,1,1,1,1
2108,2024,200,0,1,100.0,C2,Switched,1,1,0,1,1
2108,2024,300,0,0,,,,0,0,0,0,0
2108,2024,400,0,0,,,,0,0,0,0,0
2108,2024,500,0,0,,,,0,0,0,0,0
2108,2024,600,0,0,,,,0,0,0,0,0
2108,2024,700,0,0,,,,0,0,0,0,0
2109,2024,100,0,0,,,,1,1,0,1,1
2109,2024,200,0,1,300.0,Không Độ,Switched,1,1,0,1,1
2109,2024,300,0,0,,,,1,1,0,1,1
2109,2024,400,0,0,,,,1,1,0,1,0
2109,2024,500,0,0,,,,1,1,0,1,0
2109,2024,600,0,0,,,,0,0,0,0,0
2109,2024,700,0,0,,,,1,1,0,1,0
2110,2024,100,0,0,,,,0,0,0,0,0
2110,2024,200,1,1,,,No Previous Data,1,1,1,1,1
2110,2024,300,0,0,,,,0,0,0,0,0
2110,2024,400,0,0,,,,0,0,0,0,0
2110,2024,500,0,0,,,,0,0,0,0,0
2110,2024,600,0,0,,,,0,0,0,0,0
2110,2024,700,0,0,,,,0,0,0,0,0
2111,2024,100,1,1,,,No Previous Data,1,1,1,1,1
2111,2024,200,0,0,,,,1,1,0,1,1
2111,2024,300,0,0,,,,0,0,0,0,0
2111,2024,400,0,0,,,,0,0,0,0,0
2111,2024,500,0,0,,,,0,0,0,0,0
2111,2024,600,0,0,,,,0,0,0,0,0
2111,2024,700,0,0,,,,0,0,0,0,0
2112,2024,100,0,0,,,,0,1,1,1,0
2112,2024,200,1,1,,,No Previous Data,1,1,1,1,1
2112,2024,300,0,0,,,,0,0,0,1,0
2112,2024,400,0,0,,,,0,0,0,1,0
2112,2024,500,0,0,,,,0,0,0,0,0
2112,2024,600,0,0,,,,0,1,1,1,0
2112,2024,700,0,0,,,,0,0,0,1,0
2113,2024,100,0,0,,,,0,0,1,1,0
2113,2024,200,0,0,,,,1,1,1,1,1
2113,2024,300,1,1,100.0,C2,Switched,1,1,1,1,1
2113,2024,400,0,0,,,,0,0,0,1,0
2113,2024,500,0,0,,,,0,0,0,0,0
2113,2024,600,0,0,,,,1,1,0,1,1
2113,2024,700,0,0,,,,0,1,0,1,0
2114,2024,100,0,0,,,,1,1,1,1,0
2114,2024,200,1,1,,,No Previous Data,1,1,1,1,1
2114,2024,300,0,0,,,,0,1,0,1,0
2114,2024,400,0,0,,,,0,0,1,1,0
2114,2024,500,0,0,,,,0,0,0,0,0
2114,2024,600,0,0,,,,0,0,0,1,0
2114,2024,700,0,0,,,,0,0,0,1,0
2115,2024,100,0,0,,,,1,1,1,1,1
2115,2024,200,1,1,,,No Previous Data,1,1,1,1,1
2115,2024,300,0,0,,,,0,1,1,1,0
2115,2024,400,0,0,,,,1,1,0,1,1
2115,2024,500,0,0,,,,0,0,0,0,0
2115,2024,600,0,0,,,,0,0,0,1,0
2115,2024,700,0,0,,,,0,0,0,1,0
2116,2024,100,0,0,,,,1,1,1,1,1
2116,2024,200,1,1,,,No Previous Data,1,1,1,1,1
2116,2024,300,0,0,,,,0,1,1,1,0
2116,2024,400,0,0,,,,0,0,0,1,0
2116,2024,500,0,0,,,,0,0,0,0,0
2116,2024,600,0,0,,,,0,0,0,1,0
2116,2024,700,0,0,,,,0,1,1,1,0
2117,2024,100,1,1,,,No Previous Data,1,1,1,1,1
2117,2024,200,0,0,,,,1,1,1,1,1
2117,2024,300,0,0,,,,1,0,0,1,0
2117,2024,400,0,0,,,,1,0,1,1,0
2117,2024,500,0,0,,,,0,0,0,0,0
2117,2024,600,0,0,,,,0,0,0,0,0
2117,2024,700,0,0,,,,0,0,0,0,0
2118,2024,100,0,0,,,,0,1,1,1,0
2118,2024,200,0,0,,,,1,1,1,1,1
2118,2024,300,0,0,,,,0,1,1,1,0
2118,2024,400,1,1,,,No Previous Data,1,1,1,1,1
2118,2024,500,0,0,,,,0,0,0,1,0
2118,2024,600,0,0,,,,0,0,0,1,0
2118,2024,700,0,0,,,,1,1,0,1,1
2119,2024,100,1,1,,,No Previous Data,1,1,1,1,1
2119,2024,200,0,0,,,,1,1,1,1,1
2119,2024,300,0,0,,,,0,0,0,1,0
2119,2024,400,0,0,,,,0,0,0,1,0
2119,2024,500,0,0,,,,0,0,0,0,0
2119,2024,600,0,0,,,,0,0,0,1,0
2119,2024,700,0,0,,,,0,0,0,1,0
2120,2024,100,1,1,,,No Previous Data,1,1,1,1,1
2120,2024,200,0,0,,,,1,1,1,1,1
2120,2024,300,0,0,,,,0,1,1,1,0
2120,2024,400,0,0,,,,0,0,0,1,0
2120,2024,500,0,0,,,,0,0,0,0,0
2120,2024,600,0,0,,,,0,0,0,1,0
2120,2024,700,0,0,,,,0,0,0,1,0
2121,2024,100,1,1,,,No Previous Data,1,1,1,1,1
2121,2024,200,0,0,,,,1,1,1,1,1
2121,2024,300,0,0,,,,0,0,0,1,0
2121,2024,400,0,0,,,,1,0,1,1,0
2121,2024,500,0,0,,,,0,0,0,0,0
2121,2024,600,0,0,,,,0,0,0,1,0
2121,2024,700,0,0,,,,0,0,0,1,0
2122,2024,100,1,1,,,No Previous Data,1,1,1,1,1
2122,2024,200,0,0,,,,0,0,1,1,0
2122,2024,300,0,0,,,,0,0,0,1,0
2122,2024,400,0,0,,,,1,1,0,1,1
2122,2024,500,0,0,,,,0,0,0,0,0
2122,2024,600,0,0,,,,0,0,0,1,0
2122,2024,700,0,0,,,,0,0,0,1,0
2123,2024,100,0,0,,,,1,0,1,1,0
2123,2024,200,0,0,,,,1,1,1,1,1
2123,2024,300,0,0,,,,0,0,0,1,0
2123,2024,400,0,0,,,,0,0,0,1,0
2123,2024,500,0,0,,,,0,0,0,0,0
2123,2024,600,0,1,,,No Previous Data,1,1,0,1,1
2123,2024,700,0,0,,,,0,0,0,1,0
2124,2024,100,1,1,,,No Previous Data,1,1,1,1,1
2124,2024,200,0,0,,,,1,1,1,1,1
2124,2024,300,0,0,,,,1,1,1,1,1
2124,2024,400,0,0,,,,0,0,0,1,0
2124,2024,500,0,0,,,,0,0,0,0,0
2124,2024,600,0,0,,,,0,0,0,1,0
2124,2024,700,0,0,,,,0,1,0,1,0
2125,2024,100,1,1,,,No Previous Data,1,1,1,1,1
2125,2024,200,0,0,,,,0,0,1,1,0
2125,2024,300,0,0,,,,0,1,1,1,0
2125,2024,400,0,0,,,,1,1,1,1,1
2125,2024,500,0,0,,,,0,0,0,0,0
2125,2024,600,0,0,,,,0,0,0,1,0
2125,2024,700,0,0,,,,0,0,0,0,0
2126,2024,100,0,0,,,,0,1,1,1,0
2126,2024,200,0,0,,,,0,1,1,1,0
2126,2024,300,1,1,,,No Previous Data,1,1,1,1,1
2126,2024,400,0,0,,,,1,1,1,1,1
2126,2024,500,0,0,,,,0,0,0,0,0
2126,2024,600,0,0,,,,0,0,0,1,0
2126,2024,700,0,0,,,,0,0,0,0,0
2127,2024,100,0,0,,,,1,1,1,1,1
2127,2024,200,0,0,,,,0,0,1,1,0
2127,2024,300,1,1,,,No Previous Data,1,1,1,1,1
2127,2024,400,0,0,,,,1,1,1,1,1
2127,2024,500,0,0,,,,0,0,0,1,0
2127,2024,600,0,0,,,,0,0,0,1,0
2127,2024,700,0,0,,,,0,0,0,0,0
2128,2024,100,0,0,,,,1,0,1,1,0
2128,2024,200,0,0,,,,0,0,1,1,0
2128,2024,300,0,0,,,,0,1,0,1,0
2128,2024,400,1,1,100.0,C2,Switched,1,1,1,1,1
2128,2024,500,0,0,,,,0,0,0,0,0
2128,2024,600,0,0,,,,0,0,0,1,0
2128,2024,700,0,0,,,,1,1,0,1,0
2129,2024,100,0,0,,,,1,1,1,1,1
2129,2024,200,0,0,,,,1,0,1,1,0
2129,2024,300,0,0,,,,1,1,1,1,1
2129,2024,400,1,1,,,No Previous Data,1,1,1,1,1
2129,2024,500,0,0,,,,0,0,0,0,0
2129,2024,600,0,0,,,,0,0,0,1,0
2129,2024,700,0,0,,,,0,0,0,1,0
2130,2024,100,1,1,,,No Previous Data,1,1,1,1,1
2130,2024,200,0,0,,,,0,0,1,1,0
2130,2024,300,0,0,,,,1,0,0,1,0
2130,2024,400,0,0,,,,0,0,0,1,0
2130,2024,500,0,0,,,,0,0,0,1,0
2130,2024,600,0,0,,,,1,0,0,1,0
2130,2024,700,0,0,,,,0,0,0,1,0
2131,2024,100,0,0,,,,1,0,1,1,0
2131,2024,200,0,0,,,,1,0,1,1,0
2131,2024,300,0,0,,,,1,0,1,1,0
2131,2024,400,1,1,,,No Previous Data,1,1,1,1,1
2131,2024,500,0,0,,,,0,0,0,1,0
2131,2024,600,0,0,,,,0,0,0,1,0
2131,2024,700,0,0,,,,0,0,0,1,0
2132,2024,100,1,1,,,No Previous Data,1,1,1,1,1
2132,2024,200,0,0,,,,1,1,1,1,0
2132,2024,300,0,0,,,,0,1,0,1,0
2132,2024,400,0,0,,,,0,0,0,1,0
2132,2024,500,0,0,,,,0,0,0,1,0
2132,2024,600,0,0,,,,0,0,0,1,0
2132,2024,700,0,0,,,,0,0,0,1,0
2133,2024,100,0,0,,,,0,1,1,1,0
2133,2024,200,0,0,,,,1,1,1,1,0
2133,2024,300,0,0,,,,0,1,0,1,0
2133,2024,400,0,0,,,,0,1,0,1,0
2133,2024,500,0,0,,,,0,1,0,1,0
2133,2024,600,1,1,,,No Previous Data,1,1,1,1,1
2133,2024,700,0,0,,,,0,1,0,1,0
2134,2024,100,1,1,200.0,Olong Tea Plus,Switched,1,1,1,1,1
2134,2024,200,0,0,,,,1,1,1,1,1
2134,2024,300,0,0,,,,0,1,1,1,0
2134,2024,400,0,0,,,,0,0,1,1,0
2134,2024,500,0,0,,,,0,0,0,1,0
2134,2024,600,0,0,,,,0,0,0,1,0
2134,2024,700,0,0,,,,0,1,0,1,0
2135,2024,100,1,1,,,No Previous Data,1,1,1,1,1
2135,2024,200,0,0,,,,1,1,1,1,1
2135,2024,300,0,0,,,,1,1,0,1,0
2135,2024,400,0,0,,,,0,1,0,1,0
2135,2024,500,0,0,,,,0,1,0,1,0
2135,2024,600,0,0,,,,0,1,0,1,0
2135,2024,700,0,0,,,,0,1,0,1,0
2136,2024,100,0,0,,,,0,1,1,1,0
2136,2024,200,1,1,,,No Previous Data,1,1,1,1,1
2136,2024,300,0,0,,,,1,1,0,1,0
2136,2024,400,0,0,,,,0,0,0,1,0
2136,2024,500,0,0,,,,0,0,0,0,0
2136,2024,600,0,0,,,,0,0,1,1,0
2136,2024,700,0,0,,,,0,0,0,1,0
2137,2024,100,0,0,,,,1,1,1,1,1
2137,2024,200,1,1,600.0,Dr. Thanh,Switched,1,1,1,1,1
2137,2024,300,0,0,,,,1,1,1,1,1
2137,2024,400,0,0,,,,0,0,0,1,0
2137,2024,500,0,0,,,,0,0,0,0,0
2137,2024,600,0,0,,,,0,0,0,1,0
2137,2024,700,0,0,,,,0,1,0,1,0
2138,2024,100,0,0,,,,0,1,1,1,0
2138,2024,200,1,1,,,No Previous Data,1,1,1,1,1
2138,2024,300,0,0,,,,1,1,0,1,0
2138,2024,400,0,0,,,,0,0,1,1,0
2138,2024,500,0,0,,,,0,0,0,0,0
2138,2024,600,0,0,,,,0,0,0,1,0
2138,2024,700,0,0,,,,0,0,0,1,0
2139,2024,100,0,0,,,,0,0,1,1,0
2139,2024,200,1,1,,,No Previous Data,1,1,1,1,1
2139,2024,300,0,0,,,,0,0,0,1,0
2139,2024,400,0,0,,,,0,0,1,1,0
2139,2024,500,0,0,,,,0,0,0,0,0
2139,2024,600,0,0,,,,0,0,0,1,0
2139,2024,700,0,0,,,,0,0,0,1,0
2140,2024,100,1,1,,,No Previous Data,1,1,1,1,1
2140,2024,200,0,0,,,,1,1,1,1,1
2140,2024,300,0,0,,,,0,0,0,1,0
2140,2024,400,0,0,,,,0,0,0,1,0
2140,2024,500,0,0,,,,0,0,0,0,0
2140,2024,600,0,0,,,,0,0,0,0,0
2140,2024,700,0,0,,,,0,0,0,1,0
2141,2024,100,0,0,,,,0,0,0,1,0
2141,2024,200,1,1,,,No Previous Data,1,1,1,1,1
2141,2024,300,0,0,,,,0,0,0,1,0
2141,2024,400,0,0,,,,1,1,1,1,1
2141,2024,500,0,0,,,,0,0,0,1,0
2141,2024,600,0,0,,,,0,0,0,1,0
2141,2024,700,0,0,,,,0,0,0,0,0
2142,2024,100,0,0,,,,1,1,1,1,1
2142,2024,200,0,0,,,,0,0,0,1,0
2142,2024,300,0,0,,,,0,1,0,1,0
2142,2024,400,1,1,,,No Previous Data,1,1,1,1,1
2142,2024,500,0,0,,,,0,0,0,0,0
2142,2024,600,0,0,,,,0,0,0,1,0
2142,2024,700,0,0,,,,0,0,0,1,0
2143,2024,100,0,0,,,,1,1,1,1,1
2143,2024,200,0,0,,,,0,0,0,1,0
2143,2024,300,0,0,,,,0,0,0,1,0
2143,2024,400,1,1,,,No Previous Data,1,1,1,1,1
2143,2024,500,0,0,,,,0,0,0,0,0
2143,2024,600,0,0,,,,0,0,0,0,0
2143,2024,700,0,0,,,,0,1,0,1,0
2144,2024,100,1,1,,,No Previous Data,1,1,1,1,1
2144,2024,200,0,0,,,,0,0,1,1,0
2144,2024,300,0,0,,,,1,0,0,1,0
2144,2024,400,0,0,,,,0,0,0,1,0
2144,2024,500,0,0,,,,0,0,0,1,0
2144,2024,600,0,0,,,,0,0,0,1,0
2144,2024,700,0,0,,,,0,0,0,1,0
2145,2024,100,0,0,,,,0,0,0,1,0
2145,2024,200,1,1,,,No Previous Data,1,1,1,1,1
2145,2024,300,0,0,,,,0,0,1,1,0
2145,2024,400,0,0,,,,0,0,0,1,0
2145,2024,500,0,0,,,,0,1,0,1,0
2145,2024,600,0,0,,,,0,0,0,1,0
2145,2024,700,0,0,,,,0,0,0,1,0
2146,2024,100,0,0,,,,0,0,0,1,0
2146,2024,200,1,0,,,,1,1,1,1,1
2146,2024,300,0,0,,,,1,0,1,1,0
2146,2024,400,0,0,,,,0,0,0,1,0
2146,2024,500,0,0,,,,0,0,0,0,0
2146,2024,600,0,0,,,,0,0,0,0,0
2146,2024,700,0,1,300.0,Không Độ,Switched,1,1,1,1,1
2147,2024,100,0,0,,,,0,1,0,1,0
2147,2024,200,0,0,,,,1,1,1,1,1
2147,2024,300,1,1,,,No Previous Data,1,1,1,1,1
2147,2024,400,0,0,,,,0,0,0,1,0
2147,2024,500,0,0,,,,0,0,0,1,0
2147,2024,600,0,0,,,,0,0,0,1,0
2147,2024,700,0,0,,,,0,0,0,1,0
2148,2024,100,0,0,,,,0,0,0,1,0
2148,2024,200,0,0,,,,0,0,0,1,0
2148,2024,300,0,0,,,,1,1,1,1,1
2148,2024,400,1,1,,,No Previous Data,1,1,1,1,1
2148,2024,500,0,0,,,,0,0,0,0,0
2148,2024,600,0,0,,,,0,0,0,1,0
2148,2024,700,0,0,,,,0,0,0,1,0
2149,2024,100,1,1,,,No Previous Data,1,1,1,1,1
2149,2024,200,0,0,,,,0,0,0,1,0
2149,2024,300,0,0,,,,0,0,1,1,0
2149,2024,400,0,0,,,,0,0,0,0,0
2149,2024,500,0,0,,,,0,0,0,0,0
2149,2024,600,0,0,,,,0,0,0,0,0
2149,2024,700,0,0,,,,0,0,0,1,0
2150,2024,100,1,0,,,,1,1,1,1,1
2150,2024,200,0,1,,,No Previous Data,1,1,1,1,1
2150,2024,300,0,0,,,,0,0,0,1,0
2150,2024,400,0,0,,,,0,0,0,1,0
2150,2024,500,0,0,,,,0,0,0,1,0
2150,2024,600,0,0,,,,0,0,0,1,0
2150,2024,700,0,0,,,,0,0,0,1,0
2151,2024,100,0,0,,,,0,0,1,1,0
2151,2024,200,0,0,,,,0,0,1,1,0
2151,2024,300,1,1,,,No Previous Data,1,1,1,1,1
2151,2024,400,0,0,,,,0,0,0,1,0
2151,2024,500,0,0,,,,0,0,0,1,0
2151,2024,600,0,0,,,,0,0,0,1,0
2151,2024,700,0,0,,,,0,0,0,1,0
2152,2024,100,0,0,,,,0,0,1,1,0
2152,2024,200,0,0,,,,0,0,1,1,0
2152,2024,300,1,1,,,No Previous Data,1,1,1,1,1
2152,2024,400,0,0,,,,0,0,0,1,0
2152,2024,500,0,0,,,,0,0,0,0,0
2152,2024,600,0,0,,,,0,0,0,1,0
2152,2024,700,0,0,,,,0,0,0,1,0
2153,2024,100,1,1,,,No Previous Data,1,1,1,1,1
2153,2024,200,0,0,,,,0,0,1,1,0
2153,2024,300,0,0,,,,0,0,1,1,0
2153,2024,400,0,0,,,,0,0,1,1,0
2153,2024,500,0,0,,,,0,0,0,1,0
2153,2024,600,0,0,,,,0,0,0,1,0
2153,2024,700,0,0,,,,0,0,0,1,0
2154,2024,100,0,0,,,,0,0,0,1,0
2154,2024,200,0,0,,,,0,0,1,1,0
2154,2024,300,1,1,,,No Previous Data,1,1,1,1,1
2154,2024,400,0,0,,,,0,0,1,1,0
2154,2024,500,0,0,,,,0,0,0,0,0
2154,2024,600,0,0,,,,0,0,0,1,0
2154,2024,700,0,0,,,,1,0,0,1,0
2155,2024,100,0,0,,,,0,0,1,1,0
2155,2024,200,1,1,,,No Previous Data,1,1,1,1,1
2155,2024,300,0,0,,,,0,0,1,1,0
2155,2024,400,0,0,,,,0,0,1,1,0
2155,2024,500,0,0,,,,0,0,0,0,0
2155,2024,600,0,0,,,,0,0,1,1,0
2155,2024,700,0,0,,,,0,0,0,1,0
2156,2024,100,1,1,,,No Previous Data,1,1,1,1,1
2156,2024,200,0,0,,,,1,1,1,1,1
2156,2024,300,0,0,,,,1,1,1,1,0
2156,2024,400,0,0,,,,0,0,0,1,0
2156,2024,500,0,0,,,,0,0,0,1,0
2156,2024,600,0,0,,,,0,0,0,1,0
2156,2024,700,0,0,,,,0,0,0,1,0
2157,2024,100,1,1,,,No Previous Data,1,1,1,1,1
2157,2024,200,0,0,,,,0,0,0,1,0
2157,2024,300,0,0,,,,0,0,0,1,0
2157,2024,400,0,0,,,,1,1,1,1,1
2157,2024,500,0,0,,,,0,0,0,1,0
2157,2024,600,0,0,,,,0,0,0,1,0
2157,2024,700,0,0,,,,0,0,0,1,0
2158,2024,100,0,0,,,,0,0,1,1,0
2158,2024,200,0,0,,,,0,0,1,1,0
2158,2024,300,1,1,,,No Previous Data,1,1,1,1,1
2158,2024,400,0,0,,,,0,0,0,1,0
2158,2024,500,0,0,,,,0,0,0,1,0
2158,2024,600,0,0,,,,0,0,1,1,0
2158,2024,700,0,0,,,,0,0,0,1,0
2159,2024,100,0,0,,,,0,0,0,1,0
2159,2024,200,0,0,,,,1,1,1,1,0
2159,2024,300,1,1,,,No Previous Data,1,1,1,1,1
2159,2024,400,0,0,,,,0,0,0,1,0
2159,2024,500,0,0,,,,0,0,0,0,0
2159,2024,600,0,0,,,,0,0,0,1,0
2159,2024,700,0,0,,,,0,0,0,1,0
2160,2024,100,0,0,,,,0,1,1,1,0
2160,2024,200,1,1,,,No Previous Data,1,1,1,1,1
2160,2024,300,0,0,,,,1,1,1,1,1
2160,2024,400,0,0,,,,0,0,0,1,0
2160,2024,500,0,0,,,,0,0,0,1,0
2160,2024,600,0,0,,,,0,0,0,0,0
2160,2024,700,0,0,,,,1,1,1,1,0
2161,2024,100,0,0,,,,0,0,1,1,0
2161,2024,200,1,1,,,No Previous Data,1,1,1,1,1
2161,2024,300,0,0,,,,0,0,0,1,0
2161,2024,400,0,0,,,,1,1,0,1,1
2161,2024,500,0,0,,,,0,0,0,0,0
2161,2024,600,0,0,,,,0,0,0,1,0
2161,2024,700,0,0,,,,0,0,0,1,0
2162,2024,100,1,1,,,No Previous Data,1,1,1,1,1
2162,2024,200,0,0,,,,0,0,0,1,0
2162,2024,300,0,0,,,,0,0,0,1,0
2162,2024,400,0,0,,,,0,0,1,1,0
2162,2024,500,0,0,,,,0,1,0,1,0
2162,2024,600,0,0,,,,0,0,0,0,0
2162,2024,700,0,0,,,,0,0,0,1,0
2163,2024,100,0,0,,,,0,0,0,1,0
2163,2024,200,0,0,,,,1,1,1,1,1
2163,2024,300,0,0,,,,0,0,0,1,0
2163,2024,400,0,0,,,,0,0,0,1,0
2163,2024,500,0,0,,,,0,0,0,1,0
2163,2024,600,1,1,400.0,Cozy,Switched,1,1,1,1,1
2163,2024,700,0,0,,,,0,0,0,1,0
2164,2024,100,0,0,,,,1,0,1,1,0
2164,2024,200,1,1,,,No Previous Data,1,1,1,1,1
2164,2024,300,0,0,,,,0,0,0,1,0
2164,2024,400,0,0,,,,0,0,0,1,0
2164,2024,500,0,0,,,,0,0,0,0,0
2164,2024,600,0,0,,,,0,0,0,1,0
2164,2024,700,0,0,,,,1,1,0,1,1
2165,2024,100,1,1,200.0,Olong Tea Plus,Switched,1,1,1,1,1
2165,2024,200,0,0,,,,0,0,1,1,0
2165,2024,300,0,0,,,,0,1,0,1,0
2165,2024,400,0,0,,,,0,0,0,1,0
2165,2024,500,0,0,,,,0,0,0,1,0
2165,2024,600,0,0,,,,0,0,0,1,0
2165,2024,700,0,0,,,,0,1,0,1,0
2166,2024,100,0,0,,,,0,0,1,1,0
2166,2024,200,0,0,,,,1,0,0,1,0
2166,2024,300,0,0,,,,0,0,0,1,0
2166,2024,400,1,1,,,No Previous Data,1,1,1,1,1
2166,2024,500,0,0,,,,0,0,0,0,0
2166,2024,600,0,0,,,,0,0,0,0,0
2166,2024,700,0,0,,,,0,0,0,1,0
2167,2024,100,0,0,,,,1,1,1,1,1
2167,2024,200,0,0,,,,0,0,1,1,0
2167,2024,300,1,1,,,No Previous Data,1,1,1,1,1
2167,2024,400,0,0,,,,0,0,0,1,0
2167,2024,500,0,0,,,,0,0,0,1,0
2167,2024,600,0,0,,,,0,0,0,1,0
2167,2024,700,0,0,,,,0,0,0,1,0
2168,2024,100,0,0,,,,0,1,1,1,0
2168,2024,200,1,1,,,No Previous Data,1,1,1,1,1
2168,2024,300,0,0,,,,0,0,0,1,0
2168,2024,400,0,0,,,,0,0,0,1,0
2168,2024,500,0,0,,,,0,0,0,1,0
2168,2024,600,0,0,,,,0,0,0,0,0
2168,2024,700,0,0,,,,0,0,0,1,0
2169,2024,100,0,0,,,,1,0,1,1,0
2169,2024,200,0,0,,,,0,0,0,1,0
2169,2024,300,0,0,,,,0,1,0,1,0
2169,2024,400,0,0,,,,0,0,0,1,0
2169,2024,500,0,0,,,,0,0,0,0,0
2169,2024,600,0,0,,,,0,0,0,1,0
2169,2024,700,1,1,,,No Previous Data,1,1,1,1,0
2170,2024,100,0,0,,,,0,1,0,1,0
2170,2024,200,0,0,,,,1,1,1,1,1
2170,2024,300,0,0,,,,0,0,0,1,0
2170,2024,400,1,1,,,No Previous Data,1,1,1,1,1
2170,2024,500,0,0,,,,0,0,0,1,0
2170,2024,600,0,0,,,,0,0,0,1,0
2170,2024,700,0,0,,,,0,0,0,1,0
2171,2024,100,0,0,,,,0,0,0,1,0
2171,2024,200,0,0,,,,0,1,1,1,0
2171,2024,300,0,0,,,,0,0,0,1,0
2171,2024,400,0,0,,,,0,0,0,1,0
2171,2024,500,0,0,,,,0,0,0,0,0
2171,2024,600,0,0,,,,0,0,0,1,0
2171,2024,700,1,1,,,No Previous Data,1,1,1,1,0
2172,2024,100,1,1,,,No Previous Data,1,1,1,1,1
2172,2024,200,0,0,,,,0,1,1,1,0
2172,2024,300,0,0,,,,1,1,1,1,1
2172,2024,400,0,0,,,,0,0,0,0,0
2172,2024,500,0,0,,,,0,0,0,0,0
2172,2024,600,0,0,,,,0,0,0,1,0
2172,2024,700,0,0,,,,0,1,0,1,0
2173,2024,100,0,0,,,,0,0,0,1,0
2173,2024,200,0,0,,,,1,0,1,1,0
2173,2024,300,1,1,200.0,Olong Tea Plus,Switched,1,1,1,1,1
2173,2024,400,0,0,,,,0,0,0,1,0
2173,2024,500,0,0,,,,0,0,0,0,0
2173,2024,600,0,0,,,,0,0,0,1,0
2173,2024,700,0,0,,,,0,0,0,1,0
2174,2024,100,1,1,,,No Previous Data,1,1,1,1,1
2174,2024,200,0,0,,,,1,0,1,1,0
2174,2024,300,0,0,,,,0,0,0,1,0
2174,2024,400,0,0,,,,0,0,0,0,0
2174,2024,500,0,0,,,,0,0,0,1,0
2174,2024,600,0,0,,,,0,0,0,1,0
2174,2024,700,0,0,,,,0,0,0,1,0
2175,2024,100,0,0,,,,0,0,0,1,0
2175,2024,200,0,0,,,,1,1,0,1,1
2175,2024,300,1,1,200.0,Olong Tea Plus,Switched,1,1,1,1,1
2175,2024,400,0,0,,,,0,0,0,1,0
2175,2024,500,0,0,,,,0,0,0,0,0
2175,2024,600,0,0,,,,0,0,0,1,0
2175,2024,700,0,0,,,,0,0,0,0,0
2176,2024,100,0,0,,,,1,0,0,1,0
2176,2024,200,0,1,,,No Previous Data,1,1,1,1,1
2176,2024,300,0,0,,,,0,0,0,1,0
2176,2024,400,1,0,,,,0,0,1,1,0
2176,2024,500,0,0,,,,0,0,0,1,0
2176,2024,600,0,0,,,,1,0,0,1,0
2176,2024,700,0,0,,,,0,0,0,0,0
2177,2024,100,1,1,,,No Previous Data,1,1,1,1,1
2177,2024,200,0,0,,,,0,0,1,1,0
2177,2024,300,0,0,,,,0,1,0,1,0
2177,2024,400,0,0,,,,0,0,0,1,0
2177,2024,500,0,0,,,,0,0,0,0,0
2177,2024,600,0,0,,,,0,0,0,0,0
2177,2024,700,0,0,,,,0,0,0,0,0
2178,2024,100,1,1,,,No Previous Data,1,1,1,1,1
2178,2024,200,0,0,,,,0,1,1,1,0
2178,2024,300,0,0,,,,0,0,0,1,0
2178,2024,400,0,0,,,,0,0,0,1,0
2178,2024,500,0,0,,,,0,0,0,1,0
2178,2024,600,0,0,,,,0,0,0,1,0
2178,2024,700,0,0,,,,0,0,0,1,0
2179,2024,100,0,0,,,,1,1,1,1,1
2179,2024,200,0,0,,,,0,0,0,1,0
2179,2024,300,0,0,,,,0,0,0,1,0
2179,2024,400,1,1,,,No Previous Data,1,1,1,1,1
2179,2024,500,0,0,,,,0,0,0,0,0
2179,2024,600,0,0,,,,0,0,0,1,0
2179,2024,700,0,0,,,,0,0,0,1,0
2180,2024,100,0,0,,,,1,1,1,1,1
2180,2024,200,0,0,,,,0,0,0,1,0
2180,2024,300,1,1,100.0,C2,Switched,1,1,1,1,1
2180,2024,400,0,0,,,,0,0,1,1,0
2180,2024,500,0,0,,,,0,0,0,0,0
2180,2024,600,0,0,,,,0,0,0,1,0
2180,2024,700,0,0,,,,0,0,0,1,0
2181,2024,100,0,1,,,No Previous Data,1,1,1,1,1
2181,2024,200,0,0,,,,1,1,1,1,1
2181,2024,300,1,0,,,,1,1,1,1,0
2181,2024,400,0,0,,,,0,0,0,1,0
2181,2024,500,0,0,,,,0,0,0,1,0
2181,2024,600,0,0,,,,0,0,0,1,0
2181,2024,700,0,0,,,,0,0,0,1,0
2182,2024,100,1,1,,,No Previous Data,1,1,1,1,1
2182,2024,200,0,0,,,,1,1,1,1,1
2182,2024,300,0,0,,,,1,1,1,1,0
2182,2024,400,0,0,,,,0,0,0,1,0
2182,2024,500,0,0,,,,0,0,0,1,0
2182,2024,600,0,0,,,,0,0,0,1,0
2182,2024,700,0,0,,,,0,0,0,1,0
2183,2024,100,0,0,,,,1,0,1,1,0
2183,2024,200,0,0,,,,0,0,0,1,0
2183,2024,300,1,1,,,No Previous Data,1,1,1,1,1
2183,2024,400,0,0,,,,0,0,0,1,0
2183,2024,500,0,0,,,,0,0,0,0,0
2183,2024,600,0,0,,,,0,0,0,1,0
2183,2024,700,0,0,,,,0,0,0,0,0
2184,2024,100,0,0,,,,1,1,1,1,1
2184,2024,200,0,0,,,,0,0,0,1,0
2184,2024,300,1,1,,,No Previous Data,1,1,1,1,1
2184,2024,400,0,0,,,,1,1,1,1,1
2184,2024,500,0,0,,,,0,0,0,0,0
2184,2024,600,0,0,,,,0,0,0,1,0
2184,2024,700,0,0,,,,1,0,0,1,0
2185,2024,100,0,0,,,,1,1,1,1,1
2185,2024,200,1,1,,,No Previous Data,1,1,1,1,1
2185,2024,300,0,0,,,,0,0,1,1,0
2185,2024,400,0,0,,,,0,1,1,1,0
2185,2024,500,0,0,,,,1,0,0,1,0
2185,2024,600,0,0,,,,0,0,0,1,0
2185,2024,700,0,0,,,,0,0,0,1,0
2186,2024,100,0,0,,,,0,0,0,1,0
2186,2024,200,0,0,,,,1,1,1,1,1
2186,2024,300,1,1,200.0,Olong Tea Plus,Switched,1,1,1,1,1
2186,2024,400,0,0,,,,0,0,1,1,0
2186,2024,500,0,0,,,,0,0,0,0,0
2186,2024,600,0,0,,,,0,0,0,1,0
2186,2024,700,0,0,,,,0,0,0,1,0
2187,2024,100,0,0,,,,0,0,0,1,0
2187,2024,200,0,0,,,,1,1,1,1,1
2187,2024,300,0,0,,,,0,0,0,1,0
2187,2024,400,1,1,200.0,Olong Tea Plus,Switched,1,1,1,1,1
2187,2024,500,0,0,,,,0,1,0,1,0
2187,2024,600,0,0,,,,0,0,0,1,0
2187,2024,700,0,0,,,,0,1,0,1,0
2188,2024,100,1,1,,,No Previous Data,1,1,1,1,1
2188,2024,200,0,0,,,,1,1,1,1,1
2188,2024,300,0,0,,,,1,0,0,1,0
2188,2024,400,0,0,,,,0,0,1,1,0
2188,2024,500,0,0,,,,0,0,0,1,0
2188,2024,600,0,0,,,,0,0,0,1,0
2188,2024,700,0,0,,,,0,0,0,1,0
2189,2024,100,1,1,,,No Previous Data,1,1,1,1,1
2189,2024,200,0,0,,,,0,0,1,1,0
2189,2024,300,0,0,,,,0,0,0,1,0
2189,2024,400,0,0,,,,0,0,0,1,0
2189,2024,500,0,0,,,,0,0,0,1,0
2189,2024,600,0,0,,,,0,0,0,1,0
2189,2024,700,0,0,,,,0,0,0,1,0
2190,2024,100,0,0,,,,1,1,1,1,1
2190,2024,200,1,1,,,No Previous Data,1,1,1,1,1
2190,2024,300,0,0,,,,0,0,0,1,0
2190,2024,400,0,0,,,,0,0,0,1,0
2190,2024,500,0,0,,,,0,0,0,1,0
2190,2024,600,0,0,,,,0,0,0,1,0
2190,2024,700,0,0,,,,0,1,0,1,0
2191,2024,100,0,0,,,,0,0,1,1,0
2191,2024,200,0,0,,,,1,0,1,1,0
2191,2024,300,0,0,,,,0,0,0,1,0
2191,2024,400,0,0,,,,1,1,1,1,1
2191,2024,500,0,0,,,,0,0,0,1,0
2191,2024,600,0,0,,,,0,0,0,0,0
2191,2024,700,1,1,,,No Previous Data,1,1,1,1,1
2192,2024,100,1,1,,,No Previous Data,1,1,1,1,1
2192,2024,200,0,0,,,,1,1,1,1,1
2192,2024,300,0,0,,,,0,0,1,1,0
2192,2024,400,0,0,,,,0,0,1,1,0
2192,2024,500,0,0,,,,0,0,0,0,0
2192,2024,600,0,0,,,,0,0,0,1,0
2192,2024,700,0,0,,,,0,0,0,1,0
2193,2024,100,0,0,,,,1,0,1,1,0
2193,2024,200,1,1,,,No Previous Data,1,1,1,1,1
2193,2024,300,0,0,,,,0,0,0,1,0
2193,2024,400,0,0,,,,0,0,0,1,0
2193,2024,500,0,0,,,,0,0,0,1,0
2193,2024,600,0,0,,,,0,0,0,0,0
2193,2024,700,0,0,,,,0,0,0,1,0
2194,2024,100,1,1,,,No Previous Data,1,1,1,1,1
2194,2024,200,0,0,,,,1,1,1,1,1
2194,2024,300,0,0,,,,0,0,1,1,0
2194,2024,400,0,0,,,,0,0,0,1,0
2194,2024,500,0,0,,,,0,0,0,1,0
2194,2024,600,0,0,,,,0,0,0,1,0
2194,2024,700,0,0,,,,0,1,1,1,0
2195,2024,100,1,1,,,No Previous Data,1,1,1,1,1
2195,2024,200,0,0,,,,1,1,1,1,1
2195,2024,300,0,0,,,,1,1,1,1,0
2195,2024,400,0,0,,,,0,0,1,1,0
2195,2024,500,0,0,,,,0,0,0,1,0
2195,2024,600,0,0,,,,0,0,0,1,0
2195,2024,700,0,0,,,,0,0,0,1,0
2196,2024,100,0,0,,,,0,0,0,1,0
2196,2024,200,0,0,,,,0,0,0,1,0
2196,2024,300,1,1,,,No Previous Data,1,1,1,1,1
2196,2024,400,0,0,,,,0,0,0,1,0
2196,2024,500,0,0,,,,0,0,0,0,0
2196,2024,600,0,0,,,,0,0,0,1,0
2196,2024,700,0,0,,,,0,0,0,1,0
2197,2024,100,1,1,,,No Previous Data,1,1,1,1,1
2197,2024,200,0,0,,,,1,1,1,1,1
2197,2024,300,0,0,,,,0,0,0,1,0
2197,2024,400,0,0,,,,0,0,0,1,0
2197,2024,500,0,0,,,,0,0,0,0,0
2197,2024,600,0,0,,,,0,0,0,0,0
2197,2024,700,0,0,,,,1,1,1,1,0
2198,2024,100,1,1,,,No Previous Data,1,1,1,1,1
2198,2024,200,0,0,,,,0,0,1,1,0
2198,2024,300,0,0,,,,1,1,1,1,1
2198,2024,400,0,0,,,,0,0,0,1,0
2198,2024,500,0,0,,,,0,0,0,0,0
2198,2024,600,0,0,,,,0,0,0,1,0
2198,2024,700,0,0,,,,0,0,0,1,0
2199,2024,100,0,0,,,,1,1,1,1,0
2199,2024,200,0,0,,,,0,1,0,1,0
2199,2024,300,0,0,,,,1,1,1,1,1
2199,2024,400,1,1,,,No Previous Data,1,1,1,1,1
2199,2024,500,0,0,,,,0,0,0,1,0
2199,2024,600,0,0,,,,0,0,0,1,0
2199,2024,700,0,0,,,,0,0,0,1,0
2200,2024,100,0,0,,,,0,1,0,1,0
2200,2024,200,0,0,,,,0,1,0,1,0
2200,2024,300,0,0,,,,1,1,1,1,1
2200,2024,400,0,0,,,,0,0,0,1,0
2200,2024,500,0,0,,,,0,0,0,0,0
2200,2024,600,0,0,,,,0,1,0,1,0
2200,2024,700,0,1,,,No Previous Data,1,1,0,1,1
2201,2024,100,0,0,,,,0,0,1,1,0
2201,2024,200,1,1,,,No Previous Data,1,1,1,1,1
2201,2024,300,0,0,,,,0,0,0,1,0
2201,2024,400,0,0,,,,0,0,1,1,0
2201,2024,500,0,0,,,,0,0,0,0,0
2201,2024,600,0,0,,,,0,0,0,1,0
2201,2024,700,0,0,,,,0,0,0,1,0
2202,2024,100,0,0,,,,0,0,1,1,0
2202,2024,200,0,0,,,,0,0,1,1,0
2202,2024,300,0,0,,,,0,0,1,1,0
2202,2024,400,1,1,,,No Previous Data,1,1,1,1,1
2202,2024,500,0,0,,,,0,0,0,0,0
2202,2024,600,0,0,,,,0,0,0,1,0
2202,2024,700,0,0,,,,0,0,0,1,0
2203,2024,100,0,0,,,,1,0,0,1,0
2203,2024,200,0,0,,,,1,0,1,1,0
2203,2024,300,1,1,200.0,Olong Tea Plus,Switched,1,1,1,1,1
2203,2024,400,0,0,,,,0,0,0,1,0
2203,2024,500,0,0,,,,0,0,0,1,0
2203,2024,600,0,0,,,,0,0,0,1,0
2203,2024,700,0,0,,,,0,0,0,0,0
2204,2024,100,0,0,,,,0,1,0,1,0
2204,2024,200,0,0,,,,0,1,0,1,0
2204,2024,300,1,1,,,No Previous Data,1,1,1,1,1
2204,2024,400,0,0,,,,0,0,0,1,0
2204,2024,500,0,0,,,,1,0,0,1,0
2204,2024,600,0,0,,,,0,0,0,1,0
2204,2024,700,0,0,,,,0,0,0,1,0
2205,2024,100,0,0,,,,0,0,1,1,0
2205,2024,200,1,1,,,No Previous Data,1,1,1,1,1
2205,2024,300,0,0,,,,0,0,0,1,0
2205,2024,400,0,0,,,,0,0,1,1,0
2205,2024,500,0,0,,,,0,0,0,0,0
2205,2024,600,0,0,,,,0,0,0,1,0
2205,2024,700,0,0,,,,0,0,0,1,0
2206,2024,100,0,0,,,,1,1,0,1,1
2206,2024,200,0,0,,,,0,0,0,1,0
2206,2024,300,1,1,,,No Previous Data,1,1,1,1,1
2206,2024,400,0,0,,,,0,0,0,1,0
2206,2024,500,0,0,,,,0,0,0,1,0
2206,2024,600,0,0,,,,0,1,0,1,0
2206,2024,700,0,0,,,,0,0,0,1,0
2207,2024,100,1,1,,,No Previous Data,1,1,1,1,1
2207,2024,200,0,0,,,,1,0,0,1,0
2207,2024,300,0,0,,,,0,0,0,1,0
2207,2024,400,0,0,,,,0,0,0,1,0
2207,2024,500,0,0,,,,0,0,0,1,0
2207,2024,600,0,0,,,,1,0,0,1,0
2207,2024,700,0,0,,,,0,0,0,1,0
2208,2024,100,0,0,,,,1,1,1,1,1
2208,2024,200,1,1,,,No Previous Data,1,1,1,1,1
2208,2024,300,0,0,,,,1,1,0,1,0
2208,2024,400,0,0,,,,0,0,0,1,0
2208,2024,500,0,0,,,,0,0,0,0,0
2208,2024,600,0,0,,,,0,0,0,1,0
2208,2024,700,0,0,,,,0,0,0,0,0
2209,2024,100,0,0,,,,0,0,1,1,0
2209,2024,200,0,0,,,,0,0,1,1,0
2209,2024,300,0,0,,,,0,0,0,1,0
2209,2024,400,0,0,,,,0,0,0,1,0
2209,2024,500,1,1,,,No Previous Data,1,1,1,1,1
2209,2024,600,0,0,,,,0,0,0,1,0
2209,2024,700,0,0,,,,0,0,0,1,0
2210,2024,100,0,0,,,,0,1,0,1,0
2210,2024,200,0,0,,,,0,0,0,1,0
2210,2024,300,1,1,,,No Previous Data,1,1,1,1,1
2210,2024,400,0,0,,,,0,0,1,1,0
2210,2024,500,0,0,,,,1,1,0,1,0
2210,2024,600,0,0,,,,0,0,0,0,0
2210,2024,700,0,0,,,,0,0,0,0,0
2211,2024,100,0,0,,,,0,0,1,1,0
2211,2024,200,0,0,,,,0,0,1,1,0
2211,2024,300,0,0,,,,0,0,1,1,0
2211,2024,400,0,0,,,,0,0,1,1,0
2211,2024,500,0,0,,,,0,0,0,0,0
2211,2024,600,0,0,,,,0,0,0,1,0
2211,2024,700,1,1,,,No Previous Data,1,1,1,1,1
2212,2024,100,0,0,,,,0,0,0,1,0
2212,2024,200,0,0,,,,0,1,0,1,0
2212,2024,300,1,1,,,No Previous Data,1,1,1,1,1
2212,2024,400,0,0,,,,0,0,0,1,0
2212,2024,500,0,0,,,,0,0,0,0,0
2212,2024,600,0,0,,,,0,0,0,1,0
2212,2024,700,0,0,,,,0,0,0,0,0
2213,2024,100,0,0,,,,0,0,0,1,0
2213,2024,200,0,0,,,,1,0,0,1,0
2213,2024,300,1,1,,,No Previous Data,1,1,1,1,1
2213,2024,400,0,0,,,,1,1,1,1,1
2213,2024,500,0,0,,,,0,0,0,0,0
2213,2024,600,0,0,,,,0,0,0,1,0
2213,2024,700,0,0,,,,0,0,0,0,0
2214,2024,100,0,0,,,,0,1,0,1,0
2214,2024,200,0,0,,,,0,0,0,1,0
2214,2024,300,1,1,,,No Previous Data,1,1,1,1,1
2214,2024,400,0,0,,,,0,0,1,1,0
2214,2024,500,0,0,,,,0,1,1,1,0
2214,2024,600,0,0,,,,0,0,0,0,0
2214,2024,700,0,0,,,,0,0,0,0,0
2215,2024,100,0,0,,,,1,1,1,1,1
2215,2024,200,0,0,,,,0,1,1,1,0
2215,2024,300,1,1,,,No Previous Data,1,1,1,1,1
2215,2024,400,0,0,,,,0,1,0,1,0
2215,2024,500,0,0,,,,0,0,0,1,0
2215,2024,600,0,0,,,,0,0,0,0,0
2215,2024,700,0,0,,,,0,0,0,0,0
2216,2024,100,0,0,,,,1,1,0,1,1
2216,2024,200,0,0,,,,0,1,1,1,0
2216,2024,300,1,1,,,No Previous Data,1,1,1,1,1
2216,2024,400,0,0,,,,0,0,1,1,0
2216,2024,500,0,0,,,,0,1,0,1,0
2216,2024,600,0,0,,,,0,0,0,0,0
2216,2024,700,0,0,,,,0,0,0,0,0
2217,2024,100,0,0,,,,0,1,0,1,0
2217,2024,200,0,0,,,,1,0,1,1,0
2217,2024,300,0,0,,,,0,0,1,1,0
2217,2024,400,1,1,,,No Previous Data,1,1,1,1,1
2217,2024,500,0,0,,,,0,0,0,0,0
2217,2024,600,0,0,,,,0,0,0,1,0
2217,2024,700,0,0,,,,0,0,0,1,0
2218,2024,100,0,0,,,,0,1,1,1,0
2218,2024,200,0,0,,,,1,1,1,1,1
2218,2024,300,0,0,,,,0,0,0,1,0
2218,2024,400,1,1,,,No Previous Data,1,1,1,1,1
2218,2024,500,0,0,,,,0,0,0,1,0
2218,2024,600,0,0,,,,0,0,0,1,0
2218,2024,700,0,0,,,,0,0,0,1,0
2219,2024,100,0,0,,,,1,1,1,1,1
2219,2024,200,0,0,,,,0,0,0,1,0
2219,2024,300,1,1,400.0,Cozy,Switched,1,1,1,1,1
2219,2024,400,0,0,,,,0,0,0,1,0
2219,2024,500,0,0,,,,0,0,0,1,0
2219,2024,600,0,0,,,,0,0,0,0,0
2219,2024,700,0,0,,,,0,0,0,1,0
2220,2024,100,0,0,,,,0,0,0,1,0
2220,2024,200,0,0,,,,1,1,1,1,1
2220,2024,300,0,0,,,,0,0,0,1,0
2220,2024,400,1,1,,,No Previous Data,1,1,1,1,1
2220,2024,500,0,0,,,,0,0,0,0,0
2220,2024,600,0,0,,,,0,0,0,1,0
2220,2024,700,0,0,,,,0,0,0,0,0
2221,2024,100,1,1,,,No Previous Data,1,1,1,1,1
2221,2024,200,0,0,,,,0,1,1,1,0
2221,2024,300,0,0,,,,0,0,1,1,0
2221,2024,400,0,0,,,,0,0,0,1,0
2221,2024,500,0,0,,,,0,0,0,0,0
2221,2024,600,0,0,,,,0,0,0,1,0
2221,2024,700,0,0,,,,0,0,0,1,0
2222,2024,100,0,0,,,,0,0,1,1,0
2222,2024,200,1,1,,,No Previous Data,1,1,1,1,1
2222,2024,300,0,0,,,,0,1,0,1,0
2222,2024,400,0,0,,,,1,1,1,1,1
2222,2024,500,0,0,,,,0,0,0,1,0
2222,2024,600,0,0,,,,0,0,0,1,0
2222,2024,700,0,0,,,,0,0,0,0,0
2223,2024,100,0,0,,,,0,1,1,1,0
2223,2024,200,0,0,,,,0,0,0,1,0
2223,2024,300,1,1,,,No Previous Data,1,1,1,1,1
2223,2024,400,0,0,,,,0,0,0,1,0
2223,2024,500,0,0,,,,0,0,0,1,0
2223,2024,600,0,0,,,,0,0,0,0,0
2223,2024,700,0,0,,,,0,0,0,0,0
2224,2024,100,1,1,,,No Previous Data,1,1,1,1,1
2224,2024,200,0,0,,,,0,0,1,1,0
2224,2024,300,0,0,,,,1,0,1,1,0
2224,2024,400,0,0,,,,0,0,0,0,0
2224,2024,500,0,0,,,,1,0,0,1,0
2224,2024,600,0,0,,,,0,0,0,0,0
2224,2024,700,0,0,,,,0,0,0,1,0
2225,2024,100,0,0,,,,0,0,1,1,0
2225,2024,200,1,1,100.0,C2,Switched,1,1,1,1,1
2225,2024,300,0,0,,,,0,1,1,1,0
2225,2024,400,0,0,,,,0,0,0,1,0
2225,2024,500,0,0,,,,0,0,0,0,0
2225,2024,600,0,0,,,,0,0,0,1,0
2225,2024,700,0,0,,,,0,0,0,0,0
2226,2024,100,1,1,,,No Previous Data,1,1,1,1,1
2226,2024,200,0,0,,,,1,0,1,1,0
2226,2024,300,0,0,,,,0,0,0,1,0
2226,2024,400,0,0,,,,0,0,0,1,0
2226,2024,500,0,0,,,,0,0,0,1,0
2226,2024,600,0,0,,,,0,0,0,1,0
2226,2024,700,0,0,,,,0,0,0,1,0
2227,2024,100,0,0,,,,0,0,1,1,0
2227,2024,200,0,0,,,,0,0,1,1,0
2227,2024,300,0,0,,,,0,0,1,1,0
2227,2024,400,0,0,,,,0,0,0,0,0
2227,2024,500,0,0,,,,0,0,0,1,0
2227,2024,600,0,0,,,,0,0,0,0,0
2227,2024,700,1,1,,,No Previous Data,1,1,1,1,1
2228,2024,100,0,0,,,,1,1,1,1,1
2228,2024,200,1,1,,,No Previous Data,1,1,1,1,1
2228,2024,300,0,0,,,,1,1,0,1,1
2228,2024,400,0,0,,,,0,1,0,1,0
2228,2024,500,0,0,,,,0,0,0,0,0
2228,2024,600,0,0,,,,0,1,0,1,0
2228,2024,700,0,0,,,,1,1,0,1,0
2229,2024,100,1,1,,,No Previous Data,1,1,1,1,1
2229,2024,200,0,0,,,,0,0,1,1,0
2229,2024,300,0,0,,,,0,0,1,1,0
2229,2024,400,0,0,,,,0,0,0,0,0
2229,2024,500,0,0,,,,0,0,0,1,0
2229,2024,600,0,0,,,,0,0,0,1,0
2229,2024,700,0,0,,,,0,0,0,0,0
2230,2024,100,0,0,,,,1,1,1,1,1
2230,2024,200,1,1,,,No Previous Data,1,1,1,1,1
2230,2024,300,0,0,,,,1,1,0,1,1
2230,2024,400,0,0,,,,0,1,0,1,0
2230,2024,500,0,0,,,,0,1,0,1,0
2230,2024,600,0,0,,,,0,1,0,1,0
2230,2024,700,0,0,,,,0,1,0,1,0
2231,2024,100,1,1,,,No Previous Data,1,1,1,1,1
2231,2024,200,0,0,,,,1,1,1,1,1
2231,2024,300,0,0,,,,0,0,0,0,0
2231,2024,400,0,0,,,,1,1,0,1,1
2231,2024,500,0,0,,,,0,0,0,0,0
2231,2024,600,0,0,,,,0,0,0,0,0
2231,2024,700,0,0,,,,0,0,0,0,0
2232,2024,100,0,0,,,,0,0,0,0,0
2232,2024,200,1,1,400.0,Cozy,Switched,1,1,1,1,1
2232,2024,300,0,0,,,,0,0,0,0,0
2232,2024,400,0,0,,,,1,1,1,1,1
2232,2024,500,0,0,,,,0,0,0,0,0
2232,2024,600,0,0,,,,0,0,0,0,0
2232,2024,700,0,0,,,,1,1,0,1,0
2233,2024,100,1,0,,,,1,1,1,1,1
2233,2024,200,0,0,,,,1,1,0,1,1
2233,2024,300,0,0,,,,0,0,0,0,0
2233,2024,400,0,0,,,,0,0,0,0,0
2233,2024,500,0,1,,,No Previous Data,1,1,0,1,1
2233,2024,600,0,0,,,,0,0,0,0,0
2233,2024,700,0,0,,,,0,0,0,0,0
2234,2024,100,0,0,,,,1,1,0,1,0
2234,2024,200,1,0,,,,1,1,1,1,1
2234,2024,300,0,1,200.0,Olong Tea Plus,Switched,1,1,0,1,1
2234,2024,400,0,0,,,,0,0,0,0,0
2234,2024,500,0,0,,,,1,1,0,1,1
2234,2024,600,0,0,,,,0,0,0,0,0
2234,2024,700,0,0,,,,1,1,0,1,0
2235,2024,100,1,0,,,,0,1,1,1,0
2235,2024,200,0,1,,,No Previous Data,1,1,1,1,1
2235,2024,300,0,0,,,,1,1,0,1,1
2235,2024,400,0,0,,,,0,1,0,1,0
2235,2024,500,0,0,,,,0,1,1,1,0
2235,2024,600,0,0,,,,0,0,0,0,0
2235,2024,700,0,0,,,,0,0,0,0,0
2236,2024,100,1,0,,,,1,1,1,1,1
2236,2024,200,0,1,100.0,C2,Switched,1,1,0,1,1
2236,2024,300,0,0,,,,0,1,0,1,0
2236,2024,400,0,0,,,,1,1,0,1,1
2236,2024,500,0,0,,,,0,0,0,0,0
2236,2024,600,0,0,,,,0,0,0,0,0
2236,2024,700,0,0,,,,1,1,0,1,0
2237,2024,100,1,0,,,,1,1,1,1,0
2237,2024,200,0,1,,,No Previous Data,1,1,0,1,1
2237,2024,300,0,0,,,,0,0,0,0,0
2237,2024,400,0,0,,,,0,0,0,0,0
2237,2024,500,0,0,,,,1,1,0,1,1
2237,2024,600,0,0,,,,0,0,0,0,0
2237,2024,700,0,0,,,,1,1,0,1,0
2238,2024,100,1,1,700.0,Khác,Switched,1,1,1,1,1
2238,2024,200,0,0,,,,1,0,0,1,0
2238,2024,300,0,0,,,,1,0,0,1,0
2238,2024,400,0,0,,,,1,0,1,1,0
2238,2024,500,0,0,,,,1,0,0,1,0
2238,2024,600,0,0,,,,1,1,0,1,1
2238,2024,700,0,0,,,,1,1,0,1,1
2239,2024,100,0,0,,,,0,0,0,0,0
2239,2024,200,1,1,,,No Previous Data,1,1,1,1,1
2239,2024,300,0,0,,,,0,0,0,0,0
2239,2024,400,0,0,,,,0,0,0,0,0
2239,2024,500,0,0,,,,0,0,0,0,0
2239,2024,600,0,0,,,,0,0,0,0,0
2239,2024,700,0,0,,,,0,0,0,0,0
2240,2024,100,0,0,,,,0,0,0,0,0
2240,2024,200,1,1,,,No Previous Data,1,1,1,1,1
2240,2024,300,0,0,,,,0,0,0,0,0
2240,2024,400,0,0,,,,0,0,0,0,0
2240,2024,500,0,0,,,,0,0,0,0,0
2240,2024,600,0,0,,,,0,0,0,0,0
2240,2024,700,0,0,,,,0,0,0,0,0
2241,2024,100,0,0,,,,0,0,0,0,0
2241,2024,200,1,1,,,No Previous Data,1,1,1,1,1
2241,2024,300,0,0,,,,0,0,0,0,0
2241,2024,400,0,0,,,,0,0,0,0,0
2241,2024,500,0,0,,,,0,0,0,0,0
2241,2024,600,0,0,,,,0,0,0,0,0
2241,2024,700,0,0,,,,0,0,0,0,0
2242,2024,100,0,0,,,,1,1,1,1,1
2242,2024,200,1,0,,,,1,1,1,1,1
2242,2024,300,0,1,,,No Previous Data,1,1,0,1,1
2242,2024,400,0,0,,,,0,1,0,1,0
2242,2024,500,0,0,,,,0,1,0,1,0
2242,2024,600,0,0,,,,0,1,0,1,0
2242,2024,700,0,0,,,,0,1,0,1,0
2243,2024,100,0,0,,,,0,1,1,1,0
2243,2024,200,0,0,,,,0,1,1,1,0
2243,2024,300,1,1,,,No Previous Data,1,1,1,1,1
2243,2024,400,0,0,,,,1,1,1,1,1
2243,2024,500,0,0,,,,0,0,0,0,0
2243,2024,600,0,0,,,,0,0,0,1,0
2243,2024,700,0,0,,,,0,1,0,1,0
2244,2024,100,0,0,,,,0,0,1,1,0
2244,2024,200,1,1,,,No Previous Data,1,1,1,1,1
2244,2024,300,0,0,,,,1,1,1,1,0
2244,2024,400,0,0,,,,0,0,0,1,0
2244,2024,500,0,0,,,,0,0,0,1,0
2244,2024,600,0,0,,,,0,0,0,1,0
2244,2024,700,0,0,,,,0,0,0,1,0
2245,2024,100,0,0,,,,1,0,0,1,0
2245,2024,200,0,0,,,,0,1,0,1,0
2245,2024,300,1,1,100.0,C2,Switched,1,1,1,1,1
2245,2024,400,0,0,,,,0,0,0,1,0
2245,2024,500,0,0,,,,0,1,0,1,0
2245,2024,600,0,0,,,,0,0,0,1,0
2245,2024,700,0,0,,,,0,0,0,1,0
2246,2024,100,0,0,,,,0,1,1,1,0
2246,2024,200,0,0,,,,1,1,1,1,1
2246,2024,300,1,1,,,No Previous Data,1,1,1,1,1
2246,2024,400,0,0,,,,1,1,1,1,1
2246,2024,500,0,0,,,,0,0,0,0,0
2246,2024,600,0,0,,,,0,0,0,1,0
2246,2024,700,0,0,,,,0,0,0,0,0
2247,2024,100,0,0,,,,1,1,1,1,1
2247,2024,200,1,1,,,No Previous Data,1,1,1,1,1
2247,2024,300,0,0,,,,1,1,1,1,0
2247,2024,400,0,0,,,,0,0,1,1,0
2247,2024,500,0,0,,,,0,0,0,1,0
2247,2024,600,0,0,,,,0,0,0,1,0
2247,2024,700,0,0,,,,0,0,0,1,0
2248,2024,100,1,1,,,No Previous Data,1,1,1,1,1
2248,2024,200,0,0,,,,1,1,1,1,1
2248,2024,300,0,0,,,,0,0,1,1,0
2248,2024,400,0,0,,,,0,0,1,1,0
2248,2024,500,0,0,,,,0,0,0,0,0
2248,2024,600,0,0,,,,0,0,0,1,0
2248,2024,700,0,0,,,,0,0,0,1,0
2249,2024,100,1,1,,,No Previous Data,1,1,1,1,1
2249,2024,200,0,0,,,,1,1,1,1,1
2249,2024,300,0,0,,,,0,1,0,1,0
2249,2024,400,0,0,,,,0,0,0,1,0
2249,2024,500,0,0,,,,0,0,0,1,0
2249,2024,600,0,0,,,,0,0,0,1,0
2249,2024,700,0,0,,,,1,0,0,1,0
2250,2024,100,0,0,,,,0,0,1,1,0
2250,2024,200,0,0,,,,0,0,1,1,0
2250,2024,300,0,0,,,,0,0,1,1,0
2250,2024,400,0,0,,,,1,1,0,1,1
2250,2024,500,0,0,,,,0,0,0,0,0
2250,2024,600,0,1,,,No Previous Data,1,1,0,1,1
2250,2024,700,0,0,,,,0,0,0,1,0
2251,2024,100,1,1,,,No Previous Data,1,1,1,1,1
2251,2024,200,0,0,,,,1,1,1,1,1
2251,2024,300,0,0,,,,0,0,1,1,0
2251,2024,400,0,0,,,,0,0,0,1,0
2251,2024,500,0,0,,,,0,0,0,1,0
2251,2024,600,0,0,,,,0,0,0,1,0
2251,2024,700,0,0,,,,0,0,0,1,0
2252,2024,100,0,0,,,,1,1,1,1,1
2252,2024,200,0,0,,,,1,0,1,1,0
2252,2024,300,1,1,,,No Previous Data,1,1,1,1,1
2252,2024,400,0,0,,,,1,1,1,1,1
2252,2024,500,0,0,,,,0,0,0,0,0
2252,2024,600,0,0,,,,0,0,0,1,0
2252,2024,700,0,0,,,,0,0,0,1,0
2253,2024,100,1,1,,,No Previous Data,1,1,1,1,1
2253,2024,200,0,0,,,,1,1,1,1,1
2253,2024,300,0,0,,,,0,0,1,1,0
2253,2024,400,0,0,,,,0,0,0,1,0
2253,2024,500,0,0,,,,0,0,1,1,0
2253,2024,600,0,0,,,,0,0,0,1,0
2253,2024,700,0,0,,,,0,0,0,1,0
2254,2024,100,0,0,,,,1,1,1,1,1
2254,2024,200,0,0,,,,0,0,1,1,0
2254,2024,300,1,1,,,No Previous Data,1,1,1,1,1
2254,2024,400,0,0,,,,1,0,1,1,0
2254,2024,500,0,0,,,,0,0,0,0,0
2254,2024,600,0,0,,,,0,0,0,1,0
2254,2024,700,0,0,,,,0,0,0,0,0
2255,2024,100,0,0,,,,1,1,1,1,1
2255,2024,200,1,1,,,No Previous Data,1,1,1,1,1
2255,2024,300,0,0,,,,0,1,0,1,0
2255,2024,400,0,0,,,,0,0,1,1,0
2255,2024,500,0,0,,,,0,0,0,1,0
2255,2024,600,0,0,,,,0,0,0,1,0
2255,2024,700,0,0,,,,0,0,0,1,0
2256,2024,100,0,0,,,,0,0,1,1,0
2256,2024,200,0,0,,,,1,1,1,1,1
2256,2024,300,1,1,,,No Previous Data,1,1,1,1,1
2256,2024,400,0,0,,,,1,1,1,1,1
2256,2024,500,0,0,,,,0,0,0,1,0
2256,2024,600,0,0,,,,0,0,1,1,0
2256,2024,700,0,0,,,,0,0,0,1,0
2257,2024,100,0,0,,,,1,0,1,1,0
2257,2024,200,0,0,,,,1,0,1,1,0
2257,2024,300,0,0,,,,1,1,1,1,1
2257,2024,400,1,1,,,No Previous Data,1,1,1,1,1
2257,2024,500,0,0,,,,0,0,0,0,0
2257,2024,600,0,0,,,,0,0,0,1,0
2257,2024,700,0,0,,,,0,0,0,0,0
2258,2024,100,1,1,,,No Previous Data,1,1,1,1,1
2258,2024,200,0,0,,,,1,1,1,1,1
2258,2024,300,0,0,,,,0,0,1,1,0
2258,2024,400,0,0,,,,0,0,1,1,0
2258,2024,500,0,0,,,,0,0,1,1,0
2258,2024,600,0,0,,,,0,0,0,1,0
2258,2024,700,0,0,,,,0,1,0,1,0
2259,2024,100,0,0,,,,0,0,1,1,0
2259,2024,200,0,0,,,,0,0,0,1,0
2259,2024,300,1,1,,,No Previous Data,1,1,1,1,1
2259,2024,400,0,0,,,,0,0,0,1,0
2259,2024,500,0,0,,,,0,0,0,0,0
2259,2024,600,0,0,,,,0,0,0,1,0
2259,2024,700,0,0,,,,0,0,0,0,0
2260,2024,100,0,0,,,,0,0,0,1,0
2260,2024,200,0,0,,,,0,0,1,1,0
2260,2024,300,0,0,,,,0,1,1,1,0
2260,2024,400,0,0,,,,0,0,0,1,0
2260,2024,500,0,0,,,,0,0,0,1,0
2260,2024,600,1,1,,,No Previous Data,1,1,1,1,1
2260,2024,700,0,0,,,,0,0,0,1,0
2261,2024,100,1,1,,,No Previous Data,1,1,1,1,1
2261,2024,200,0,0,,,,0,0,1,1,0
2261,2024,300,0,0,,,,0,0,1,1,0
2261,2024,400,0,0,,,,0,0,0,1,0
2261,2024,500,0,0,,,,0,0,0,0,0
2261,2024,600,0,0,,,,0,0,0,0,0
2261,2024,700,0,0,,,,0,0,0,0,0
2262,2024,100,1,1,,,No Previous Data,1,1,1,1,1
2262,2024,200,0,0,,,,0,0,0,1,0
2262,2024,300,0,0,,,,0,0,1,1,0
2262,2024,400,0,0,,,,0,0,0,0,0
2262,2024,500,0,0,,,,0,0,0,0,0
2262,2024,600,0,0,,,,0,0,0,0,0
2262,2024,700,0,0,,,,0,0,1,1,0
2263,2024,100,0,0,,,,1,1,1,1,1
2263,2024,200,0,0,,,,1,1,1,1,1
2263,2024,300,1,1,100.0,C2,Switched,1,1,1,1,1
2263,2024,400,0,0,,,,0,0,0,1,0
2263,2024,500,0,0,,,,0,0,0,0,0
2263,2024,600,0,0,,,,0,0,0,1,0
2263,2024,700,0,0,,,,0,0,0,1,0
2264,2024,100,0,0,,,,0,0,1,1,0
2264,2024,200,0,0,,,,1,1,1,1,1
2264,2024,300,1,1,,,No Previous Data,1,1,1,1,1
2264,2024,400,0,0,,,,0,0,0,1,0
2264,2024,500,0,0,,,,0,0,1,1,0
2264,2024,600,0,0,,,,0,0,0,0,0
2264,2024,700,0,0,,,,0,0,0,1,0
2265,2024,100,1,1,200.0,Olong Tea Plus,Switched,1,1,1,1,1
2265,2024,200,0,0,,,,1,0,1,1,0
2265,2024,300,0,0,,,,0,1,1,1,0
2265,2024,400,0,0,,,,0,0,0,1,0
2265,2024,500,0,0,,,,1,1,0,1,1
2265,2024,600,0,0,,,,0,0,0,1,0
2265,2024,700,0,0,,,,0,0,0,0,0
2266,2024,100,0,0,,,,1,1,1,1,1
2266,2024,200,1,1,300.0,Không Độ,Switched,1,1,1,1,1
2266,2024,300,0,0,,,,1,0,1,1,0
2266,2024,400,0,0,,,,0,0,0,1,0
2266,2024,500,0,0,,,,0,1,0,1,0
2266,2024,600,0,0,,,,0,0,0,1,0
2266,2024,700,0,0,,,,0,0,0,1,0
2267,2024,100,0,0,,,,1,1,1,1,1
2267,2024,200,1,1,100.0,C2,Switched,1,1,1,1,1
2267,2024,300,0,0,,,,1,0,0,1,0
2267,2024,400,0,0,,,,0,0,0,1,0
2267,2024,500,0,0,,,,0,1,0,1,0
2267,2024,600,0,0,,,,0,0,0,1,0
2267,2024,700,0,0,,,,0,0,0,0,0
2268,2024,100,1,1,,,No Previous Data,1,1,1,1,1
2268,2024,200,0,0,,,,1,1,1,1,0
2268,2024,300,0,0,,,,0,1,1,1,0
2268,2024,400,0,0,,,,0,0,1,1,0
2268,2024,500,0,0,,,,0,1,0,1,0
2268,2024,600,0,0,,,,1,1,1,1,0
2268,2024,700,0,0,,,,0,1,0,1,0
2269,2024,100,1,1,,,No Previous Data,1,1,1,1,1
2269,2024,200,0,0,,,,1,1,1,1,0
2269,2024,300,0,0,,,,0,0,0,1,0
2269,2024,400,0,0,,,,0,0,0,1,0
2269,2024,500,0,0,,,,0,0,0,1,0
2269,2024,600,0,0,,,,0,0,0,0,0
2269,2024,700,0,0,,,,0,1,0,1,0
2270,2024,100,1,1,,,No Previous Data,1,1,1,1,1
2270,2024,200,0,0,,,,1,1,1,1,1
2270,2024,300,0,0,,,,0,1,0,1,0
2270,2024,400,0,0,,,,0,0,0,1,0
2270,2024,500,0,0,,,,0,0,0,0,0
2270,2024,600,0,0,,,,0,0,0,1,0
2270,2024,700,0,0,,,,0,0,0,1,0
2271,2024,100,1,1,300.0,Không Độ,Switched,1,1,1,1,1
2271,2024,200,0,0,,,,1,0,1,1,0
2271,2024,300,0,0,,,,0,0,0,1,0
2271,2024,400,0,0,,,,0,0,1,1,0
2271,2024,500,0,0,,,,1,1,0,1,1
2271,2024,600,0,0,,,,0,0,0,1,0
2271,2024,700,0,0,,,,0,1,0,1,0
2272,2024,100,0,0,,,,1,1,1,1,0
2272,2024,200,0,0,,,,0,1,1,1,0
2272,2024,300,1,1,,,No Previous Data,1,1,1,1,1
2272,2024,400,0,0,,,,0,0,0,1,0
2272,2024,500,0,0,,,,0,1,0,1,0
2272,2024,600,0,0,,,,0,1,0,1,0
2272,2024,700,0,0,,,,0,1,0,1,0
2273,2024,100,0,0,,,,1,1,1,1,0
2273,2024,200,1,1,,,No Previous Data,1,1,1,1,1
2273,2024,300,0,0,,,,1,1,1,1,0
2273,2024,400,0,0,,,,0,0,0,1,0
2273,2024,500,0,0,,,,0,0,0,0,0
2273,2024,600,0,0,,,,0,0,0,1,0
2273,2024,700,0,0,,,,0,0,0,1,0
2274,2024,100,0,0,,,,1,1,1,1,0
2274,2024,200,0,0,,,,0,1,1,1,0
2274,2024,300,0,0,,,,0,1,1,1,0
2274,2024,400,1,1,,,No Previous Data,1,1,1,1,1
2274,2024,500,0,0,,,,0,1,0,1,0
2274,2024,600,0,0,,,,0,0,0,1,0
2274,2024,700,0,0,,,,0,1,0,1,0
2275,2024,100,0,0,,,,0,0,1,1,0
2275,2024,200,0,0,,,,0,0,1,1,0
2275,2024,300,0,0,,,,1,1,1,1,1
2275,2024,400,1,1,,,No Previous Data,1,1,1,1,1
2275,2024,500,0,0,,,,0,0,0,0,0
2275,2024,600,0,0,,,,0,0,0,1,0
2275,2024,700,0,0,,,,0,0,0,0,0
2276,2024,100,1,1,200.0,Olong Tea Plus,Switched,1,1,1,1,1
2276,2024,200,0,0,,,,1,0,1,1,0
2276,2024,300,0,0,,,,0,0,0,1,0
2276,2024,400,0,0,,,,0,0,0,1,0
2276,2024,500,0,0,,,,1,1,0,1,0
2276,2024,600,0,0,,,,0,0,0,1,0
2276,2024,700,0,0,,,,0,0,0,1,0
2277,2024,100,1,1,,,No Previous Data,1,1,1,1,1
2277,2024,200,0,0,,,,0,1,1,1,0
2277,2024,300,0,0,,,,0,1,1,1,0
2277,2024,400,0,0,,,,0,0,1,1,0
2277,2024,500,0,0,,,,0,1,0,1,0
2277,2024,600,0,0,,,,0,1,0,1,0
2277,2024,700,0,0,,,,0,1,0,1,0
2278,2024,100,0,0,,,,1,1,1,1,1
2278,2024,200,0,0,,,,1,1,1,1,0
2278,2024,300,1,1,,,No Previous Data,1,1,1,1,1
2278,2024,400,0,0,,,,1,1,1,1,1
2278,2024,500,0,0,,,,0,0,0,0,0
2278,2024,600,0,0,,,,0,0,0,1,0
2278,2024,700,0,0,,,,0,0,0,1,0
2279,2024,100,0,0,,,,1,1,1,1,1
2279,2024,200,0,0,,,,0,0,1,1,0
2279,2024,300,1,1,100.0,C2,Switched,1,1,1,1,1
2279,2024,400,0,0,,,,0,0,0,1,0
2279,2024,500,0,0,,,,0,0,0,1,0
2279,2024,600,0,0,,,,0,0,0,1,0
2279,2024,700,0,0,,,,0,0,0,1,0
2280,2024,100,0,0,,,,1,1,1,1,0
2280,2024,200,0,0,,,,0,1,1,1,0
2280,2024,300,1,1,,,No Previous Data,1,1,1,1,1
2280,2024,400,0,0,,,,0,0,1,1,0
2280,2024,500,0,0,,,,0,1,0,1,0
2280,2024,600,0,0,,,,0,1,0,1,0
2280,2024,700,0,0,,,,0,1,1,1,0
2281,2024,100,0,0,,,,1,1,1,1,1
2281,2024,200,0,0,,,,0,1,1,1,0
2281,2024,300,0,0,,,,1,0,0,1,0
2281,2024,400,0,0,,,,0,0,0,1,0
2281,2024,500,0,0,,,,0,0,0,1,0
2281,2024,600,1,1,300.0,Không Độ,Switched,1,1,1,1,1
2281,2024,700,0,0,,,,0,0,0,0,0
2282,2024,100,1,1,,,No Previous Data,1,1,1,1,1
2282,2024,200,0,0,,,,1,0,1,1,0
2282,2024,300,0,0,,,,1,0,1,1,0
2282,2024,400,0,0,,,,1,1,1,1,1
2282,2024,500,0,0,,,,0,0,0,1,0
2282,2024,600,0,0,,,,0,0,0,1,0
2282,2024,700,0,0,,,,0,0,0,0,0
2283,2024,100,0,0,,,,0,1,0,1,0
2283,2024,200,0,0,,,,0,1,0,1,0
2283,2024,300,1,0,,,,1,1,1,1,1
2283,2024,400,0,0,,,,0,1,0,1,0
2283,2024,500,0,0,,,,0,1,0,1,0
2283,2024,600,0,0,,,,1,1,0,1,1
2283,2024,700,0,1,600.0,Dr. Thanh,Switched,1,1,0,1,0
2284,2024,100,1,0,,,,1,1,1,1,1
2284,2024,200,0,0,,,,1,1,0,1,1
2284,2024,300,0,1,700.0,Khác,Switched,1,1,1,1,1
2284,2024,400,0,0,,,,1,1,0,1,1
2284,2024,500,0,0,,,,1,1,0,1,1
2284,2024,600,0,0,,,,1,1,0,1,0
2284,2024,700,0,0,,,,1,1,0,1,1
2285,2024,100,1,0,,,,1,1,1,1,0
2285,2024,200,0,1,,,No Previous Data,1,1,0,1,1
2285,2024,300,0,0,,,,0,0,0,0,0
2285,2024,400,0,0,,,,0,0,0,0,0
2285,2024,500,0,0,,,,1,1,0,1,1
2285,2024,600,0,0,,,,0,0,0,0,0
2285,2024,700,0,0,,,,1,1,0,1,1
2286,2024,100,1,0,,,,1,1,1,1,1
2286,2024,200,0,0,,,,1,1,0,1,0
2286,2024,300,0,0,,,,0,1,1,1,0
2286,2024,400,0,1,,,No Previous Data,1,1,1,1,1
2286,2024,500,0,0,,,,0,1,0,1,0
2286,2024,600,0,0,,,,0,0,0,1,0
2286,2024,700,0,0,,,,1,1,0,1,1
2287,2024,100,0,0,,,,1,1,1,1,1
2287,2024,200,0,0,,,,0,1,0,1,0
2287,2024,300,0,0,,,,0,0,0,0,0
2287,2024,400,0,0,,,,0,0,0,0,0
2287,2024,500,0,0,,,,0,0,0,1,0
2287,2024,600,0,0,,,,0,0,0,0,0
2287,2024,700,1,1,700.0,Khác,Loyal,1,1,1,1,1
2288,2024,100,0,0,,,,1,1,1,1,1
2288,2024,200,0,0,,,,1,1,1,1,1
2288,2024,300,0,1,200.0,Olong Tea Plus,Switched,1,1,1,1,1
2288,2024,400,1,0,,,,1,1,1,1,1
2288,2024,500,0,0,,,,1,1,0,1,1
2288,2024,600,0,0,,,,0,0,0,1,0
2288,2024,700,0,0,,,,0,1,0,1,0
2289,2024,100,0,0,,,,1,1,0,1,1
2289,2024,200,0,0,,,,1,1,0,1,1
2289,2024,300,1,0,,,,1,1,1,1,1
2289,2024,400,0,0,,,,1,1,0,1,0
2289,2024,500,0,1,300.0,Không Độ,Switched,1,1,0,1,1
2289,2024,600,0,0,,,,0,1,0,1,0
2289,2024,700,0,0,,,,1,1,0,1,0
2290,2024,100,0,0,,,,0,1,0,1,0
2290,2024,200,0,0,,,,1,1,0,1,1
2290,2024,300,0,1,200.0,Olong Tea Plus,Switched,1,1,0,1,1
2290,2024,400,0,0,,,,1,1,0,1,1
2290,2024,500,0,0,,,,0,0,0,1,0
2290,2024,600,0,0,,,,0,0,0,0,0
2290,2024,700,0,0,,,,0,0,0,1,0
2291,2024,100,0,1,,,No Previous Data,1,1,1,1,1
2291,2024,200,1,0,,,,0,0,1,1,0
2291,2024,300,0,0,,,,1,1,1,1,1
2291,2024,400,0,0,,,,1,1,1,1,0
2291,2024,500,0,0,,,,0,1,0,1,0
2291,2024,600,0,0,,,,0,0,0,0,0
2291,2024,700,0,0,,,,1,1,0,1,0
2292,2024,100,1,0,,,,1,1,1,1,1
2292,2024,200,0,1,,,No Previous Data,1,1,1,1,1
2292,2024,300,0,0,,,,1,1,1,1,1
2292,2024,400,0,0,,,,1,1,1,1,1
2292,2024,500,0,0,,,,0,1,0,1,0
2292,2024,600,0,0,,,,0,1,0,1,0
2292,2024,700,0,0,,,,0,0,0,1,0
2293,2024,100,0,0,,,,1,1,1,1,1
2293,2024,200,0,0,,,,0,0,1,1,0
2293,2024,300,1,1,,,No Previous Data,1,1,1,1,1
2293,2024,400,0,0,,,,0,0,0,1,0
2293,2024,500,0,0,,,,1,0,0,1,0
2293,2024,600,0,0,,,,0,0,0,1,0
2293,2024,700,0,0,,,,0,0,0,1,0
2294,2024,100,1,1,,,No Previous Data,1,1,1,1,1
2294,2024,200,0,0,,,,1,0,1,1,0
2294,2024,300,0,0,,,,0,0,0,1,0
2294,2024,400,0,0,,,,0,0,0,1,0
2294,2024,500,0,0,,,,1,1,1,1,1
2294,2024,600,0,0,,,,0,0,0,1,0
2294,2024,700,0,0,,,,0,0,0,1,0
2295,2024,100,1,1,,,No Previous Data,1,1,1,1,1
2295,2024,200,0,0,,,,1,1,1,1,1
2295,2024,300,0,0,,,,0,1,0,1,0
2295,2024,400,0,0,,,,0,0,0,1,0
2295,2024,500,0,0,,,,0,0,0,0,0
2295,2024,600,0,0,,,,0,0,0,0,0
2295,2024,700,0,0,,,,0,1,0,1,0
2296,2024,100,1,1,,,No Previous Data,1,1,1,1,1
2296,2024,200,0,0,,,,0,1,1,1,0
2296,2024,300,0,0,,,,1,1,1,1,0
2296,2024,400,0,0,,,,0,0,0,1,0
2296,2024,500,0,0,,,,0,0,0,1,0
2296,2024,600,0,0,,,,0,0,0,1,0
2296,2024,700,0,0,,,,0,0,0,0,0
2297,2024,100,0,0,,,,0,1,1,1,0
2297,2024,200,1,1,,,No Previous Data,1,1,1,1,1
2297,2024,300,0,0,,,,0,0,1,1,0
2297,2024,400,0,0,,,,0,0,0,1,0
2297,2024,500,0,0,,,,0,0,0,1,0
2297,2024,600,0,0,,,,0,0,0,1,0
2297,2024,700,0,0,,,,0,0,0,1,0
2298,2024,100,1,1,,,No Previous Data,1,1,1,1,1
2298,2024,200,0,0,,,,1,1,1,1,1
2298,2024,300,0,0,,,,0,1,1,1,0
2298,2024,400,0,0,,,,0,0,0,1,0
2298,2024,500,0,0,,,,0,0,0,0,0
2298,2024,600,0,0,,,,0,0,0,1,0
2298,2024,700,0,0,,,,0,1,0,1,0
2299,2024,100,0,0,,,,0,1,1,1,0
2299,2024,200,1,1,,,No Previous Data,1,1,1,1,1
2299,2024,300,0,0,,,,0,0,0,1,0
2299,2024,400,0,0,,,,0,0,0,1,0
2299,2024,500,0,0,,,,0,0,0,1,0
2299,2024,600,0,0,,,,0,0,0,1,0
2299,2024,700,0,0,,,,0,1,0,1,0
2300,2024,100,1,1,,,No Previous Data,1,1,1,1,1
2300,2024,200,0,0,,,,0,1,1,1,0
2300,2024,300,0,0,,,,0,1,1,1,0
2300,2024,400,0,0,,,,0,0,1,1,0
2300,2024,500,0,0,,,,0,1,0,1,0
2300,2024,600,0,0,,,,0,1,0,1,0
2300,2024,700,0,0,,,,1,1,0,1,0
2301,2024,100,0,1,200.0,Olong Tea Plus,Switched,1,1,1,1,1
2301,2024,200,0,0,,,,1,1,1,1,1
2301,2024,300,1,0,,,,1,1,1,1,1
2301,2024,400,0,0,,,,0,0,0,0,0
2301,2024,500,0,0,,,,0,0,0,0,0
2301,2024,600,0,0,,,,0,0,0,0,0
2301,2024,700,0,0,,,,1,1,0,1,1
2302,2024,100,0,0,,,,0,0,0,0,0
2302,2024,200,1,0,,,,1,1,1,1,1
2302,2024,300,0,1,200.0,Olong Tea Plus,Switched,1,1,1,1,1
2302,2024,400,0,0,,,,1,1,0,1,1
2302,2024,500,0,0,,,,1,0,0,1,0
2302,2024,600,0,0,,,,0,1,0,1,0
2302,2024,700,0,0,,,,0,0,0,1,0
2303,2024,100,1,1,,,No Previous Data,1,1,1,1,1
2303,2024,200,0,0,,,,0,0,0,0,0
2303,2024,300,0,0,,,,0,0,0,0,0
2303,2024,400,0,0,,,,0,0,0,0,0
2303,2024,500,0,0,,,,0,0,0,0,0
2303,2024,600,0,0,,,,0,0,0,0,0
2303,2024,700,0,0,,,,0,0,0,0,0
2304,2024,100,0,0,,,,1,1,1,1,1
2304,2024,200,0,0,,,,1,1,1,1,1
2304,2024,300,1,1,700.0,Khác,Switched,1,1,1,1,1
2304,2024,400,0,0,,,,1,1,0,1,1
2304,2024,500,0,0,,,,1,1,0,1,1
2304,2024,600,0,0,,,,0,1,0,1,0
2304,2024,700,0,0,,,,1,1,0,1,1
2305,2024,100,1,1,200.0,Olong Tea Plus,Switched,1,1,1,1,1
2305,2024,200,0,0,,,,1,1,1,1,1
2305,2024,300,0,0,,,,0,1,1,1,0
2305,2024,400,0,0,,,,0,1,0,1,0
2305,2024,500,0,0,,,,0,0,0,0,0
2305,2024,600,0,0,,,,0,0,0,1,0
2305,2024,700,0,0,,,,0,0,0,1,0
2306,2024,100,0,0,,,,0,0,0,0,0
2306,2024,200,0,0,,,,0,0,0,1,0
2306,2024,300,0,0,,,,0,0,0,0,0
2306,2024,400,0,0,,,,0,0,0,0,0
2306,2024,500,1,1,,,No Previous Data,1,1,1,1,1
2306,2024,600,0,0,,,,0,0,0,0,0
2306,2024,700,0,0,,,,0,0,0,0,0
2307,2024,100,0,1,200.0,Olong Tea Plus,Switched,1,1,0,1,1
2307,2024,200,1,0,,,,1,1,1,1,0
2307,2024,300,0,0,,,,0,0,0,1,0
2307,2024,400,0,0,,,,0,0,1,1,0
2307,2024,500,0,0,,,,0,0,0,1,0
2307,2024,600,0,0,,,,0,0,0,1,0
2307,2024,700,0,0,,,,1,1,0,1,0
2308,2024,100,1,0,,,,0,0,1,1,0
2308,2024,200,0,0,,,,0,0,1,1,0
2308,2024,300,0,0,,,,1,1,1,1,1
2308,2024,400,0,0,,,,0,0,0,0,0
2308,2024,500,0,0,,,,0,0,0,0,0
2308,2024,600,0,0,,,,0,0,0,0,0
2308,2024,700,0,1,300.0,Không Độ,Switched,1,1,0,1,1
2309,2024,100,0,0,,,,0,0,1,1,0
2309,2024,200,0,0,,,,1,0,1,1,0
2309,2024,300,1,1,200.0,Olong Tea Plus,Switched,1,1,1,1,1
2309,2024,400,0,0,,,,0,0,0,1,0
2309,2024,500,0,0,,,,1,1,0,1,1
2309,2024,600,0,0,,,,0,0,0,0,0
2309,2024,700,0,0,,,,0,0,0,1,0
2310,2024,100,0,1,300.0,Không Độ,Switched,1,1,0,1,1
2310,2024,200,0,0,,,,0,1,0,1,0
2310,2024,300,1,0,,,,0,1,1,1,0
2310,2024,400,0,0,,,,1,1,0,1,1
2310,2024,500,0,0,,,,1,0,0,1,0
2310,2024,600,0,0,,,,1,1,0,1,0
2310,2024,700,0,0,,,,1,1,0,1,1
2311,2024,100,0,0,,,,0,0,0,1,0
2311,2024,200,0,0,,,,0,0,0,1,0
2311,2024,300,1,1,400.0,Cozy,Switched,1,1,1,1,1
2311,2024,400,0,0,,,,1,1,1,1,1
2311,2024,500,0,0,,,,0,1,0,1,0
2311,2024,600,0,0,,,,0,0,0,0,0
2311,2024,700,0,0,,,,0,1,0,1,0
2312,2024,100,0,0,,,,0,1,0,1,0
2312,2024,200,0,0,,,,0,0,0,1,0
2312,2024,300,0,0,,,,0,0,0,1,0
2312,2024,400,0,0,,,,0,0,0,1,0
2312,2024,500,0,1,400.0,Cozy,Switched,1,1,0,1,1
2312,2024,600,0,0,,,,0,0,0,1,0
2312,2024,700,0,0,,,,0,0,0,0,0
2313,2024,100,0,0,,,,0,0,0,1,0
2313,2024,200,0,0,,,,0,0,0,0,0
2313,2024,300,1,0,,,,0,0,1,1,0
2313,2024,400,0,0,,,,0,0,0,0,0
2313,2024,500,0,0,,,,0,0,0,0,0
2313,2024,600,0,1,300.0,Không Độ,Switched,1,1,0,1,1
2313,2024,700,0,0,,,,1,1,0,1,0
2314,2024,100,0,0,,,,0,1,0,1,0
2314,2024,200,1,0,,,,1,1,1,1,1
2314,2024,300,0,0,,,,1,1,1,1,1
2314,2024,400,0,0,,,,0,0,0,0,0
2314,2024,500,0,1,200.0,Olong Tea Plus,Switched,1,1,0,1,1
2314,2024,600,0,0,,,,0,0,0,0,0
2314,2024,700,0,0,,,,1,1,0,1,1
2315,2024,100,0,0,,,,1,1,0,1,1
2315,2024,200,0,0,,,,1,1,0,1,0
2315,2024,300,1,1,100.0,C2,Switched,1,1,1,1,1
2315,2024,400,0,0,,,,0,1,0,1,0
2315,2024,500,0,0,,,,0,1,0,1,0
2315,2024,600,0,0,,,,1,1,1,1,1
2315,2024,700,0,0,,,,1,1,0,1,1
2316,2024,100,0,0,,,,0,0,0,0,0
2316,2024,200,0,0,,,,0,0,0,0,0
2316,2024,300,1,1,500.0,Boncha,Switched,1,1,1,1,1
2316,2024,400,0,0,,,,1,1,0,1,0
2316,2024,500,0,0,,,,1,1,0,1,1
2316,2024,600,0,0,,,,0,0,0,0,0
2316,2024,700,0,0,,,,0,0,0,0,0
2317,2024,100,0,0,,,,1,1,1,1,1
2317,2024,200,1,1,,,No Previous Data,1,1,1,1,1
2317,2024,300,0,0,,,,0,0,0,1,0
2317,2024,400,0,0,,,,0,0,1,1,0
2317,2024,500,0,0,,,,0,0,0,1,0
2317,2024,600,0,0,,,,0,0,0,1,0
2317,2024,700,0,0,,,,0,1,0,1,0
2318,2024,100,0,0,,,,1,1,1,1,1
2318,2024,200,0,0,,,,0,1,1,1,0
2318,2024,300,1,0,,,,1,1,1,1,1
2318,2024,400,0,0,,,,0,1,1,1,0
2318,2024,500,0,1,700.0,Khác,Switched,1,1,0,1,1
2318,2024,600,0,0,,,,0,1,0,1,0
2318,2024,700,0,0,,,,1,1,0,1,1
2319,2024,100,1,1,,,No Previous Data,1,1,1,1,1
2319,2024,200,0,0,,,,1,1,1,1,0
2319,2024,300,0,0,,,,0,0,0,1,0
2319,2024,400,0,0,,,,0,0,0,1,0
2319,2024,500,0,0,,,,0,1,0,1,0
2319,2024,600,0,0,,,,0,0,0,1,0
2319,2024,700,0,0,,,,0,0,0,1,0
2320,2024,100,0,0,,,,0,1,0,1,0
2320,2024,200,0,1,600.0,Dr. Thanh,Switched,1,1,1,1,1
2320,2024,300,0,0,,,,0,1,1,1,0
2320,2024,400,1,0,,,,1,1,1,1,1
2320,2024,500,0,0,,,,0,0,0,0,0
2320,2024,600,0,0,,,,1,1,0,1,1
2320,2024,700,0,0,,,,0,0,0,1,0
2321,2024,100,1,1,200.0,Olong Tea Plus,Switched,1,1,1,1,1
2321,2024,200,0,0,,,,1,1,1,1,1
2321,2024,300,0,0,,,,1,1,1,1,1
2321,2024,400,0,0,,,,1,1,1,1,1
2321,2024,500,0,0,,,,0,0,0,1,0
2321,2024,600,0,0,,,,0,0,0,1,0
2321,2024,700,0,0,,,,1,1,0,1,1
2322,2024,100,1,0,,,,1,1,1,1,1
2322,2024,200,0,1,300.0,Không Độ,Switched,1,1,1,1,1
2322,2024,300,0,0,,,,1,1,1,1,1
2322,2024,400,0,0,,,,0,0,0,1,0
2322,2024,500,0,0,,,,0,1,0,1,0
2322,2024,600,0,0,,,,0,0,0,1,0
2322,2024,700,0,0,,,,0,0,0,1,0
2323,2024,100,1,1,,,No Previous Data,1,1,1,1,1
2323,2024,200,0,0,,,,1,1,1,1,1
2323,2024,300,0,0,,,,0,1,1,1,0
2323,2024,400,0,0,,,,1,1,1,1,1
2323,2024,500,0,0,,,,0,0,0,1,0
2323,2024,600,0,0,,,,0,0,0,1,0
2323,2024,700,0,0,,,,0,1,0,1,0
2324,2024,100,0,0,,,,0,0,0,0,0
2324,2024,200,0,0,,,,1,1,0,1,1
2324,2024,300,1,1,200.0,Olong Tea Plus,Switched,1,1,1,1,1
2324,2024,400,0,0,,,,0,0,0,1,0
2324,2024,500,0,0,,,,0,0,0,1,0
2324,2024,600,0,0,,,,0,0,0,0,0
2324,2024,700,0,0,,,,0,1,0,1,0
2325,2024,100,0,0,,,,1,1,0,1,1
2325,2024,200,0,0,,,,0,1,0,1,0
2325,2024,300,1,0,,,,1,1,1,1,1
2325,2024,400,0,0,,,,0,1,0,1,0
2325,2024,500,0,1,300.0,Không Độ,Switched,1,1,0,1,1
2325,2024,600,0,0,,,,0,1,0,1,0
2325,2024,700,0,0,,,,1,1,0,1,1
2326,2024,100,0,0,,,,1,1,0,1,1
2326,2024,200,1,1,,,No Previous Data,1,1,1,1,1
2326,2024,300,0,0,,,,0,0,0,0,0
2326,2024,400,0,0,,,,0,0,0,0,0
2326,2024,500,0,0,,,,1,1,0,1,0
2326,2024,600,0,0,,,,0,0,0,0,0
2326,2024,700,0,0,,,,1,1,0,1,1
2327,2024,100,1,1,,,No Previous Data,1,1,1,1,1
2327,2024,200,0,0,,,,1,1,0,1,1
2327,2024,300,0,0,,,,1,1,0,1,1
2327,2024,400,0,0,,,,1,1,0,1,1
2327,2024,500,0,0,,,,0,0,0,0,0
2327,2024,600,0,0,,,,0,0,0,0,0
2327,2024,700,0,0,,,,0,0,0,0,0
2328,2024,100,0,0,,,,0,0,0,0,0
2328,2024,200,0,0,,,,0,0,0,0,0
2328,2024,300,1,1,,,No Previous Data,1,1,1,1,1
2328,2024,400,0,0,,,,0,0,0,0,0
2328,2024,500,0,0,,,,0,0,0,0,0
2328,2024,600,0,0,,,,0,0,0,0,0
2328,2024,700,0,0,,,,0,0,0,0,0
2329,2024,100,1,1,200.0,Olong Tea Plus,Switched,1,1,1,1,1
2329,2024,200,0,0,,,,1,0,1,1,0
2329,2024,300,0,0,,,,1,1,1,1,1
2329,2024,400,0,0,,,,0,0,0,1,0
2329,2024,500,0,0,,,,0,1,0,1,0
2329,2024,600,0,0,,,,0,0,0,1,0
2329,2024,700,0,0,,,,0,0,0,1,0
2330,2024,100,1,0,,,,1,1,1,1,1
2330,2024,200,0,0,,,,0,0,0,1,0
2330,2024,300,0,1,,,No Previous Data,1,1,1,1,1
2330,2024,400,0,0,,,,0,0,1,1,0
2330,2024,500,0,0,,,,0,0,0,0,0
2330,2024,600,0,0,,,,0,0,0,1,0
2330,2024,700,0,0,,,,0,0,0,1,0
2331,2024,100,0,0,,,,1,1,1,1,1
2331,2024,200,1,1,100.0,C2,Switched,1,1,1,1,1
2331,2024,300,0,0,,,,0,0,0,1,0
2331,2024,400,0,0,,,,1,0,0,1,0
2331,2024,500,0,0,,,,0,0,0,1,0
2331,2024,600,0,0,,,,0,0,0,1,0
2331,2024,700,0,0,,,,1,1,0,1,0
2332,2024,100,0,0,,,,1,0,1,1,0
2332,2024,200,0,0,,,,0,0,1,1,0
2332,2024,300,1,1,100.0,C2,Switched,1,1,1,1,1
2332,2024,400,0,0,,,,0,0,0,1,0
2332,2024,500,0,0,,,,0,0,0,1,0
2332,2024,600,0,0,,,,0,0,0,1,0
2332,2024,700,0,0,,,,1,0,1,1,0
2333,2024,100,0,0,,,,0,0,1,1,0
2333,2024,200,1,1,,,No Previous Data,1,1,1,1,1
2333,2024,300,0,0,,,,0,0,0,1,0
2333,2024,400,0,0,,,,0,0,1,1,0
2333,2024,500,0,0,,,,0,0,0,0,0
2333,2024,600,0,0,,,,0,0,0,1,0
2333,2024,700,0,0,,,,0,0,0,1,0
2334,2024,100,1,1,,,No Previous Data,1,1,1,1,1
2334,2024,200,0,0,,,,0,0,1,1,0
2334,2024,300,0,0,,,,0,0,1,1,0
2334,2024,400,0,0,,,,0,0,0,1,0
2334,2024,500,0,0,,,,0,0,0,0,0
2334,2024,600,0,0,,,,0,0,0,1,0
2334,2024,700,0,0,,,,0,0,0,1,0
2335,2024,100,1,1,,,No Previous Data,1,1,1,1,1
2335,2024,200,0,0,,,,1,0,1,1,0
2335,2024,300,0,0,,,,0,0,0,1,0
2335,2024,400,0,0,,,,0,0,0,1,0
2335,2024,500,0,0,,,,0,0,0,0,0
2335,2024,600,0,0,,,,0,0,0,1,0
2335,2024,700,0,0,,,,0,0,0,1,0
2336,2024,100,1,1,700.0,Khác,Switched,1,1,1,1,1
2336,2024,200,0,0,,,,0,0,1,1,0
2336,2024,300,0,0,,,,0,0,1,1,0
2336,2024,400,0,0,,,,0,0,0,1,0
2336,2024,500,0,0,,,,0,0,0,0,0
2336,2024,600,0,0,,,,0,0,0,1,0
2336,2024,700,0,0,,,,1,1,0,1,1
2337,2024,100,1,1,300.0,Không Độ,Switched,1,1,1,1,1
2337,2024,200,0,0,,,,1,0,1,1,0
2337,2024,300,0,0,,,,1,1,1,1,0
2337,2024,400,0,0,,,,0,0,1,1,0
2337,2024,500,0,0,,,,0,0,0,1,0
2337,2024,600,0,0,,,,0,0,0,1,0
2337,2024,700,0,0,,,,0,0,0,0,0
2338,2024,100,0,0,,,,1,1,0,1,0
2338,2024,200,1,1,300.0,Không Độ,Switched,1,1,1,1,1
2338,2024,300,0,0,,,,0,0,1,1,0
2338,2024,400,0,0,,,,0,0,0,1,0
2338,2024,500,0,0,,,,0,0,0,1,0
2338,2024,600,0,0,,,,0,1,1,1,0
2338,2024,700,0,0,,,,1,1,0,1,0
2339,2024,100,0,0,,,,1,0,1,1,0
2339,2024,200,0,0,,,,1,1,1,1,1
2339,2024,300,1,1,200.0,Olong Tea Plus,Switched,1,1,1,1,1
2339,2024,400,0,0,,,,0,0,1,1,0
2339,2024,500,0,0,,,,0,0,0,1,0
2339,2024,600,0,0,,,,0,0,0,1,0
2339,2024,700,0,0,,,,1,0,0,1,0
2340,2024,100,0,0,,,,1,0,1,1,0
2340,2024,200,1,1,,,No Previous Data,1,1,1,1,1
2340,2024,300,0,0,,,,1,0,0,1,0
2340,2024,400,0,0,,,,0,0,0,1,0
2340,2024,500,0,0,,,,0,0,0,0,0
2340,2024,600,0,0,,,,0,0,0,1,0
2340,2024,700,0,0,,,,1,0,0,1,0
2341,2024,100,0,1,200.0,Olong Tea Plus,Switched,1,1,1,1,1
2341,2024,200,1,0,,,,1,1,1,1,1
2341,2024,300,0,0,,,,1,1,0,1,0
2341,2024,400,0,0,,,,0,0,1,1,0
2341,2024,500,0,0,,,,0,0,0,1,0
2341,2024,600,0,0,,,,0,0,0,1,0
2341,2024,700,0,0,,,,0,1,0,1,0
2342,2024,100,1,0,,,,1,1,1,1,1
2342,2024,200,0,1,,,No Previous Data,1,1,1,1,1
2342,2024,300,0,0,,,,0,1,0,1,0
2342,2024,400,0,0,,,,1,0,1,1,0
2342,2024,500,0,0,,,,0,0,0,0,0
2342,2024,600,0,0,,,,0,0,0,1,0
2342,2024,700,0,0,,,,1,1,0,1,0
2343,2024,100,0,0,,,,1,0,1,1,0
2343,2024,200,0,0,,,,0,0,0,1,0
2343,2024,300,0,0,,,,1,1,1,1,1
2343,2024,400,1,1,,,No Previous Data,1,1,1,1,1
2343,2024,500,0,0,,,,0,0,0,1,0
2343,2024,600,0,0,,,,0,0,0,1,0
2343,2024,700,0,0,,,,1,0,0,1,0
2344,2024,100,0,0,,,,0,1,1,1,0
2344,2024,200,1,1,,,No Previous Data,1,1,1,1,1
2344,2024,300,0,0,,,,0,0,1,1,0
2344,2024,400,0,0,,,,0,0,0,1,0
2344,2024,500,0,0,,,,0,0,0,1,0
2344,2024,600,0,0,,,,0,0,0,1,0
2344,2024,700,0,0,,,,0,0,0,1,0
2345,2024,100,0,0,,,,1,0,1,1,0
2345,2024,200,0,0,,,,1,1,1,1,1
2345,2024,300,0,0,,,,0,0,1,1,0
2345,2024,400,1,1,200.0,Olong Tea Plus,Switched,1,1,1,1,1
2345,2024,500,0,0,,,,0,0,0,0,0
2345,2024,600,0,0,,,,0,0,0,1,0
2345,2024,700,0,0,,,,0,0,0,1,0
2346,2024,100,1,1,,,No Previous Data,1,1,1,1,1
2346,2024,200,0,0,,,,1,1,1,1,1
2346,2024,300,0,0,,,,0,0,0,1,0
2346,2024,400,0,0,,,,0,0,1,1,0
2346,2024,500,0,0,,,,0,0,0,0,0
2346,2024,600,0,0,,,,0,0,0,1,0
2346,2024,700,0,0,,,,0,0,0,1,0
2347,2024,100,0,0,,,,0,0,1,1,0
2347,2024,200,0,0,,,,1,0,1,1,0
2347,2024,300,1,1,,,No Previous Data,1,1,1,1,1
2347,2024,400,0,0,,,,0,0,0,1,0
2347,2024,500,0,0,,,,1,0,0,1,0
2347,2024,600,0,0,,,,0,0,0,1,0
2347,2024,700,0,0,,,,0,0,0,1,0
2348,2024,100,1,1,,,No Previous Data,1,1,1,1,1
2348,2024,200,0,0,,,,0,0,1,1,0
2348,2024,300,0,0,,,,0,0,0,1,0
2348,2024,400,0,0,,,,1,1,1,1,1
2348,2024,500,0,0,,,,0,0,0,0,0
2348,2024,600,0,0,,,,0,0,0,1,0
2348,2024,700,0,0,,,,0,0,0,1,0
2349,2024,100,0,0,,,,0,0,1,1,0
2349,2024,200,0,0,,,,1,0,1,1,0
2349,2024,300,1,1,700.0,Khác,Switched,1,1,1,1,1
2349,2024,400,0,0,,,,0,0,1,1,0
2349,2024,500,0,0,,,,0,0,0,1,0
2349,2024,600,0,0,,,,0,0,0,1,0
2349,2024,700,0,0,,,,1,1,0,1,1
2350,2024,100,1,1,,,No Previous Data,1,1,1,1,1
2350,2024,200,0,0,,,,0,0,1,1,0
2350,2024,300,0,0,,,,0,0,0,1,0
2350,2024,400,0,0,,,,0,0,0,1,0
2350,2024,500,0,0,,,,0,0,0,0,0
2350,2024,600,0,0,,,,0,0,0,1,0
2350,2024,700,0,0,,,,0,0,0,1,0
2351,2024,100,0,0,,,,0,0,1,1,0
2351,2024,200,0,0,,,,1,1,1,1,1
2351,2024,300,1,1,200.0,Olong Tea Plus,Switched,1,1,1,1,1
2351,2024,400,0,0,,,,0,0,0,1,0
2351,2024,500,0,0,,,,0,0,0,0,0
2351,2024,600,0,0,,,,0,0,0,1,0
2351,2024,700,0,0,,,,1,0,0,1,0
2352,2024,100,0,0,,,,1,1,1,1,1
2352,2024,200,0,0,,,,1,1,0,1,0
2352,2024,300,1,1,200.0,Olong Tea Plus,Switched,1,1,1,1,1
2352,2024,400,0,0,,,,0,0,1,1,0
2352,2024,500,0,0,,,,0,0,0,1,0
2352,2024,600,0,0,,,,0,0,0,1,0
2352,2024,700,0,0,,,,0,0,0,1,0
2353,2024,100,0,0,,,,0,0,1,1,0
2353,2024,200,0,0,,,,0,0,1,1,0
2353,2024,300,1,1,,,No Previous Data,1,1,1,1,1
2353,2024,400,0,0,,,,0,0,0,1,0
2353,2024,500,0,0,,,,0,1,0,1,0
2353,2024,600,0,0,,,,0,0,0,1,0
2353,2024,700,0,0,,,,0,0,0,1,0
2354,2024,100,0,0,,,,0,1,0,1,0
2354,2024,200,0,0,,,,1,1,1,1,0
2354,2024,300,0,0,,,,1,1,1,1,1
2354,2024,400,1,1,200.0,Olong Tea Plus,Switched,1,1,1,1,1
2354,2024,500,0,0,,,,0,0,0,0,0
2354,2024,600,0,0,,,,0,0,0,0,0
2354,2024,700,0,0,,,,1,1,0,1,0
2355,2024,100,0,0,,,,0,0,1,1,0
2355,2024,200,0,0,,,,0,0,1,1,0
2355,2024,300,1,1,200.0,Olong Tea Plus,Switched,1,1,1,1,1
2355,2024,400,0,0,,,,0,0,0,1,0
2355,2024,500,0,0,,,,0,0,0,1,0
2355,2024,600,0,0,,,,0,0,0,1,0
2355,2024,700,0,0,,,,0,0,0,1,0
2356,2024,100,0,0,,,,1,0,1,1,0
2356,2024,200,0,0,,,,0,1,1,1,0
2356,2024,300,1,1,200.0,Olong Tea Plus,Switched,1,1,1,1,1
2356,2024,400,0,0,,,,0,0,0,1,0
2356,2024,500,0,0,,,,0,0,0,1,0
2356,2024,600,0,0,,,,0,0,0,1,0
2356,2024,700,0,0,,,,0,0,0,1,0
2357,2024,100,0,0,,,,0,0,1,1,0
2357,2024,200,0,0,,,,0,0,0,1,0
2357,2024,300,1,1,,,No Previous Data,1,1,1,1,1
2357,2024,400,0,0,,,,1,1,1,1,1
2357,2024,500,0,0,,,,0,0,0,0,0
2357,2024,600,0,0,,,,0,0,0,1,0
2357,2024,700,0,0,,,,0,0,0,1,0
2358,2024,100,0,0,,,,0,0,1,1,0
2358,2024,200,0,0,,,,0,0,0,1,0
2358,2024,300,1,1,,,No Previous Data,1,1,1,1,1
2358,2024,400,0,0,,,,0,0,0,1,0
2358,2024,500,0,0,,,,0,0,0,0,0
2358,2024,600,0,0,,,,0,0,0,1,0
2358,2024,700,0,0,,,,0,0,0,0,0
2359,2024,100,1,1,,,No Previous Data,1,1,1,1,1
2359,2024,200,0,0,,,,0,0,1,1,0
2359,2024,300,0,0,,,,0,0,1,1,0
2359,2024,400,0,0,,,,0,0,0,1,0
2359,2024,500,0,0,,,,0,0,0,0,0
2359,2024,600,0,0,,,,0,0,0,1,0
2359,2024,700,0,0,,,,0,0,1,1,0
2360,2024,100,0,0,,,,0,0,1,1,0
2360,2024,200,1,1,,,No Previous Data,1,1,1,1,1
2360,2024,300,0,0,,,,0,0,0,1,0
2360,2024,400,0,0,,,,0,0,0,1,0
2360,2024,500,0,0,,,,0,0,0,0,0
2360,2024,600,0,0,,,,0,0,0,1,0
2360,2024,700,0,0,,,,1,1,1,1,0
2361,2024,100,1,1,,,No Previous Data,1,1,1,1,1
2361,2024,200,0,0,,,,0,1,1,1,0
2361,2024,300,0,0,,,,0,0,0,1,0
2361,2024,400,0,0,,,,1,1,1,1,1
2361,2024,500,0,0,,,,0,0,0,1,0
2361,2024,600,0,0,,,,0,0,0,1,0
2361,2024,700,0,0,,,,0,0,0,1,0
2362,2024,100,1,1,200.0,Olong Tea Plus,Switched,1,1,1,1,1
2362,2024,200,0,0,,,,0,0,1,1,0
2362,2024,300,0,0,,,,1,1,1,1,1
2362,2024,400,0,0,,,,1,1,1,1,1
2362,2024,500,0,0,,,,0,0,0,0,0
2362,2024,600,0,0,,,,0,1,0,1,0
2362,2024,700,0,0,,,,0,1,0,1,0
2363,2024,100,1,1,,,No Previous Data,1,1,1,1,1
2363,2024,200,0,0,,,,0,1,1,1,0
2363,2024,300,0,0,,,,0,0,0,1,0
2363,2024,400,0,0,,,,0,0,0,1,0
2363,2024,500,0,0,,,,0,1,0,1,0
2363,2024,600,0,0,,,,0,0,0,1,0
2363,2024,700,0,0,,,,0,0,0,1,0
2364,2024,100,1,1,,,No Previous Data,1,1,1,1,1
2364,2024,200,0,0,,,,0,1,1,1,0
2364,2024,300,0,0,,,,1,1,1,1,1
2364,2024,400,0,0,,,,0,0,1,1,0
2364,2024,500,0,0,,,,0,1,0,1,0
2364,2024,600,0,0,,,,0,0,0,1,0
2364,2024,700,0,0,,,,1,1,0,1,0
2365,2024,100,1,1,,,No Previous Data,1,1,1,1,1
2365,2024,200,0,0,,,,1,1,1,1,1
2365,2024,300,0,0,,,,0,1,0,1,0
2365,2024,400,0,0,,,,0,0,0,1,0
2365,2024,500,0,0,,,,0,0,0,1,0
2365,2024,600,0,0,,,,0,0,0,1,0
2365,2024,700,0,0,,,,0,0,0,1,0
2366,2024,100,0,0,,,,0,0,1,1,0
2366,2024,200,0,0,,,,0,0,1,1,0
2366,2024,300,0,0,,,,0,0,0,1,0
2366,2024,400,1,1,,,No Previous Data,1,1,1,1,1
2366,2024,500,0,0,,,,0,0,0,0,0
2366,2024,600,0,0,,,,0,0,0,1,0
2366,2024,700,0,0,,,,0,0,0,1,0
2367,2024,100,1,1,,,No Previous Data,1,1,1,1,1
2367,2024,200,0,0,,,,1,1,1,1,1
2367,2024,300,0,0,,,,0,1,1,1,0
2367,2024,400,0,0,,,,0,0,1,1,0
2367,2024,500,0,0,,,,0,1,0,1,0
2367,2024,600,0,0,,,,1,1,0,1,1
2367,2024,700,0,0,,,,1,1,0,1,0
2368,2024,100,0,0,,,,0,0,1,1,0
2368,2024,200,0,0,,,,0,0,1,1,0
2368,2024,300,1,1,,,No Previous Data,1,1,1,1,1
2368,2024,400,0,0,,,,0,0,0,1,0
2368,2024,500,0,0,,,,0,0,0,0,0
2368,2024,600,0,0,,,,0,0,0,1,0
2368,2024,700,0,0,,,,0,0,0,1,0
2369,2024,100,1,1,,,No Previous Data,1,1,1,1,1
2369,2024,200,0,0,,,,0,1,1,1,0
2369,2024,300,0,0,,,,1,1,0,1,1
2369,2024,400,0,0,,,,0,0,1,1,0
2369,2024,500,0,0,,,,0,1,0,1,0
2369,2024,600,0,0,,,,0,0,0,1,0
2369,2024,700,0,0,,,,0,1,0,1,0
2370,2024,100,1,1,,,No Previous Data,1,1,1,1,1
2370,2024,200,0,0,,,,0,1,1,1,0
2370,2024,300,0,0,,,,1,1,1,1,0
2370,2024,400,0,0,,,,0,0,1,1,0
2370,2024,500,0,0,,,,0,1,0,1,0
2370,2024,600,0,0,,,,0,1,0,1,0
2370,2024,700,0,0,,,,1,1,0,1,0
2371,2024,100,1,1,,,No Previous Data,1,1,1,1,1
2371,2024,200,0,0,,,,0,0,1,1,0
2371,2024,300,0,0,,,,0,0,1,1,0
2371,2024,400,0,0,,,,1,1,1,1,1
2371,2024,500,0,0,,,,0,0,0,1,0
2371,2024,600,0,0,,,,0,0,0,1,0
2371,2024,700,0,0,,,,0,0,0,1,0
2372,2024,100,1,1,200.0,Olong Tea Plus,Switched,1,1,1,1,1
2372,2024,200,0,0,,,,1,1,1,1,1
2372,2024,300,0,0,,,,0,0,0,1,0
2372,2024,400,0,0,,,,0,0,0,1,0
2372,2024,500,0,0,,,,0,1,0,1,0
2372,2024,600,0,0,,,,0,0,0,1,0
2372,2024,700,0,0,,,,1,1,0,1,0
2373,2024,100,1,1,,,No Previous Data,1,1,1,1,1
2373,2024,200,0,0,,,,1,1,1,1,1
2373,2024,300,0,0,,,,0,1,0,1,0
2373,2024,400,0,0,,,,1,1,1,1,1
2373,2024,500,0,0,,,,0,1,0,1,0
2373,2024,600,0,0,,,,0,0,0,1,0
2373,2024,700,0,0,,,,1,1,0,1,0
2374,2024,100,1,0,,,,1,1,1,1,1
2374,2024,200,0,1,100.0,C2,Switched,1,1,0,1,1
2374,2024,300,0,0,,,,0,0,0,0,0
2374,2024,400,0,0,,,,0,0,0,0,0
2374,2024,500,0,0,,,,0,0,0,0,0
2374,2024,600,0,0,,,,0,0,0,0,0
2374,2024,700,0,0,,,,0,0,0,0,0
2375,2024,100,0,0,,,,1,1,0,1,1
2375,2024,200,1,1,,,No Previous Data,1,1,1,1,1
2375,2024,300,0,0,,,,0,1,0,1,0
2375,2024,400,0,0,,,,0,0,0,0,0
2375,2024,500,0,0,,,,1,1,0,1,1
2375,2024,600,0,0,,,,0,0,0,0,0
2375,2024,700,0,0,,,,1,1,0,1,1
2376,2024,100,0,0,,,,1,1,1,1,1
2376,2024,200,0,0,,,,1,1,1,1,0
2376,2024,300,1,0,,,,1,1,1,1,1
2376,2024,400,0,0,,,,0,0,0,1,0
2376,2024,500,0,0,,,,1,1,0,1,0
2376,2024,600,0,1,100.0,C2,Switched,1,1,0,1,1
2376,2024,700,0,0,,,,0,0,0,0,0
2377,2024,100,0,0,,,,0,0,0,1,0
2377,2024,200,0,0,,,,0,1,0,1,0
2377,2024,300,1,1,100.0,C2,Switched,1,1,1,1,1
2377,2024,400,0,0,,,,0,0,0,1,0
2377,2024,500,0,0,,,,0,0,0,1,0
2377,2024,600,0,0,,,,0,0,0,1,0
2377,2024,700,0,0,,,,0,0,0,1,0
2378,2024,100,1,1,,,No Previous Data,1,1,1,1,1
2378,2024,200,0,0,,,,1,1,0,1,1
2378,2024,300,0,0,,,,1,1,0,1,1
2378,2024,400,0,0,,,,1,1,0,1,1
2378,2024,500,0,0,,,,0,0,0,0,0
2378,2024,600,0,0,,,,0,0,0,0,0
2378,2024,700,0,0,,,,0,0,0,0,0
2379,2024,100,0,0,,,,1,1,1,1,1
2379,2024,200,1,1,100.0,C2,Switched,1,1,1,1,1
2379,2024,300,0,0,,,,1,1,1,1,1
2379,2024,400,0,0,,,,0,0,0,1,0
2379,2024,500,0,0,,,,0,0,0,1,0
2379,2024,600,0,0,,,,0,0,0,1,0
2379,2024,700,0,0,,,,0,0,0,1,0
2380,2024,100,0,0,,,,1,1,1,1,1
2380,2024,200,0,0,,,,0,0,0,0,0
2380,2024,300,1,1,700.0,Khác,Switched,1,1,1,1,1
2380,2024,400,0,0,,,,0,0,0,0,0
2380,2024,500,0,0,,,,0,0,0,0,0
2380,2024,600,0,0,,,,0,0,0,0,0
2380,2024,700,0,0,,,,1,1,1,1,1
2381,2024,100,1,1,,,No Previous Data,1,1,1,1,1
2381,2024,200,0,0,,,,1,1,0,1,0
2381,2024,300,0,0,,,,0,0,0,0,0
2381,2024,400,0,0,,,,1,1,0,1,1
2381,2024,500,0,0,,,,0,0,0,0,0
2381,2024,600,0,0,,,,0,0,0,0,0
2381,2024,700,0,0,,,,0,0,0,0,0
2382,2024,100,1,1,,,No Previous Data,1,1,1,1,1
2382,2024,200,0,0,,,,1,1,0,1,1
2382,2024,300,0,0,,,,0,0,0,0,0
2382,2024,400,0,0,,,,1,1,0,1,1
2382,2024,500,0,0,,,,0,0,0,0,0
2382,2024,600,0,0,,,,0,0,0,0,0
2382,2024,700,0,0,,,,0,0,0,0,0
2383,2024,100,0,1,200.0,Olong Tea Plus,Switched,1,1,1,1,1
2383,2024,200,0,0,,,,1,1,1,1,1
2383,2024,300,1,0,,,,1,1,1,1,1
2383,2024,400,0,0,,,,0,1,0,1,0
2383,2024,500,0,0,,,,0,0,0,1,0
2383,2024,600,0,0,,,,0,0,0,0,0
2383,2024,700,0,0,,,,0,1,0,1,0
2384,2024,100,1,0,,,,1,1,1,1,1
2384,2024,200,0,0,,,,1,1,0,1,1
2384,2024,300,0,0,,,,0,0,0,0,0
2384,2024,400,0,0,,,,0,0,0,0,0
2384,2024,500,0,1,,,No Previous Data,1,1,0,1,1
2384,2024,600,0,0,,,,0,0,0,0,0
2384,2024,700,0,0,,,,1,1,0,1,1
2385,2024,100,1,0,,,,1,0,1,1,0
2385,2024,200,0,0,,,,0,0,1,1,0
2385,2024,300,0,0,,,,1,1,0,1,1
2385,2024,400,0,0,,,,0,0,0,1,0
2385,2024,500,0,1,100.0,C2,Switched,1,1,1,1,1
2385,2024,600,0,0,,,,0,0,0,1,0
2385,2024,700,0,0,,,,0,0,0,1,0
2386,2024,100,0,0,,,,1,1,1,1,0
2386,2024,200,0,0,,,,1,1,1,1,0
2386,2024,300,1,1,100.0,C2,Switched,1,1,1,1,1
2386,2024,400,0,0,,,,0,0,1,1,0
2386,2024,500,0,0,,,,0,1,0,1,0
2386,2024,600,0,0,,,,0,0,0,1,0
2386,2024,700,0,0,,,,1,0,0,1,0
2387,2024,100,1,1,,,No Previous Data,1,1,1,1,1
2387,2024,200,0,0,,,,1,1,1,1,1
2387,2024,300,0,0,,,,0,0,0,1,0
2387,2024,400,0,0,,,,0,0,1,1,0
2387,2024,500,0,0,,,,0,1,0,1,0
2387,2024,600,0,0,,,,0,0,0,1,0
2387,2024,700,0,0,,,,0,1,0,1,0
2388,2024,100,0,0,,,,0,0,1,1,0
2388,2024,200,0,0,,,,1,1,1,1,1
2388,2024,300,1,1,,,No Previous Data,1,1,1,1,1
2388,2024,400,0,0,,,,0,0,0,1,0
2388,2024,500,0,0,,,,0,1,0,1,0
2388,2024,600,0,0,,,,0,0,0,1,0
2388,2024,700,0,0,,,,0,0,0,1,0
2389,2024,100,1,1,,,No Previous Data,1,1,1,1,1
2389,2024,200,0,0,,,,0,0,1,1,0
2389,2024,300,0,0,,,,0,0,0,1,0
2389,2024,400,0,0,,,,0,0,0,1,0
2389,2024,500,0,0,,,,0,0,0,1,0
2389,2024,600,0,0,,,,0,0,0,1,0
2389,2024,700,0,0,,,,0,0,0,1,0
2390,2024,100,1,1,,,No Previous Data,1,1,1,1,1
2390,2024,200,0,0,,,,0,0,1,1,0
2390,2024,300,0,0,,,,0,0,0,1,0
2390,2024,400,0,0,,,,0,0,0,1,0
2390,2024,500,0,0,,,,0,0,0,0,0
2390,2024,600,0,0,,,,0,0,0,1,0
2390,2024,700,0,0,,,,0,0,0,1,0
2391,2024,100,0,0,,,,1,1,1,1,1
2391,2024,200,0,0,,,,0,0,1,1,0
2391,2024,300,0,0,,,,1,1,1,1,0
2391,2024,400,1,1,,,No Previous Data,1,1,1,1,1
2391,2024,500,0,0,,,,0,0,0,0,0
2391,2024,600,0,0,,,,0,0,0,1,0
2391,2024,700,0,0,,,,0,0,0,1,0
2392,2024,100,1,1,,,No Previous Data,1,1,1,1,1
2392,2024,200,0,0,,,,0,0,1,1,0
2392,2024,300,0,0,,,,1,1,1,1,1
2392,2024,400,0,0,,,,1,1,1,1,1
2392,2024,500,0,0,,,,0,0,0,0,0
2392,2024,600,0,0,,,,0,0,0,0,0
2392,2024,700,0,0,,,,0,1,0,1,0
2393,2024,100,1,1,,,No Previous Data,1,1,1,1,1
2393,2024,200,0,0,,,,1,0,1,1,0
2393,2024,300,0,0,,,,0,0,0,1,0
2393,2024,400,0,0,,,,0,0,0,1,0
2393,2024,500,0,0,,,,0,0,0,0,0
2393,2024,600,0,0,,,,0,0,0,1,0
2393,2024,700,0,0,,,,0,0,0,1,0
2394,2024,100,0,0,,,,0,0,1,1,0
2394,2024,200,0,0,,,,0,0,1,1,0
2394,2024,300,1,1,100.0,C2,Switched,1,1,1,1,1
2394,2024,400,0,0,,,,0,0,0,1,0
2394,2024,500,0,0,,,,0,0,0,1,0
2394,2024,600,0,0,,,,0,0,0,1,0
2394,2024,700,0,0,,,,0,0,0,1,0
2395,2024,100,1,1,,,No Previous Data,1,1,1,1,1
2395,2024,200,0,0,,,,0,1,1,1,0
2395,2024,300,0,0,,,,0,1,0,1,0
2395,2024,400,0,0,,,,1,0,1,1,0
2395,2024,500,0,0,,,,0,0,0,0,0
2395,2024,600,0,0,,,,0,0,0,1,0
2395,2024,700,0,0,,,,0,0,0,1,0
2396,2024,100,1,1,,,No Previous Data,1,1,1,1,1
2396,2024,200,0,0,,,,1,1,1,1,0
2396,2024,300,0,0,,,,1,1,1,1,0
2396,2024,400,0,0,,,,1,1,1,1,1
2396,2024,500,0,0,,,,0,1,0,1,0
2396,2024,600,0,0,,,,0,1,0,1,0
2396,2024,700,0,0,,,,0,0,0,0,0
2397,2024,100,0,0,,,,1,1,1,1,1
2397,2024,200,1,1,,,No Previous Data,1,1,1,1,1
2397,2024,300,0,0,,,,0,1,1,1,0
2397,2024,400,0,0,,,,0,0,1,1,0
2397,2024,500,0,0,,,,0,1,0,1,0
2397,2024,600,0,0,,,,0,0,0,1,0
2397,2024,700,0,0,,,,0,0,0,1,0
2398,2024,100,1,1,,,No Previous Data,1,1,1,1,1
2398,2024,200,0,0,,,,1,1,1,1,1
2398,2024,300,0,0,,,,1,1,1,1,0
2398,2024,400,0,0,,,,0,0,1,1,0
2398,2024,500,0,0,,,,0,0,0,0,0
2398,2024,600,0,0,,,,0,0,0,1,0
2398,2024,700,0,0,,,,0,1,0,1,0
2399,2024,100,1,1,,,No Previous Data,1,1,1,1,1
2399,2024,200,0,0,,,,0,0,1,1,0
2399,2024,300,0,0,,,,0,1,1,1,0
2399,2024,400,0,0,,,,1,1,1,1,0
2399,2024,500,0,0,,,,0,0,0,0,0
2399,2024,600,0,0,,,,0,0,0,1,0
2399,2024,700,0,0,,,,0,0,0,1,0
2400,2024,100,1,1,,,No Previous Data,1,1,1,1,1
2400,2024,200,0,0,,,,0,1,1,1,0
2400,2024,300,0,0,,,,0,1,1,1,0
2400,2024,400,0,0,,,,0,0,0,1,0
2400,2024,500,0,0,,,,0,0,0,1,0
2400,2024,600,0,0,,,,0,0,0,1,0
2400,2024,700,0,0,,,,0,0,0,1,0
2401,2024,100,0,0,,,,0,1,0,1,0
2401,2024,200,0,0,,,,0,0,0,1,0
2401,2024,300,1,1,,,No Previous Data,1,1,1,1,1
2401,2024,400,0,0,,,,1,1,1,1,1
2401,2024,500,0,0,,,,0,0,0,1,0
2401,2024,600,0,0,,,,0,0,0,1,0
2401,2024,700,0,0,,,,0,0,0,1,0
2402,2024,100,1,1,,,No Previous Data,1,1,1,1,1
2402,2024,200,0,0,,,,0,0,1,1,0
2402,2024,300,0,0,,,,1,1,1,1,1
2402,2024,400,0,0,,,,0,0,0,1,0
2402,2024,500,0,0,,,,0,0,0,1,0
2402,2024,600,0,0,,,,1,1,0,1,0
2402,2024,700,0,0,,,,1,1,0,1,0
2403,2024,100,0,0,,,,0,0,0,1,0
2403,2024,200,0,0,,,,0,0,0,1,0
2403,2024,300,1,1,200.0,Olong Tea Plus,Switched,1,1,1,1,1
2403,2024,400,0,0,,,,0,0,0,1,0
2403,2024,500,0,0,,,,0,0,0,0,0
2403,2024,600,0,0,,,,0,1,0,1,0
2403,2024,700,0,0,,,,0,0,0,1,0
2404,2024,100,0,0,,,,0,1,0,1,0
2404,2024,200,0,0,,,,1,0,1,1,0
2404,2024,300,0,0,,,,0,0,0,1,0
2404,2024,400,1,1,,,No Previous Data,1,1,1,1,1
2404,2024,500,0,0,,,,0,0,0,0,0
2404,2024,600,0,0,,,,0,0,0,0,0
2404,2024,700,0,0,,,,0,0,0,1,0
2405,2024,100,0,0,,,,0,0,1,1,0
2405,2024,200,1,1,,,No Previous Data,1,1,1,1,1
2405,2024,300,0,0,,,,0,0,1,1,0
2405,2024,400,0,0,,,,0,0,0,1,0
2405,2024,500,0,0,,,,0,0,0,1,0
2405,2024,600,0,0,,,,0,0,0,1,0
2405,2024,700,0,0,,,,0,0,0,0,0
2406,2024,100,1,1,,,No Previous Data,1,1,1,1,1
2406,2024,200,0,0,,,,1,0,1,1,0
2406,2024,300,0,0,,,,0,0,0,1,0
2406,2024,400,0,0,,,,1,0,0,1,0
2406,2024,500,0,0,,,,0,0,0,1,0
2406,2024,600,0,0,,,,0,0,0,1,0
2406,2024,700,0,0,,,,0,0,0,1,0
2407,2024,100,1,0,,,,0,1,1,1,0
2407,2024,200,0,1,,,No Previous Data,1,1,1,1,1
2407,2024,300,0,0,,,,0,1,0,1,0
2407,2024,400,0,0,,,,0,0,0,1,0
2407,2024,500,0,0,,,,0,0,0,1,0
2407,2024,600,0,0,,,,0,0,0,1,0
2407,2024,700,0,0,,,,0,0,0,1,0
2408,2024,100,0,0,,,,0,1,1,1,0
2408,2024,200,0,0,,,,0,1,0,1,0
2408,2024,300,1,1,,,No Previous Data,1,1,1,1,1
2408,2024,400,0,0,,,,0,0,0,1,0
2408,2024,500,0,0,,,,0,0,0,0,0
2408,2024,600,0,0,,,,1,1,0,1,1
2408,2024,700,0,0,,,,1,1,0,1,0
2409,2024,100,0,0,,,,0,0,0,1,0
2409,2024,200,0,0,,,,0,0,1,1,0
2409,2024,300,0,0,,,,0,0,0,1,0
2409,2024,400,1,1,,,No Previous Data,1,1,1,1,1
2409,2024,500,0,0,,,,0,0,0,0,0
2409,2024,600,0,0,,,,0,0,0,0,0
2409,2024,700,0,0,,,,0,0,0,1,0
2410,2024,100,0,0,,,,0,0,1,1,0
2410,2024,200,1,1,,,No Previous Data,1,1,1,1,1
2410,2024,300,0,0,,,,0,1,1,1,0
2410,2024,400,0,0,,,,0,0,0,1,0
2410,2024,500,0,0,,,,0,0,0,1,0
2410,2024,600,0,0,,,,0,0,0,0,0
2410,2024,700,0,0,,,,0,1,0,1,0
2411,2024,100,1,1,,,No Previous Data,1,1,1,1,1
2411,2024,200,0,0,,,,0,0,1,1,0
2411,2024,300,0,0,,,,0,0,1,1,0
2411,2024,400,0,0,,,,0,0,0,1,0
2411,2024,500,0,0,,,,0,0,0,0,0
2411,2024,600,0,0,,,,0,0,0,1,0
2411,2024,700,0,0,,,,0,0,0,1,0
2412,2024,100,0,0,,,,0,0,1,1,0
2412,2024,200,1,1,,,No Previous Data,1,1,1,1,1
2412,2024,300,0,0,,,,0,0,0,1,0
2412,2024,400,0,0,,,,0,0,0,1,0
2412,2024,500,0,0,,,,0,0,0,0,0
2412,2024,600,0,0,,,,0,0,0,0,0
2412,2024,700,0,0,,,,0,0,0,1,0
2413,2024,100,1,1,,,No Previous Data,1,1,1,1,1
2413,2024,200,0,0,,,,0,0,0,1,0
2413,2024,300,0,0,,,,0,0,1,1,0
2413,2024,400,0,0,,,,0,0,0,1,0
2413,2024,500,0,0,,,,0,0,0,0,0
2413,2024,600,0,0,,,,0,0,0,0,0
2413,2024,700,0,0,,,,0,0,0,0,0
2414,2024,100,1,1,200.0,Olong Tea Plus,Switched,1,1,1,1,1
2414,2024,200,0,0,,,,1,1,1,1,0
2414,2024,300,0,0,,,,0,1,0,1,0
2414,2024,400,0,0,,,,1,0,0,1,0
2414,2024,500,0,0,,,,0,0,0,1,0
2414,2024,600,0,0,,,,0,0,0,1,0
2414,2024,700,0,0,,,,0,0,0,0,0
2415,2024,100,0,0,,,,0,0,1,1,0
2415,2024,200,0,0,,,,0,0,1,1,0
2415,2024,300,1,1,,,No Previous Data,1,1,1,1,1
2415,2024,400,0,0,,,,0,0,0,1,0
2415,2024,500,0,0,,,,0,0,0,0,0
2415,2024,600,0,0,,,,0,0,0,1,0
2415,2024,700,0,0,,,,0,0,0,1,0
2416,2024,100,1,1,200.0,Olong Tea Plus,Switched,1,1,1,1,1
2416,2024,200,0,0,,,,1,1,1,1,1
2416,2024,300,0,0,,,,0,0,0,1,0
2416,2024,400,0,0,,,,0,0,0,1,0
2416,2024,500,0,0,,,,0,0,0,0,0
2416,2024,600,0,0,,,,0,0,0,1,0
2416,2024,700,0,0,,,,0,0,0,1,0
2417,2024,100,0,0,,,,0,0,0,1,0
2417,2024,200,0,0,,,,0,0,1,1,0
2417,2024,300,1,1,,,No Previous Data,1,1,1,1,1
2417,2024,400,0,0,,,,0,0,0,1,0
2417,2024,500,0,0,,,,0,0,0,0,0
2417,2024,600,0,0,,,,0,0,0,1,0
2417,2024,700,0,0,,,,0,0,0,0,0
2418,2024,100,0,0,,,,1,1,1,1,1
2418,2024,200,1,1,,,No Previous Data,1,1,1,1,1
2418,2024,300,0,0,,,,0,1,0,1,0
2418,2024,400,0,0,,,,0,0,0,1,0
2418,2024,500,0,0,,,,0,0,0,0,0
2418,2024,600,0,0,,,,0,0,0,1,0
2418,2024,700,0,0,,,,0,0,0,1,0
2419,2024,100,0,0,,,,1,1,1,1,1
2419,2024,200,0,0,,,,1,1,1,1,1
2419,2024,300,0,1,100.0,C2,Switched,1,1,1,1,1
2419,2024,400,0,0,,,,0,1,0,1,0
2419,2024,500,0,0,,,,0,0,0,0,0
2419,2024,600,0,0,,,,0,0,0,0,0
2419,2024,700,0,0,,,,0,1,0,1,0
2420,2024,100,0,0,,,,0,1,1,1,0
2420,2024,200,0,0,,,,0,0,0,1,0
2420,2024,300,0,0,,,,0,0,0,1,0
2420,2024,400,1,1,,,No Previous Data,1,1,1,1,1
2420,2024,500,0,0,,,,0,0,0,1,0
2420,2024,600,0,0,,,,0,0,0,1,0
2420,2024,700,0,0,,,,0,0,0,1,0
2421,2024,100,0,0,,,,0,0,1,1,0
2421,2024,200,0,0,,,,0,0,1,1,0
2421,2024,300,1,1,,,No Previous Data,1,1,1,1,1
2421,2024,400,0,0,,,,0,0,0,1,0
2421,2024,500,0,0,,,,0,0,0,0,0
2421,2024,600,0,0,,,,0,0,0,1,0
2421,2024,700,0,0,,,,0,0,0,1,0
2422,2024,100,1,1,,,No Previous Data,1,1,1,1,1
2422,2024,200,0,0,,,,0,0,0,1,0
2422,2024,300,0,0,,,,0,1,1,1,0
2422,2024,400,0,0,,,,0,0,0,1,0
2422,2024,500,0,0,,,,0,0,0,1,0
2422,2024,600,0,0,,,,0,0,0,1,0
2422,2024,700,0,0,,,,0,0,0,1,0
2423,2024,100,1,1,,,No Previous Data,1,1,1,1,1
2423,2024,200,0,0,,,,0,0,0,1,0
2423,2024,300,0,0,,,,1,1,1,1,1
2423,2024,400,0,0,,,,0,0,0,1,0
2423,2024,500,0,0,,,,0,0,0,0,0
2423,2024,600,0,0,,,,0,0,0,1,0
2423,2024,700,0,0,,,,0,0,0,0,0
2424,2024,100,0,0,,,,0,0,0,1,0
2424,2024,200,0,0,,,,0,0,0,0,0
2424,2024,300,1,1,,,No Previous Data,1,1,1,1,1
2424,2024,400,0,0,,,,0,0,0,1,0
2424,2024,500,0,0,,,,0,0,0,0,0
2424,2024,600,0,0,,,,0,0,0,1,0
2424,2024,700,0,0,,,,0,0,0,0,0
2425,2024,100,1,1,,,No Previous Data,1,1,1,1,1
2425,2024,200,0,0,,,,1,1,1,1,1
2425,2024,300,0,0,,,,0,1,0,1,0
2425,2024,400,0,0,,,,0,1,1,1,0
2425,2024,500,0,0,,,,0,0,0,1,0
2425,2024,600,0,0,,,,0,0,1,1,0
2425,2024,700,0,0,,,,0,0,0,1,0
2426,2024,100,1,1,,,No Previous Data,1,1,1,1,1
2426,2024,200,0,0,,,,1,0,1,1,0
2426,2024,300,0,0,,,,0,0,0,1,0
2426,2024,400,0,0,,,,0,0,1,1,0
2426,2024,500,0,0,,,,0,0,0,0,0
2426,2024,600,0,0,,,,0,0,0,1,0
2426,2024,700,0,0,,,,0,0,0,1,0
2427,2024,100,0,0,,,,0,0,1,1,0
2427,2024,200,1,1,,,No Previous Data,1,1,1,1,1
2427,2024,300,0,0,,,,0,0,0,1,0
2427,2024,400,0,0,,,,0,0,0,1,0
2427,2024,500,0,0,,,,0,0,0,0,0
2427,2024,600,0,0,,,,0,0,0,1,0
2427,2024,700,0,0,,,,0,0,0,1,0
2428,2024,100,1,1,,,No Previous Data,1,1,1,1,1
2428,2024,200,0,0,,,,0,0,1,1,0
2428,2024,300,0,0,,,,0,0,1,1,0
2428,2024,400,0,0,,,,0,0,1,1,0
2428,2024,500,0,0,,,,0,0,0,1,0
2428,2024,600,0,0,,,,0,0,0,1,0
2428,2024,700,0,0,,,,0,0,0,1,0
2429,2024,100,0,0,,,,0,0,1,1,0
2429,2024,200,0,0,,,,0,0,1,1,0
2429,2024,300,1,1,,,No Previous Data,1,1,1,1,1
2429,2024,400,0,0,,,,0,0,0,1,0
2429,2024,500,0,0,,,,0,0,0,0,0
2429,2024,600,0,0,,,,0,0,0,1,0
2429,2024,700,0,0,,,,0,0,0,1,0
2430,2024,100,0,0,,,,0,0,1,1,0
2430,2024,200,1,1,,,No Previous Data,1,1,1,1,1
2430,2024,300,0,0,,,,0,0,1,1,0
2430,2024,400,0,0,,,,0,0,1,1,0
2430,2024,500,0,0,,,,0,0,0,1,0
2430,2024,600,0,0,,,,0,0,0,1,0
2430,2024,700,0,0,,,,0,0,0,1,0
2431,2024,100,1,1,,,No Previous Data,1,1,1,1,1
2431,2024,200,0,0,,,,0,0,1,1,0
2431,2024,300,0,0,,,,0,0,1,1,0
2431,2024,400,0,0,,,,0,0,1,1,0
2431,2024,500,0,0,,,,0,0,0,1,0
2431,2024,600,0,0,,,,0,0,0,1,0
2431,2024,700,0,0,,,,0,0,0,1,0
2432,2024,100,0,0,,,,1,1,1,1,1
2432,2024,200,1,1,,,No Previous Data,1,1,1,1,1
2432,2024,300,0,0,,,,0,0,1,1,0
2432,2024,400,0,0,,,,1,0,1,1,0
2432,2024,500,0,0,,,,0,1,0,1,0
2432,2024,600,0,0,,,,0,0,0,1,0
2432,2024,700,0,0,,,,0,0,0,1,0
2433,2024,100,1,1,,,No Previous Data,1,1,1,1,1
2433,2024,200,0,0,,,,1,1,1,1,1
2433,2024,300,0,0,,,,0,0,0,1,0
2433,2024,400,0,0,,,,0,0,0,1,0
2433,2024,500,0,0,,,,0,0,0,0,0
2433,2024,600,0,0,,,,0,0,0,1,0
2433,2024,700,0,0,,,,0,0,0,1,0
2434,2024,100,0,0,,,,0,0,1,1,0
2434,2024,200,1,1,,,No Previous Data,1,1,1,1,1
2434,2024,300,0,0,,,,0,0,0,1,0
2434,2024,400,0,0,,,,0,0,1,1,0
2434,2024,500,0,0,,,,0,0,0,0,0
2434,2024,600,0,0,,,,0,0,0,1,0
2434,2024,700,0,0,,,,0,0,0,1,0
2435,2024,100,1,1,,,No Previous Data,1,1,1,1,1
2435,2024,200,0,0,,,,0,0,1,1,0
2435,2024,300,0,0,,,,1,1,1,1,1
2435,2024,400,0,0,,,,0,0,1,1,0
2435,2024,500,0,0,,,,0,0,0,1,0
2435,2024,600,0,0,,,,0,0,0,1,0
2435,2024,700,0,0,,,,0,0,0,1,0
2436,2024,100,1,1,,,No Previous Data,1,1,1,1,1
2436,2024,200,0,0,,,,1,1,1,1,1
2436,2024,300,0,0,,,,1,0,1,1,0
2436,2024,400,0,0,,,,0,0,0,1,0
2436,2024,500,0,0,,,,0,0,0,1,0
2436,2024,600,0,0,,,,0,0,0,1,0
2436,2024,700,0,0,,,,0,0,1,1,0
2437,2024,100,0,0,,,,1,1,1,1,1
2437,2024,200,0,0,,,,1,0,1,1,0
2437,2024,300,0,0,,,,0,0,1,1,0
2437,2024,400,1,1,,,No Previous Data,1,1,1,1,1
2437,2024,500,0,0,,,,0,0,0,1,0
2437,2024,600,0,0,,,,0,0,0,1,0
2437,2024,700,0,0,,,,0,0,0,1,0
2438,2024,100,1,1,,,No Previous Data,1,1,1,1,1
2438,2024,200,0,0,,,,1,0,1,1,0
2438,2024,300,0,0,,,,0,0,0,1,0
2438,2024,400,0,0,,,,0,0,0,1,0
2438,2024,500,0,0,,,,0,0,0,0,0
2438,2024,600,0,0,,,,0,0,0,1,0
2438,2024,700,0,0,,,,0,0,0,1,0
2439,2024,100,0,0,,,,1,1,1,1,1
2439,2024,200,0,0,,,,0,1,1,1,0
2439,2024,300,1,1,100.0,C2,Switched,1,1,1,1,1
2439,2024,400,0,0,,,,1,1,0,1,1
2439,2024,500,0,0,,,,0,0,0,0,0
2439,2024,600,0,0,,,,0,0,0,0,0
2439,2024,700,0,0,,,,0,0,0,0,0
2440,2024,100,1,1,,,No Previous Data,1,1,1,1,1
2440,2024,200,0,0,,,,1,1,0,1,1
2440,2024,300,0,0,,,,0,0,0,0,0
2440,2024,400,0,0,,,,0,1,0,1,0
2440,2024,500,0,0,,,,1,1,0,1,1
2440,2024,600,0,0,,,,0,0,0,0,0
2440,2024,700,0,0,,,,0,1,0,1,0
2441,2024,100,1,0,,,,1,1,1,1,1
2441,2024,200,0,0,,,,1,1,0,1,1
2441,2024,300,0,0,,,,0,1,0,1,0
2441,2024,400,0,0,,,,0,0,0,0,0
2441,2024,500,0,0,,,,1,1,0,1,0
2441,2024,600,0,0,,,,0,0,0,0,0
2441,2024,700,0,1,,,No Previous Data,1,1,0,1,1
2442,2024,100,1,0,,,,1,1,1,1,1
2442,2024,200,0,0,,,,1,1,0,1,1
2442,2024,300,0,0,,,,0,1,0,1,0
2442,2024,400,0,0,,,,0,0,0,0,0
2442,2024,500,0,0,,,,1,1,0,1,0
2442,2024,600,0,0,,,,0,0,0,0,0
2442,2024,700,0,1,,,No Previous Data,1,1,0,1,1
2443,2024,100,0,0,,,,0,0,0,1,0
2443,2024,200,0,1,300.0,Không Độ,Switched,1,1,1,1,1
2443,2024,300,1,0,,,,1,1,1,1,1
2443,2024,400,0,0,,,,0,0,0,1,0
2443,2024,500,0,0,,,,0,0,0,1,0
2443,2024,600,0,0,,,,1,1,0,1,0
2443,2024,700,0,0,,,,0,0,0,1,0
2444,2024,100,1,1,700.0,Khác,Switched,1,1,1,1,1
2444,2024,200,0,0,,,,1,1,0,1,1
2444,2024,300,0,0,,,,0,0,0,0,0
2444,2024,400,0,0,,,,0,0,0,0,0
2444,2024,500,0,0,,,,1,1,0,1,1
2444,2024,600,0,0,,,,0,0,0,0,0
2444,2024,700,0,0,,,,1,1,0,1,0
2445,2024,100,1,0,,,,1,1,1,1,1
2445,2024,200,0,0,,,,1,1,0,1,1
2445,2024,300,0,0,,,,0,0,0,0,0
2445,2024,400,0,0,,,,0,0,0,0,0
2445,2024,500,0,0,,,,1,1,0,1,1
2445,2024,600,0,0,,,,0,0,0,0,0
2445,2024,700,0,1,,,No Previous Data,1,1,0,1,1
2446,2024,100,1,1,,,No Previous Data,1,1,1,1,1
2446,2024,200,0,0,,,,1,1,1,1,1
2446,2024,300,0,0,,,,0,0,0,0,0
2446,2024,400,0,0,,,,1,1,0,1,1
2446,2024,500,0,0,,,,0,0,0,0,0
2446,2024,600,0,0,,,,0,0,0,0,0
2446,2024,700,0,0,,,,0,0,0,0,0
2447,2024,100,1,1,,,No Previous Data,1,1,1,1,1
2447,2024,200,0,0,,,,1,1,0,1,1
2447,2024,300,0,0,,,,0,0,0,0,0
2447,2024,400,0,0,,,,1,1,0,1,1
2447,2024,500,0,0,,,,0,0,0,0,0
2447,2024,600,0,0,,,,0,0,0,0,0
2447,2024,700,0,0,,,,0,0,0,0,0
2448,2024,100,1,0,,,,1,1,1,1,1
2448,2024,200,0,0,,,,1,1,0,1,1
2448,2024,300,0,0,,,,1,1,0,1,0
2448,2024,400,0,0,,,,0,0,0,0,0
2448,2024,500,0,0,,,,0,1,0,1,0
2448,2024,600,0,0,,,,0,0,0,0,0
2448,2024,700,0,1,,,No Previous Data,1,1,0,1,1
2449,2024,100,1,0,,,,1,1,1,1,1
2449,2024,200,0,0,,,,1,1,0,1,1
2449,2024,300,0,0,,,,0,0,0,0,0
2449,2024,400,0,0,,,,0,0,0,0,0
2449,2024,500,0,1,,,No Previous Data,1,1,0,1,1
2449,2024,600,0,0,,,,0,0,0,0,0
2449,2024,700,0,0,,,,1,1,0,1,1
2450,2024,100,1,1,,,No Previous Data,1,1,1,1,1
2450,2024,200,0,0,,,,1,1,0,1,1
2450,2024,300,0,0,,,,1,1,0,1,0
2450,2024,400,0,0,,,,0,0,0,0,0
2450,2024,500,0,0,,,,1,1,0,1,0
2450,2024,600,0,0,,,,0,0,0,0,0
2450,2024,700,0,0,,,,0,0,0,0,0
2451,2024,100,1,1,,,No Previous Data,1,1,1,1,1
2451,2024,200,0,0,,,,1,1,1,1,1
2451,2024,300,0,0,,,,0,0,0,0,0
2451,2024,400,0,0,,,,1,1,0,1,1
2451,2024,500,0,0,,,,0,0,0,0,0
2451,2024,600,0,0,,,,0,0,0,0,0
2451,2024,700,0,0,,,,0,0,0,0,0
2452,2024,100,0,0,,,,1,1,0,1,1
2452,2024,200,0,0,,,,1,1,0,1,1
2452,2024,300,1,0,,,,0,1,1,1,0
2452,2024,400,0,0,,,,0,0,0,0,0
2452,2024,500,0,1,200.0,Olong Tea Plus,Switched,1,1,0,1,1
2452,2024,600,0,0,,,,0,0,0,0,0
2452,2024,700,0,0,,,,1,1,0,1,0
2453,2024,100,1,1,,,No Previous Data,1,1,1,1,1
2453,2024,200,0,0,,,,0,1,1,1,0
2453,2024,300,0,0,,,,0,1,0,1,0
2453,2024,400,0,0,,,,1,1,1,1,1
2453,2024,500,0,0,,,,0,0,0,0,0
2453,2024,600,0,0,,,,0,0,0,1,0
2453,2024,700,0,0,,,,1,0,0,1,0
2454,2024,100,0,0,,,,1,1,0,1,1
2454,2024,200,0,0,,,,0,0,0,1,0
2454,2024,300,1,1,,,No Previous Data,1,1,1,1,1
2454,2024,400,0,0,,,,0,0,0,1,0
2454,2024,500,0,0,,,,0,0,0,1,0
2454,2024,600,0,0,,,,0,0,0,0,0
2454,2024,700,0,0,,,,1,0,0,1,0
2455,2024,100,0,0,,,,0,0,1,1,0
2455,2024,200,1,1,,,No Previous Data,1,1,1,1,1
2455,2024,300,0,0,,,,0,0,0,1,0
2455,2024,400,0,0,,,,0,0,0,1,0
2455,2024,500,0,0,,,,0,0,0,0,0
2455,2024,600,0,0,,,,0,0,0,1,0
2455,2024,700,0,0,,,,0,0,0,1,0
2456,2024,100,0,0,,,,0,0,0,1,0
2456,2024,200,0,0,,,,1,0,0,1,0
2456,2024,300,1,1,200.0,Olong Tea Plus,Switched,1,1,1,1,1
2456,2024,400,0,0,,,,1,1,1,1,1
2456,2024,500,0,0,,,,0,0,0,1,0
2456,2024,600,0,0,,,,0,0,0,0,0
2456,2024,700,0,0,,,,0,0,0,1,0
2457,2024,100,1,1,,,No Previous Data,1,1,1,1,1
2457,2024,200,0,0,,,,0,0,1,1,0
2457,2024,300,0,0,,,,0,0,0,1,0
2457,2024,400,0,0,,,,0,0,0,0,0
2457,2024,500,0,0,,,,1,0,0,1,0
2457,2024,600,0,0,,,,0,0,0,0,0
2457,2024,700,0,0,,,,0,0,0,1,0
2458,2024,100,0,0,,,,1,1,1,1,1
2458,2024,200,1,1,400.0,Cozy,Switched,1,1,1,1,1
2458,2024,300,0,0,,,,0,0,0,1,0
2458,2024,400,0,0,,,,1,0,1,1,0
2458,2024,500,0,0,,,,0,0,0,0,0
2458,2024,600,0,0,,,,0,0,0,0,0
2458,2024,700,0,0,,,,0,0,0,0,0
2459,2024,100,0,0,,,,0,0,0,1,0
2459,2024,200,0,0,,,,1,0,1,1,0
2459,2024,300,0,0,,,,0,0,0,1,0
2459,2024,400,1,1,,,No Previous Data,1,1,1,1,1
2459,2024,500,0,0,,,,0,0,0,0,0
2459,2024,600,0,0,,,,0,0,0,1,0
2459,2024,700,0,0,,,,0,0,0,1,0
2460,2024,100,0,0,,,,0,0,0,1,0
2460,2024,200,0,0,,,,1,1,1,1,1
2460,2024,300,0,0,,,,0,0,0,0,0
2460,2024,400,1,1,,,No Previous Data,1,1,1,1,1
2460,2024,500,0,0,,,,0,0,0,1,0
2460,2024,600,0,0,,,,0,0,0,0,0
2460,2024,700,0,0,,,,0,0,0,1,0
2461,2024,100,0,0,,,,1,1,0,1,1
2461,2024,200,1,1,,,No Previous Data,1,1,1,1,1
2461,2024,300,0,0,,,,1,0,1,1,0
2461,2024,400,0,0,,,,0,0,1,1,0
2461,2024,500,0,0,,,,0,0,0,1,0
2461,2024,600,0,0,,,,0,0,0,0,0
2461,2024,700,0,0,,,,0,0,0,1,0
2462,2024,100,0,0,,,,1,1,1,1,1
2462,2024,200,1,1,,,No Previous Data,1,1,1,1,1
2462,2024,300,0,0,,,,1,1,0,1,0
2462,2024,400,0,0,,,,0,0,1,1,0
2462,2024,500,0,0,,,,0,0,0,1,0
2462,2024,600,0,0,,,,0,0,0,1,0
2462,2024,700,0,0,,,,0,0,0,1,0
2463,2024,100,1,1,,,No Previous Data,1,1,1,1,1
2463,2024,200,0,0,,,,1,1,1,1,1
2463,2024,300,0,0,,,,1,1,1,1,1
2463,2024,400,0,0,,,,0,0,0,1,0
2463,2024,500,0,0,,,,0,0,0,0,0
2463,2024,600,0,0,,,,0,0,0,1,0
2463,2024,700,0,0,,,,0,0,0,1,0
2464,2024,100,1,1,,,No Previous Data,1,1,1,1,1
2464,2024,200,0,0,,,,1,1,1,1,1
2464,2024,300,0,0,,,,0,0,0,1,0
2464,2024,400,0,0,,,,1,0,0,1,0
2464,2024,500,0,0,,,,0,0,0,0,0
2464,2024,600,0,0,,,,1,0,0,1,0
2464,2024,700,0,0,,,,0,0,0,1,0
2465,2024,100,0,0,,,,1,1,1,1,1
2465,2024,200,1,1,,,No Previous Data,1,1,1,1,1
2465,2024,300,0,0,,,,1,1,0,1,1
2465,2024,400,0,0,,,,1,1,1,1,1
2465,2024,500,0,0,,,,0,0,0,0,0
2465,2024,600,0,0,,,,0,0,0,1,0
2465,2024,700,0,0,,,,0,0,0,1,0
2466,2024,100,0,0,,,,1,1,1,1,1
2466,2024,200,1,1,,,No Previous Data,1,1,1,1,1
2466,2024,300,0,0,,,,0,0,0,1,0
2466,2024,400,0,0,,,,0,0,0,1,0
2466,2024,500,0,0,,,,0,0,0,0,0
2466,2024,600,0,0,,,,1,0,0,1,0
2466,2024,700,0,0,,,,0,0,0,1,0
2467,2024,100,0,0,,,,1,1,0,1,1
2467,2024,200,1,1,,,No Previous Data,1,1,1,1,1
2467,2024,300,0,0,,,,0,1,0,1,0
2467,2024,400,0,0,,,,0,0,0,1,0
2467,2024,500,0,0,,,,0,0,0,0,0
2467,2024,600,0,0,,,,0,1,0,1,0
2467,2024,700,0,0,,,,0,0,0,0,0
2468,2024,100,0,0,,,,1,1,1,1,1
2468,2024,200,0,0,,,,0,0,1,1,0
2468,2024,300,1,1,100.0,C2,Switched,1,1,1,1,1
2468,2024,400,0,0,,,,1,0,0,1,0
2468,2024,500,0,0,,,,0,1,0,1,0
2468,2024,600,0,0,,,,0,0,0,1,0
2468,2024,700,0,0,,,,0,0,0,1,0
2469,2024,100,1,1,,,No Previous Data,1,1,1,1,1
2469,2024,200,0,0,,,,0,0,0,1,0
2469,2024,300,0,0,,,,0,0,1,1,0
2469,2024,400,0,0,,,,0,0,0,0,0
2469,2024,500,0,0,,,,0,0,0,0,0
2469,2024,600,0,0,,,,0,0,0,0,0
2469,2024,700,0,0,,,,1,0,0,1,0
2470,2024,100,0,1,,,No Previous Data,1,1,1,1,1
2470,2024,200,1,0,,,,0,0,1,1,0
2470,2024,300,0,0,,,,0,0,0,1,0
2470,2024,400,0,0,,,,0,0,0,0,0
2470,2024,500,0,0,,,,0,0,0,0,0
2470,2024,600,0,0,,,,0,0,0,0,0
2470,2024,700,0,0,,,,0,0,0,1,0
2471,2024,100,1,1,,,No Previous Data,1,1,1,1,1
2471,2024,200,0,0,,,,1,1,1,1,1
2471,2024,300,0,0,,,,0,1,0,1,0
2471,2024,400,0,0,,,,1,0,1,1,0
2471,2024,500,0,0,,,,0,0,0,0,0
2471,2024,600,0,0,,,,0,0,0,1,0
2471,2024,700,0,0,,,,0,0,0,1,0
2472,2024,100,0,0,,,,1,1,1,1,0
2472,2024,200,1,1,,,No Previous Data,1,1,1,1,1
2472,2024,300,0,0,,,,1,1,1,1,1
2472,2024,400,0,0,,,,1,1,1,1,1
2472,2024,500,0,0,,,,0,0,0,0,0
2472,2024,600,0,0,,,,0,0,0,1,0
2472,2024,700,0,0,,,,0,0,0,1,0
2473,2024,100,0,0,,,,0,1,1,1,0
2473,2024,200,0,0,,,,0,1,1,1,0
2473,2024,300,1,1,,,No Previous Data,1,1,1,1,1
2473,2024,400,0,0,,,,1,1,1,1,1
2473,2024,500,0,0,,,,0,0,0,0,0
2473,2024,600,0,0,,,,0,0,0,0,0
2473,2024,700,0,0,,,,0,0,0,1,0
2474,2024,100,0,1,,,No Previous Data,1,1,0,1,1
2474,2024,200,1,0,,,,1,1,1,1,1
2474,2024,300,0,0,,,,1,1,0,1,0
2474,2024,400,0,0,,,,0,0,0,0,0
2474,2024,500,0,0,,,,1,1,0,1,1
2474,2024,600,0,0,,,,0,0,0,0,0
2474,2024,700,0,0,,,,0,1,0,1,0
2475,2024,100,1,0,,,,1,1,1,1,1
2475,2024,200,0,0,,,,1,1,0,1,1
2475,2024,300,0,0,,,,0,0,0,0,0
2475,2024,400,0,0,,,,0,1,0,1,0
2475,2024,500,0,0,,,,0,1,0,1,0
2475,2024,600,0,0,,,,0,0,0,0,0
2475,2024,700,0,1,,,No Previous Data,1,1,0,1,1
2476,2024,100,0,0,,,,1,1,0,1,1
2476,2024,200,0,0,,,,1,1,0,1,0
2476,2024,300,1,0,,,,0,1,1,1,0
2476,2024,400,0,0,,,,0,0,0,1,0
2476,2024,500,0,0,,,,0,1,0,1,0
2476,2024,600,0,0,,,,0,0,0,1,0
2476,2024,700,0,1,100.0,C2,Switched,1,1,0,1,1
2477,2024,100,0,0,,,,0,0,0,0,0
2477,2024,200,1,1,,,No Previous Data,1,1,1,1,1
2477,2024,300,0,0,,,,0,0,0,0,0
2477,2024,400,0,0,,,,0,0,0,0,0
2477,2024,500,0,0,,,,0,0,0,0,0
2477,2024,600,0,0,,,,0,0,0,0,0
2477,2024,700,0,0,,,,0,0,0,0,0
2478,2024,100,0,0,,,,0,0,0,0,0
2478,2024,200,1,1,,,No Previous Data,1,1,1,1,1
2478,2024,300,0,0,,,,0,0,0,0,0
2478,2024,400,0,0,,,,0,0,0,0,0
2478,2024,500,0,0,,,,0,0,0,0,0
2478,2024,600,0,0,,,,0,0,0,0,0
2478,2024,700,0,0,,,,0,0,0,0,0
2479,2024,100,0,0,,,,1,0,1,1,0
2479,2024,200,1,1,,,No Previous Data,1,1,1,1,1
2479,2024,300,0,0,,,,1,1,1,1,1
2479,2024,400,0,0,,,,1,0,0,1,0
2479,2024,500,0,0,,,,0,0,0,0,0
2479,2024,600,0,0,,,,0,0,0,1,0
2479,2024,700,0,0,,,,0,0,0,0,0
2480,2024,100,0,0,,,,0,0,1,1,0
2480,2024,200,0,0,,,,0,0,1,1,0
2480,2024,300,1,1,,,No Previous Data,1,1,1,1,1
2480,2024,400,0,0,,,,1,1,0,1,1
2480,2024,500,0,0,,,,0,0,0,1,0
2480,2024,600,0,0,,,,0,0,0,1,0
2480,2024,700,0,0,,,,0,0,0,1,0
2481,2024,100,0,0,,,,1,1,1,1,1
2481,2024,200,0,0,,,,0,0,1,1,0
2481,2024,300,1,1,,,No Previous Data,1,1,1,1,1
2481,2024,400,0,0,,,,1,1,1,1,1
2481,2024,500,0,0,,,,0,0,0,0,0
2481,2024,600,0,0,,,,0,0,0,1,0
2481,2024,700,0,0,,,,0,0,0,0,0
2482,2024,100,0,0,,,,0,0,0,1,0
2482,2024,200,0,0,,,,0,1,0,1,0
2482,2024,300,0,0,,,,0,0,0,1,0
2482,2024,400,1,1,,,No Previous Data,1,1,1,1,1
2482,2024,500,0,0,,,,0,0,0,0,0
2482,2024,600,0,0,,,,0,0,0,1,0
2482,2024,700,0,0,,,,0,0,0,0,0
2483,2024,100,0,0,,,,1,1,1,1,1
2483,2024,200,0,0,,,,1,0,0,1,0
2483,2024,300,1,1,,,No Previous Data,1,1,1,1,1
2483,2024,400,0,0,,,,0,0,0,1,0
2483,2024,500,0,0,,,,0,0,0,0,0
2483,2024,600,0,0,,,,1,0,0,1,0
2483,2024,700,0,0,,,,0,0,0,1,0
2484,2024,100,1,1,300.0,Không Độ,Switched,1,1,1,1,1
2484,2024,200,0,0,,,,0,0,0,1,0
2484,2024,300,0,0,,,,1,0,1,1,0
2484,2024,400,0,0,,,,0,0,0,1,0
2484,2024,500,0,0,,,,0,0,0,0,0
2484,2024,600,0,0,,,,0,0,0,1,0
2484,2024,700,0,0,,,,0,0,0,1,0
2485,2024,100,1,1,,,No Previous Data,1,1,1,1,1
2485,2024,200,0,0,,,,0,1,1,1,0
2485,2024,300,0,0,,,,0,1,1,1,0
2485,2024,400,0,0,,,,1,1,1,1,1
2485,2024,500,0,0,,,,0,0,0,0,0
2485,2024,600,0,0,,,,0,0,0,1,0
2485,2024,700,0,0,,,,0,0,0,0,0
2486,2024,100,0,0,,,,0,0,1,1,0
2486,2024,200,1,1,,,No Previous Data,1,1,1,1,1
2486,2024,300,0,0,,,,0,0,0,1,0
2486,2024,400,0,0,,,,0,0,1,1,0
2486,2024,500,0,0,,,,0,0,0,0,0
2486,2024,600,0,0,,,,0,0,0,1,0
2486,2024,700,0,0,,,,0,0,0,0,0
2487,2024,100,1,1,,,No Previous Data,1,1,1,1,1
2487,2024,200,0,0,,,,1,1,1,1,1
2487,2024,300,0,0,,,,0,1,1,1,0
2487,2024,400,0,0,,,,0,0,1,1,0
2487,2024,500,0,0,,,,0,0,0,1,0
2487,2024,600,0,0,,,,0,0,0,1,0
2487,2024,700,0,0,,,,0,0,0,1,0
2488,2024,100,0,0,,,,1,1,1,1,1
2488,2024,200,1,1,,,No Previous Data,1,1,1,1,1
2488,2024,300,0,0,,,,0,0,0,1,0
2488,2024,400,0,0,,,,1,1,0,1,1
2488,2024,500,0,0,,,,0,0,0,1,0
2488,2024,600,0,0,,,,1,0,1,1,0
2488,2024,700,0,0,,,,0,0,0,1,0
2489,2024,100,0,0,,,,0,0,0,1,0
2489,2024,200,0,0,,,,0,0,1,1,0
2489,2024,300,0,0,,,,0,0,1,1,0
2489,2024,400,1,1,,,No Previous Data,1,1,1,1,1
2489,2024,500,0,0,,,,0,0,0,0,0
2489,2024,600,0,0,,,,0,0,0,0,0
2489,2024,700,0,0,,,,0,0,0,1,0
2490,2024,100,1,1,,,No Previous Data,1,1,1,1,1
2490,2024,200,0,0,,,,1,1,1,1,1
2490,2024,300,0,0,,,,0,0,1,1,0
2490,2024,400,0,0,,,,0,0,1,1,0
2490,2024,500,0,0,,,,0,0,0,1,0
2490,2024,600,0,0,,,,0,0,0,1,0
2490,2024,700,0,0,,,,0,0,0,1,0
2491,2024,100,1,1,,,No Previous Data,1,1,1,1,1
2491,2024,200,0,0,,,,1,1,1,1,1
2491,2024,300,0,0,,,,1,0,0,1,0
2491,2024,400,0,0,,,,0,0,0,1,0
2491,2024,500,0,0,,,,0,0,0,0,0
2491,2024,600,0,0,,,,1,0,0,1,0
2491,2024,700,0,0,,,,0,0,0,1,0
2492,2024,100,0,0,,,,1,1,1,1,1
2492,2024,200,1,1,,,No Previous Data,1,1,1,1,1
2492,2024,300,0,0,,,,0,0,0,1,0
2492,2024,400,0,0,,,,0,0,1,1,0
2492,2024,500,0,0,,,,0,0,0,1,0
2492,2024,600,0,0,,,,0,0,0,1,0
2492,2024,700,0,0,,,,0,0,0,1,0
2493,2024,100,1,1,,,No Previous Data,1,1,1,1,1
2493,2024,200,0,0,,,,1,1,1,1,0
2493,2024,300,0,0,,,,0,1,0,1,0
2493,2024,400,0,0,,,,0,0,1,1,0
2493,2024,500,0,0,,,,0,0,0,0,0
2493,2024,600,0,0,,,,0,1,0,1,0
2493,2024,700,0,0,,,,0,0,0,1,0
2494,2024,100,0,0,,,,0,1,1,1,0
2494,2024,200,0,0,,,,0,1,1,1,0
2494,2024,300,0,0,,,,0,1,1,1,0
2494,2024,400,1,1,200.0,Olong Tea Plus,Switched,1,1,1,1,1
2494,2024,500,0,0,,,,0,1,0,1,0
2494,2024,600,0,0,,,,0,1,0,1,0
2494,2024,700,0,0,,,,1,1,0,1,1
2495,2024,100,0,0,,,,1,1,1,1,1
2495,2024,200,1,1,,,No Previous Data,1,1,1,1,1
2495,2024,300,0,0,,,,0,1,1,1,0
2495,2024,400,0,0,,,,0,0,1,1,0
2495,2024,500,0,0,,,,0,0,0,0,0
2495,2024,600,0,0,,,,0,0,0,1,0
2495,2024,700,0,0,,,,0,1,0,1,0
2496,2024,100,0,0,,,,0,0,1,1,0
2496,2024,200,1,1,,,No Previous Data,1,1,1,1,1
2496,2024,300,0,0,,,,0,0,0,1,0
2496,2024,400,0,0,,,,0,0,0,1,0
2496,2024,500,0,0,,,,0,0,0,0,0
2496,2024,600,0,0,,,,0,0,0,1,0
2496,2024,700,0,0,,,,0,0,0,1,0
2497,2024,100,0,0,,,,1,1,1,1,0
2497,2024,200,1,1,,,No Previous Data,1,1,1,1,1
2497,2024,300,0,0,,,,0,0,0,1,0
2497,2024,400,0,0,,,,0,0,0,1,0
2497,2024,500,0,0,,,,0,0,0,1,0
2497,2024,600,0,0,,,,0,0,0,1,0
2497,2024,700,0,0,,,,0,0,0,1,0
2498,2024,100,0,0,,,,0,0,1,1,0
2498,2024,200,1,1,100.0,C2,Switched,1,1,1,1,1
2498,2024,300,0,0,,,,0,0,0,1,0
2498,2024,400,0,0,,,,0,0,0,1,0
2498,2024,500,0,0,,,,0,0,0,0,0
2498,2024,600,0,0,,,,0,0,0,1,0
2498,2024,700,0,0,,,,0,0,0,0,0
2499,2024,100,1,1,,,No Previous Data,1,1,1,1,1
2499,2024,200,0,0,,,,1,1,1,1,1
2499,2024,300,0,0,,,,0,0,0,1,0
2499,2024,400,0,0,,,,0,1,0,1,0
2499,2024,500,0,0,,,,0,0,0,1,0
2499,2024,600,0,0,,,,1,0,1,1,0
2499,2024,700,0,0,,,,0,1,0,1,0
2500,2024,100,0,0,,,,0,1,1,1,0
2500,2024,200,1,1,,,No Previous Data,1,1,1,1,1
2500,2024,300,0,0,,,,0,1,1,1,0
2500,2024,400,0,0,,,,0,0,0,1,0
2500,2024,500,0,0,,,,0,0,0,0,0
2500,2024,600,0,0,,,,0,0,0,1,0
2500,2024,700,0,0,,,,0,0,0,1,0
2501,2024,100,0,0,,,,0,0,0,1,0
2501,2024,200,1,1,,,No Previous Data,1,1,1,1,1
2501,2024,300,0,0,,,,0,0,0,1,0
2501,2024,400,0,0,,,,0,0,0,1,0
2501,2024,500,0,0,,,,0,0,0,0,0
2501,2024,600,0,0,,,,0,0,0,1,0
2501,2024,700,0,0,,,,0,0,0,1,0
2502,2024,100,1,1,,,No Previous Data,1,1,1,1,1
2502,2024,200,0,0,,,,1,0,1,1,0
2502,2024,300,0,0,,,,0,0,0,0,0
2502,2024,400,0,0,,,,0,0,0,1,0
2502,2024,500,0,0,,,,0,0,0,1,0
2502,2024,600,0,0,,,,0,0,0,0,0
2502,2024,700,0,0,,,,0,0,0,1,0
2503,2024,100,1,1,,,No Previous Data,1,1,1,1,1
2503,2024,200,0,0,,,,0,0,0,1,0
2503,2024,300,0,0,,,,0,0,0,1,0
2503,2024,400,0,0,,,,0,0,0,1,0
2503,2024,500,0,0,,,,0,0,0,0,0
2503,2024,600,0,0,,,,0,0,0,1,0
2503,2024,700,0,0,,,,1,0,0,1,0
2504,2024,100,1,1,,,No Previous Data,1,1,1,1,1
2504,2024,200,0,0,,,,0,1,1,1,0
2504,2024,300,0,0,,,,1,1,1,1,1
2504,2024,400,0,0,,,,0,0,1,1,0
2504,2024,500,0,0,,,,0,1,0,1,0
2504,2024,600,0,0,,,,0,1,1,1,0
2504,2024,700,0,0,,,,0,1,0,1,0
2505,2024,100,1,1,,,No Previous Data,1,1,1,1,1
2505,2024,200,0,0,,,,1,1,1,1,1
2505,2024,300,0,0,,,,1,0,1,1,0
2505,2024,400,0,0,,,,0,0,0,1,0
2505,2024,500,0,0,,,,0,1,0,1,0
2505,2024,600,0,0,,,,0,0,0,1,0
2505,2024,700,0,0,,,,0,0,0,1,0
2506,2024,100,1,1,,,No Previous Data,1,1,1,1,1
2506,2024,200,0,0,,,,1,1,1,1,1
2506,2024,300,0,0,,,,0,1,0,1,0
2506,2024,400,0,0,,,,0,0,1,1,0
2506,2024,500,0,0,,,,0,0,0,0,0
2506,2024,600,0,0,,,,0,0,0,1,0
2506,2024,700,0,0,,,,0,1,1,1,0
2507,2024,100,0,0,,,,0,0,0,1,0
2507,2024,200,0,0,,,,0,0,0,1,0
2507,2024,300,1,1,400.0,Cozy,Switched,1,1,1,1,1
2507,2024,400,0,0,,,,1,1,1,1,1
2507,2024,500,0,0,,,,0,0,0,0,0
2507,2024,600,0,0,,,,0,0,0,1,0
2507,2024,700,0,0,,,,0,0,0,1,0
2508,2024,100,0,0,,,,1,1,1,1,1
2508,2024,200,0,0,,,,0,1,1,1,0
2508,2024,300,1,1,600.0,Dr. Thanh,Switched,1,1,1,1,1
2508,2024,400,0,0,,,,1,1,1,1,0
2508,2024,500,0,0,,,,0,0,0,0,0
2508,2024,600,0,0,,,,0,1,0,1,0
2508,2024,700,0,0,,,,0,0,0,0,0
2509,2024,100,0,0,,,,1,1,1,1,1
2509,2024,200,1,1,,,No Previous Data,1,1,1,1,1
2509,2024,300,0,0,,,,0,1,1,1,0
2509,2024,400,0,0,,,,0,0,0,1,0
2509,2024,500,0,0,,,,0,0,0,0,0
2509,2024,600,0,0,,,,0,0,0,1,0
2509,2024,700,0,0,,,,0,0,0,0,0
2510,2024,100,1,1,,,No Previous Data,1,1,1,1,1
2510,2024,200,0,0,,,,0,1,1,1,0
2510,2024,300,0,0,,,,0,1,0,1,0
2510,2024,400,0,0,,,,0,0,0,1,0
2510,2024,500,0,0,,,,0,0,0,0,0
2510,2024,600,0,0,,,,0,0,0,1,0
2510,2024,700,0,0,,,,1,1,1,1,0
2511,2024,100,1,1,,,No Previous Data,1,1,1,1,1
2511,2024,200,0,0,,,,1,1,1,1,1
2511,2024,300,0,0,,,,0,1,1,1,0
2511,2024,400,0,0,,,,0,0,1,1,0
2511,2024,500,0,0,,,,0,0,0,1,0
2511,2024,600,0,0,,,,0,0,0,1,0
2511,2024,700,0,0,,,,0,0,0,1,0
2512,2024,100,1,1,,,No Previous Data,1,1,1,1,1
2512,2024,200,0,0,,,,1,1,1,1,1
2512,2024,300,0,0,,,,0,0,0,1,0
2512,2024,400,0,0,,,,0,0,0,1,0
2512,2024,500,0,0,,,,0,0,0,0,0
2512,2024,600,0,0,,,,0,0,0,1,0
2512,2024,700,0,0,,,,0,1,0,1,0
2513,2024,100,1,1,,,No Previous Data,1,1,1,1,1
2513,2024,200,0,0,,,,0,1,1,1,0
2513,2024,300,0,0,,,,0,1,0,1,0
2513,2024,400,0,0,,,,0,0,1,1,0
2513,2024,500,0,0,,,,0,0,0,0,0
2513,2024,600,0,0,,,,0,1,0,1,0
2513,2024,700,0,0,,,,0,0,0,0,0
2514,2024,100,1,1,,,No Previous Data,1,1,1,1,1
2514,2024,200,0,0,,,,0,1,1,1,0
2514,2024,300,0,0,,,,1,1,0,1,0
2514,2024,400,0,0,,,,0,0,1,1,0
2514,2024,500,0,0,,,,0,0,0,1,0
2514,2024,600,0,0,,,,0,0,0,1,0
2514,2024,700,0,0,,,,0,0,1,1,0
2515,2024,100,1,1,400.0,Cozy,Switched,1,1,1,1,1
2515,2024,200,0,0,,,,0,0,1,1,0
2515,2024,300,0,0,,,,0,0,0,0,0
2515,2024,400,0,0,,,,0,0,0,1,0
2515,2024,500,0,0,,,,1,0,1,1,0
2515,2024,600,0,0,,,,0,0,0,0,0
2515,2024,700,0,0,,,,0,0,0,1,0
2516,2024,100,0,0,,,,1,1,1,1,0
2516,2024,200,1,1,,,No Previous Data,1,1,1,1,1
2516,2024,300,0,0,,,,1,1,0,1,0
2516,2024,400,0,0,,,,0,0,0,1,0
2516,2024,500,0,0,,,,0,0,0,0,0
2516,2024,600,0,0,,,,0,1,1,1,0
2516,2024,700,0,0,,,,0,1,0,1,0
2517,2024,100,1,1,200.0,Olong Tea Plus,Switched,1,1,1,1,1
2517,2024,200,0,0,,,,1,1,1,1,1
2517,2024,300,0,0,,,,0,0,0,1,0
2517,2024,400,0,0,,,,0,0,0,1,0
2517,2024,500,0,0,,,,0,1,0,1,0
2517,2024,600,0,0,,,,0,0,0,1,0
2517,2024,700,0,0,,,,0,0,0,1,0
2518,2024,100,0,0,,,,0,0,1,1,0
2518,2024,200,1,1,,,No Previous Data,1,1,1,1,1
2518,2024,300,0,0,,,,1,0,1,1,0
2518,2024,400,0,0,,,,0,0,0,0,0
2518,2024,500,0,0,,,,0,0,0,1,0
2518,2024,600,0,0,,,,0,0,0,1,0
2518,2024,700,0,0,,,,0,0,0,0,0
2519,2024,100,0,0,,,,0,0,1,1,0
2519,2024,200,0,0,,,,0,0,1,1,0
2519,2024,300,0,0,,,,0,0,0,1,0
2519,2024,400,0,0,,,,0,0,0,0,0
2519,2024,500,1,1,,,No Previous Data,1,1,1,1,1
2519,2024,600,0,0,,,,0,0,0,0,0
2519,2024,700,0,0,,,,0,0,0,1,0
2520,2024,100,0,0,,,,1,1,1,1,1
2520,2024,200,1,1,,,No Previous Data,1,1,1,1,1
2520,2024,300,0,0,,,,0,0,1,1,0
2520,2024,400,0,0,,,,0,0,1,1,0
2520,2024,500,0,0,,,,0,0,0,1,0
2520,2024,600,0,0,,,,0,0,0,1,0
2520,2024,700,0,0,,,,0,0,0,1,0
2521,2024,100,0,0,,,,0,0,0,1,0
2521,2024,200,0,0,,,,1,0,0,1,0
2521,2024,300,1,1,,,No Previous Data,1,1,1,1,1
2521,2024,400,0,0,,,,0,0,0,1,0
2521,2024,500,0,0,,,,0,0,0,1,0
2521,2024,600,0,0,,,,0,0,0,0,0
2521,2024,700,0,0,,,,0,0,0,1,0
2522,2024,100,0,0,,,,0,0,0,1,0
2522,2024,200,0,0,,,,1,1,0,1,1
2522,2024,300,0,0,,,,0,1,1,1,0
2522,2024,400,1,1,,,No Previous Data,1,1,1,1,1
2522,2024,500,0,0,,,,0,0,0,0,0
2522,2024,600,0,0,,,,0,0,0,1,0
2522,2024,700,0,0,,,,0,0,0,1,0
2523,2024,100,0,0,,,,0,1,1,1,0
2523,2024,200,1,1,,,No Previous Data,1,1,1,1,1
2523,2024,300,0,0,,,,1,1,1,1,1
2523,2024,400,0,0,,,,0,0,0,1,0
2523,2024,500,0,0,,,,0,0,0,0,0
2523,2024,600,0,0,,,,0,0,0,1,0
2523,2024,700,0,0,,,,0,0,0,0,0
2524,2024,100,0,0,,,,0,0,0,1,0
2524,2024,200,0,0,,,,1,1,1,1,1
2524,2024,300,1,1,,,No Previous Data,1,1,1,1,1
2524,2024,400,0,0,,,,0,0,0,1,0
2524,2024,500,0,0,,,,0,0,0,0,0
2524,2024,600,0,0,,,,0,0,0,0,0
2524,2024,700,0,0,,,,0,0,0,1,0
2525,2024,100,0,0,,,,0,1,1,1,0
2525,2024,200,0,0,,,,1,1,1,1,0
2525,2024,300,1,1,,,No Previous Data,1,1,1,1,1
2525,2024,400,0,0,,,,0,0,0,1,0
2525,2024,500,0,0,,,,0,0,0,1,0
2525,2024,600,0,0,,,,0,0,0,0,0
2525,2024,700,0,0,,,,0,0,0,1,0
2526,2024,100,0,0,,,,1,1,0,1,1
2526,2024,200,0,0,,,,0,1,0,1,0
2526,2024,300,1,1,,,No Previous Data,1,1,1,1,1
2526,2024,400,0,0,,,,0,0,1,1,0
2526,2024,500,0,0,,,,0,0,0,0,0
2526,2024,600,0,0,,,,0,0,0,1,0
2526,2024,700,0,0,,,,0,0,0,1,0
2527,2024,100,0,0,,,,1,1,1,1,1
2527,2024,200,1,1,,,No Previous Data,1,1,1,1,1
2527,2024,300,0,0,,,,1,1,0,1,0
2527,2024,400,0,0,,,,1,1,0,1,0
2527,2024,500,0,0,,,,0,0,0,1,0
2527,2024,600,0,0,,,,0,0,0,1,0
2527,2024,700,0,0,,,,0,0,0,1,0
2528,2024,100,0,0,,,,1,0,1,1,0
2528,2024,200,1,1,,,No Previous Data,1,1,1,1,1
2528,2024,300,0,0,,,,0,0,0,1,0
2528,2024,400,0,0,,,,0,0,0,1,0
2528,2024,500,0,0,,,,0,0,0,1,0
2528,2024,600,0,0,,,,0,0,0,1,0
2528,2024,700,0,0,,,,0,0,0,1,0
2529,2024,100,0,0,,,,0,0,1,1,0
2529,2024,200,0,0,,,,1,0,1,1,0
2529,2024,300,0,0,,,,0,0,0,1,0
2529,2024,400,0,0,,,,0,0,0,1,0
2529,2024,500,0,0,,,,0,0,0,0,0
2529,2024,600,0,0,,,,0,0,0,1,0
2529,2024,700,1,1,,,No Previous Data,1,1,1,1,1
2530,2024,100,0,0,,,,0,0,1,1,0
2530,2024,200,0,0,,,,0,0,1,1,0
2530,2024,300,1,1,,,No Previous Data,1,1,1,1,1
2530,2024,400,0,0,,,,0,0,0,0,0
2530,2024,500,0,0,,,,0,0,0,0,0
2530,2024,600,0,0,,,,0,0,0,1,0
2530,2024,700,0,0,,,,0,0,0,1,0
2531,2024,100,1,1,,,No Previous Data,1,1,1,1,1
2531,2024,200,0,0,,,,0,0,0,1,0
2531,2024,300,0,0,,,,0,1,1,1,0
2531,2024,400,0,0,,,,0,0,0,1,0
2531,2024,500,0,0,,,,0,0,0,1,0
2531,2024,600,0,0,,,,0,0,0,1,0
2531,2024,700,0,0,,,,0,0,0,1,0
2532,2024,100,0,0,,,,1,1,1,1,1
2532,2024,200,1,1,,,No Previous Data,1,1,1,1,1
2532,2024,300,0,0,,,,1,1,0,1,0
2532,2024,400,0,0,,,,0,1,0,1,0
2532,2024,500,0,0,,,,0,0,0,0,0
2532,2024,600,0,0,,,,0,1,0,1,0
2532,2024,700,0,0,,,,0,1,0,1,0
2533,2024,100,1,1,,,No Previous Data,1,1,1,1,1
2533,2024,200,0,0,,,,1,1,1,1,1
2533,2024,300,0,0,,,,1,0,0,1,0
2533,2024,400,0,0,,,,0,0,0,0,0
2533,2024,500,0,0,,,,0,0,0,1,0
2533,2024,600,0,0,,,,0,0,0,0,0
2533,2024,700,0,0,,,,0,0,0,1,0
2534,2024,100,1,1,,,No Previous Data,1,1,1,1,1
2534,2024,200,0,0,,,,1,1,1,1,1
2534,2024,300,0,0,,,,0,1,0,1,0
2534,2024,400,0,0,,,,0,1,1,1,0
2534,2024,500,0,0,,,,0,1,0,1,0
2534,2024,600,0,0,,,,0,0,0,0,0
2534,2024,700,0,0,,,,0,1,0,1,0
2535,2024,100,0,0,,,,0,1,1,1,0
2535,2024,200,1,1,,,No Previous Data,1,1,1,1,1
2535,2024,300,0,0,,,,1,1,0,1,0
2535,2024,400,0,0,,,,0,0,0,1,0
2535,2024,500,0,0,,,,0,0,0,0,0
2535,2024,600,0,0,,,,0,0,0,1,0
2535,2024,700,0,0,,,,0,0,0,1,0
2536,2024,100,0,0,,,,1,1,1,1,1
2536,2024,200,0,0,,,,0,1,1,1,0
2536,2024,300,0,0,,,,0,1,0,1,0
2536,2024,400,0,0,,,,0,0,0,1,0
2536,2024,500,0,0,,,,0,0,0,0,0
2536,2024,600,1,1,,,No Previous Data,1,1,1,1,1
2536,2024,700,0,0,,,,0,0,0,1,0
2537,2024,100,1,1,,,No Previous Data,1,1,1,1,1
2537,2024,200,0,0,,,,0,0,1,1,0
2537,2024,300,0,0,,,,1,1,1,1,0
2537,2024,400,0,0,,,,1,1,1,1,1
2537,2024,500,0,0,,,,0,0,0,0,0
2537,2024,600,0,0,,,,0,0,0,1,0
2537,2024,700,0,0,,,,0,0,0,1,0
2538,2024,100,0,0,,,,0,0,0,1,0
2538,2024,200,0,0,,,,1,0,1,1,0
2538,2024,300,1,1,,,No Previous Data,1,1,1,1,1
2538,2024,400,0,0,,,,0,0,1,1,0
2538,2024,500,0,0,,,,0,0,0,1,0
2538,2024,600,0,0,,,,0,0,0,1,0
2538,2024,700,0,0,,,,0,0,0,0,0
2539,2024,100,0,0,,,,1,0,1,1,0
2539,2024,200,1,1,,,No Previous Data,1,1,1,1,1
2539,2024,300,0,0,,,,0,0,1,1,0
2539,2024,400,0,0,,,,0,0,0,0,0
2539,2024,500,0,0,,,,0,0,0,1,0
2539,2024,600,0,0,,,,0,0,0,1,0
2539,2024,700,0,0,,,,0,0,0,1,0
2540,2024,100,1,1,,,No Previous Data,1,1,1,1,1
2540,2024,200,0,0,,,,0,1,1,1,0
2540,2024,300,0,0,,,,0,1,1,1,0
2540,2024,400,0,0,,,,0,0,1,1,0
2540,2024,500,0,0,,,,0,0,0,0,0
2540,2024,600,0,0,,,,0,0,0,1,0
2540,2024,700,0,0,,,,0,0,0,1,0
2541,2024,100,0,0,,,,0,0,0,1,0
2541,2024,200,1,1,,,No Previous Data,1,1,1,1,1
2541,2024,300,0,0,,,,0,0,0,1,0
2541,2024,400,0,0,,,,1,0,0,1,0
2541,2024,500,0,0,,,,0,0,0,0,0
2541,2024,600,0,0,,,,1,1,1,1,1
2541,2024,700,0,0,,,,0,0,0,1,0
2542,2024,100,0,0,,,,0,1,0,1,0
2542,2024,200,1,1,,,No Previous Data,1,1,1,1,1
2542,2024,300,0,0,,,,1,1,1,1,0
2542,2024,400,0,0,,,,0,0,0,1,0
2542,2024,500,0,0,,,,0,0,0,0,0
2542,2024,600,0,0,,,,0,0,0,1,0
2542,2024,700,0,0,,,,0,0,0,1,0
2543,2024,100,1,1,,,No Previous Data,1,1,1,1,1
2543,2024,200,0,0,,,,0,0,1,1,0
2543,2024,300,0,0,,,,0,1,0,1,0
2543,2024,400,0,0,,,,0,0,1,1,0
2543,2024,500,0,0,,,,0,0,0,0,0
2543,2024,600,0,0,,,,0,0,0,1,0
2543,2024,700,0,0,,,,0,1,0,1,0
2544,2024,100,0,0,,,,0,1,0,1,0
2544,2024,200,0,0,,,,1,1,0,1,0
2544,2024,300,1,1,,,No Previous Data,1,1,1,1,1
2544,2024,400,0,0,,,,1,1,1,1,1
2544,2024,500,0,0,,,,0,1,0,1,0
2544,2024,600,0,0,,,,0,0,0,0,0
2544,2024,700,0,0,,,,0,0,0,0,0
2545,2024,100,0,0,,,,1,1,0,1,1
2545,2024,200,1,1,,,No Previous Data,1,1,1,1,1
2545,2024,300,0,0,,,,0,1,0,1,0
2545,2024,400,0,0,,,,0,1,0,1,0
2545,2024,500,0,0,,,,0,0,0,0,0
2545,2024,600,0,0,,,,0,0,0,0,0
2545,2024,700,0,0,,,,0,1,0,1,0
2546,2024,100,0,0,,,,0,0,1,1,0
2546,2024,200,1,1,,,No Previous Data,1,1,1,1,1
2546,2024,300,0,0,,,,0,0,0,1,0
2546,2024,400,0,0,,,,1,0,0,1,0
2546,2024,500,0,0,,,,0,0,0,1,0
2546,2024,600,0,0,,,,0,0,0,1,0
2546,2024,700,0,0,,,,0,0,0,1,0
2547,2024,100,0,0,,,,0,0,0,1,0
2547,2024,200,0,0,,,,1,0,0,1,0
2547,2024,300,0,0,,,,1,1,1,1,1
2547,2024,400,1,1,,,No Previous Data,1,1,1,1,1
2547,2024,500,0,0,,,,0,0,0,1,0
2547,2024,600,0,0,,,,1,0,0,1,0
2547,2024,700,0,0,,,,0,0,0,0,0
2548,2024,100,1,1,,,No Previous Data,1,1,1,1,1
2548,2024,200,0,0,,,,1,0,1,1,0
2548,2024,300,0,0,,,,0,0,0,1,0
2548,2024,400,0,0,,,,0,0,0,1,0
2548,2024,500,0,0,,,,0,0,0,1,0
2548,2024,600,0,0,,,,0,0,0,1,0
2548,2024,700,0,0,,,,0,0,0,1,0
2549,2024,100,1,1,,,No Previous Data,1,1,1,1,1
2549,2024,200,0,0,,,,0,1,1,1,0
2549,2024,300,0,0,,,,0,0,0,1,0
2549,2024,400,0,0,,,,0,0,0,1,0
2549,2024,500,0,0,,,,0,0,0,1,0
2549,2024,600,0,0,,,,0,0,0,1,0
2549,2024,700,0,0,,,,0,0,0,1,0
2550,2024,100,0,0,,,,0,0,1,1,0
2550,2024,200,0,0,,,,0,0,1,1,0
2550,2024,300,1,1,,,No Previous Data,1,1,1,1,1
2550,2024,400,0,0,,,,0,0,0,1,0
2550,2024,500,0,0,,,,0,0,0,0,0
2550,2024,600,0,0,,,,0,0,0,1,0
2550,2024,700,0,0,,,,0,0,0,0,0
2551,2024,100,0,0,,,,0,0,1,1,0
2551,2024,200,0,0,,,,1,1,1,1,0
2551,2024,300,0,0,,,,0,0,0,1,0
2551,2024,400,1,1,,,No Previous Data,1,1,1,1,1
2551,2024,500,0,0,,,,0,0,0,1,0
2551,2024,600,0,0,,,,0,0,0,1,0
2551,2024,700,0,0,,,,0,0,0,1,0
2552,2024,100,0,0,,,,0,0,1,1,0
2552,2024,200,0,0,,,,0,0,1,1,0
2552,2024,300,0,0,,,,0,0,1,1,0
2552,2024,400,0,0,,,,0,0,0,1,0
2552,2024,500,0,0,,,,0,0,0,0,0
2552,2024,600,0,0,,,,0,0,0,1,0
2552,2024,700,1,1,,,No Previous Data,1,1,1,1,1
2553,2024,100,0,0,,,,0,1,1,1,0
2553,2024,200,1,1,,,No Previous Data,1,1,1,1,1
2553,2024,300,0,0,,,,0,1,1,1,0
2553,2024,400,0,0,,,,0,0,0,1,0
2553,2024,500,0,0,,,,0,0,0,0,0
2553,2024,600,0,0,,,,0,0,0,0,0
2553,2024,700,0,0,,,,0,0,0,1,0
2554,2024,100,0,0,,,,0,0,0,1,0
2554,2024,200,0,0,,,,1,0,1,1,0
2554,2024,300,0,0,,,,0,0,0,1,0
2554,2024,400,1,1,,,No Previous Data,1,1,1,1,1
2554,2024,500,0,0,,,,0,0,0,0,0
2554,2024,600,0,0,,,,1,1,0,1,1
2554,2024,700,0,0,,,,0,0,0,0,0
2555,2024,100,0,0,,,,0,0,0,1,0
2555,2024,200,0,1,,,No Previous Data,1,1,1,1,1
2555,2024,300,0,0,,,,0,1,0,1,0
2555,2024,400,0,0,,,,0,0,0,1,0
2555,2024,500,0,0,,,,0,0,0,0,0
2555,2024,600,0,0,,,,0,0,0,1,0
2555,2024,700,1,0,,,,0,0,1,1,0
2556,2024,100,0,0,,,,1,0,1,1,0
2556,2024,200,0,0,,,,1,1,1,1,1
2556,2024,300,0,0,,,,0,0,0,1,0
2556,2024,400,1,1,,,No Previous Data,1,1,1,1,1
2556,2024,500,0,0,,,,0,0,0,1,0
2556,2024,600,0,0,,,,0,0,0,1,0
2556,2024,700,0,0,,,,0,0,0,1,0
2557,2024,100,0,0,,,,0,0,1,1,0
2557,2024,200,1,1,,,No Previous Data,1,1,1,1,1
2557,2024,300,0,0,,,,0,0,0,1,0
2557,2024,400,0,0,,,,0,0,1,1,0
2557,2024,500,0,0,,,,0,0,0,0,0
2557,2024,600,0,0,,,,0,0,0,1,0
2557,2024,700,0,0,,,,0,0,0,0,0
2558,2024,100,0,0,,,,0,1,1,1,0
2558,2024,200,0,0,,,,0,0,0,1,0
2558,2024,300,0,0,,,,0,0,0,1,0
2558,2024,400,1,1,,,No Previous Data,1,1,1,1,1
2558,2024,500,0,0,,,,0,0,0,0,0
2558,2024,600,0,0,,,,0,0,0,1,0
2558,2024,700,0,0,,,,0,0,0,1,0
2559,2024,100,0,0,,,,0,0,0,1,0
2559,2024,200,0,0,,,,1,1,1,1,1
2559,2024,300,0,0,,,,0,0,0,1,0
2559,2024,400,1,1,,,No Previous Data,1,1,1,1,1
2559,2024,500,0,0,,,,0,0,0,0,0
2559,2024,600,0,0,,,,1,1,1,1,1
2559,2024,700,0,0,,,,0,0,0,1,0
2560,2024,100,0,0,,,,1,1,1,1,1
2560,2024,200,0,0,,,,0,1,1,1,0
2560,2024,300,0,0,,,,0,0,0,1,0
2560,2024,400,0,0,,,,0,0,0,1,0
2560,2024,500,0,0,,,,0,0,0,0,0
2560,2024,600,0,0,,,,0,0,0,1,0
2560,2024,700,1,1,,,No Previous Data,1,1,1,1,0
2561,2024,100,0,0,,,,0,1,1,1,0
2561,2024,200,0,0,,,,0,0,1,1,0
2561,2024,300,0,0,,,,0,0,0,1,0
2561,2024,400,1,1,100.0,C2,Switched,1,1,1,1,1
2561,2024,500,0,0,,,,0,0,0,1,0
2561,2024,600,0,0,,,,0,0,0,1,0
2561,2024,700,0,0,,,,0,0,0,0,0
2562,2024,100,1,1,,,No Previous Data,1,1,1,1,1
2562,2024,200,0,0,,,,1,1,1,1,0
2562,2024,300,0,0,,,,0,0,0,1,0
2562,2024,400,0,0,,,,0,0,0,1,0
2562,2024,500,0,0,,,,0,0,0,0,0
2562,2024,600,0,0,,,,0,0,0,1,0
2562,2024,700,0,0,,,,0,0,0,0,0
2563,2024,100,1,1,,,No Previous Data,1,1,1,1,1
2563,2024,200,0,0,,,,1,0,0,1,0
2563,2024,300,0,0,,,,0,0,0,1,0
2563,2024,400,0,0,,,,1,1,1,1,1
2563,2024,500,0,0,,,,0,0,0,0,0
2563,2024,600,0,0,,,,0,0,0,1,0
2563,2024,700,0,0,,,,0,0,0,0,0
2564,2024,100,1,1,200.0,Olong Tea Plus,Switched,1,1,1,1,1
2564,2024,200,0,0,,,,0,0,1,1,0
2564,2024,300,0,0,,,,0,1,0,1,0
2564,2024,400,0,0,,,,0,0,0,1,0
2564,2024,500,0,0,,,,0,0,0,0,0
2564,2024,600,0,0,,,,0,0,0,0,0
2564,2024,700,0,0,,,,0,0,0,0,0
2565,2024,100,1,1,,,No Previous Data,1,1,1,1,1
2565,2024,200,0,0,,,,1,1,1,1,1
2565,2024,300,0,0,,,,0,0,0,1,0
2565,2024,400,0,0,,,,0,0,0,1,0
2565,2024,500,0,0,,,,0,1,0,1,0
2565,2024,600,0,0,,,,0,0,0,1,0
2565,2024,700,0,0,,,,0,1,0,1,0
2566,2024,100,0,1,,,No Previous Data,1,1,1,1,1
2566,2024,200,1,0,,,,1,1,1,1,1
2566,2024,300,0,0,,,,0,1,0,1,0
2566,2024,400,0,0,,,,0,0,0,1,0
2566,2024,500,0,0,,,,0,0,0,0,0
2566,2024,600,0,0,,,,0,0,0,1,0
2566,2024,700,0,0,,,,0,0,0,0,0
2567,2024,100,0,0,,,,0,0,1,1,0
2567,2024,200,0,0,,,,0,0,1,1,0
2567,2024,300,0,0,,,,1,1,1,1,1
2567,2024,400,1,1,,,No Previous Data,1,1,1,1,1
2567,2024,500,0,0,,,,0,0,0,0,0
2567,2024,600,0,0,,,,0,0,0,1,0
2567,2024,700,0,0,,,,0,0,0,1,0
2568,2024,100,1,1,,,No Previous Data,1,1,1,1,1
2568,2024,200,0,0,,,,0,0,1,1,0
2568,2024,300,0,0,,,,1,1,1,1,1
2568,2024,400,0,0,,,,1,1,1,1,1
2568,2024,500,0,0,,,,0,0,0,0,0
2568,2024,600,0,0,,,,0,0,0,1,0
2568,2024,700,0,0,,,,0,0,0,1,0
2569,2024,100,1,1,,,No Previous Data,1,1,1,1,1
2569,2024,200,0,0,,,,0,1,1,1,0
2569,2024,300,0,0,,,,1,1,1,1,0
2569,2024,400,0,0,,,,1,1,1,1,1
2569,2024,500,0,0,,,,0,0,0,0,0
2569,2024,600,0,0,,,,0,0,0,1,0
2569,2024,700,0,0,,,,0,0,0,0,0
2570,2024,100,1,1,,,No Previous Data,1,1,1,1,1
2570,2024,200,0,0,,,,0,0,1,1,0
2570,2024,300,0,0,,,,0,1,0,1,0
2570,2024,400,0,0,,,,1,1,1,1,1
2570,2024,500,0,0,,,,0,0,0,0,0
2570,2024,600,0,0,,,,0,0,0,0,0
2570,2024,700,0,0,,,,1,1,1,1,0
2571,2024,100,0,0,,,,1,1,1,1,1
2571,2024,200,1,1,,,No Previous Data,1,1,1,1,1
2571,2024,300,0,0,,,,1,1,1,1,0
2571,2024,400,0,0,,,,1,1,1,1,1
2571,2024,500,0,0,,,,0,0,0,0,0
2571,2024,600,0,0,,,,0,0,0,1,0
2571,2024,700,0,0,,,,0,0,0,0,0
2572,2024,100,0,0,,,,0,0,1,1,0
2572,2024,200,0,0,,,,0,0,0,1,0
2572,2024,300,0,0,,,,1,1,0,1,1
2572,2024,400,1,1,,,No Previous Data,1,1,1,1,1
2572,2024,500,0,0,,,,0,0,0,1,0
2572,2024,600,0,0,,,,1,0,0,1,0
2572,2024,700,0,0,,,,0,0,0,1,0
2573,2024,100,0,0,,,,0,0,1,1,0
2573,2024,200,1,1,,,No Previous Data,1,1,1,1,1
2573,2024,300,0,0,,,,1,1,0,1,0
2573,2024,400,0,0,,,,0,0,0,1,0
2573,2024,500,0,0,,,,0,0,0,0,0
2573,2024,600,0,0,,,,0,0,1,1,0
2573,2024,700,0,0,,,,0,0,0,0,0
2574,2024,100,0,0,,,,0,0,0,1,0
2574,2024,200,0,0,,,,0,0,0,1,0
2574,2024,300,0,0,,,,1,1,0,1,1
2574,2024,400,1,1,,,No Previous Data,1,1,1,1,1
2574,2024,500,0,0,,,,0,0,1,1,0
2574,2024,600,0,0,,,,1,0,0,1,0
2574,2024,700,0,0,,,,0,0,0,1,0
2575,2024,100,0,0,,,,0,1,1,1,0
2575,2024,200,1,1,,,No Previous Data,1,1,1,1,1
2575,2024,300,0,0,,,,0,0,0,1,0
2575,2024,400,0,0,,,,0,0,0,1,0
2575,2024,500,0,0,,,,0,0,0,0,0
2575,2024,600,0,0,,,,0,1,0,1,0
2575,2024,700,0,0,,,,0,0,0,0,0
2576,2024,100,0,0,,,,1,1,1,1,1
2576,2024,200,0,0,,,,0,1,1,1,0
2576,2024,300,1,1,,,No Previous Data,1,1,1,1,1
2576,2024,400,0,0,,,,0,0,0,1,0
2576,2024,500,0,0,,,,0,0,0,0,0
2576,2024,600,0,0,,,,0,1,0,1,0
2576,2024,700,0,0,,,,0,0,0,0,0
2577,2024,100,1,1,,,No Previous Data,1,1,1,1,1
2577,2024,200,0,0,,,,0,1,0,1,0
2577,2024,300,0,0,,,,1,1,1,1,1
2577,2024,400,0,0,,,,0,0,1,1,0
2577,2024,500,0,0,,,,0,1,0,1,0
2577,2024,600,0,0,,,,0,1,0,1,0
2577,2024,700,0,0,,,,1,1,0,1,1
2578,2024,100,0,0,,,,1,1,1,1,0
2578,2024,200,1,1,,,No Previous Data,1,1,1,1,1
2578,2024,300,0,0,,,,1,1,0,1,1
2578,2024,400,0,0,,,,0,1,0,1,0
2578,2024,500,0,0,,,,0,1,0,1,0
2578,2024,600,0,0,,,,0,0,0,0,0
2578,2024,700,0,0,,,,0,0,0,0,0
2579,2024,100,0,0,,,,0,1,1,1,0
2579,2024,200,1,1,,,No Previous Data,1,1,1,1,1
2579,2024,300,0,0,,,,0,1,0,1,0
2579,2024,400,0,0,,,,0,0,0,1,0
2579,2024,500,0,0,,,,0,0,0,0,0
2579,2024,600,0,0,,,,0,0,0,1,0
2579,2024,700,0,0,,,,0,0,0,0,0
2580,2024,100,0,1,200.0,Olong Tea Plus,Switched,1,1,1,1,1
2580,2024,200,0,0,,,,0,0,1,1,0
2580,2024,300,1,0,,,,1,1,1,1,1
2580,2024,400,0,0,,,,0,0,0,1,0
2580,2024,500,0,0,,,,1,1,0,1,1
2580,2024,600,0,0,,,,0,1,0,1,0
2580,2024,700,0,0,,,,0,1,0,1,0
2581,2024,100,0,0,,,,1,1,1,1,0
2581,2024,200,1,1,,,No Previous Data,1,1,1,1,1
2581,2024,300,0,0,,,,0,1,0,1,0
2581,2024,400,0,0,,,,0,1,0,1,0
2581,2024,500,0,0,,,,0,0,0,0,0
2581,2024,600,0,0,,,,0,1,0,1,0
2581,2024,700,0,0,,,,0,0,0,0,0
2582,2024,100,0,0,,,,1,1,1,1,1
2582,2024,200,0,0,,,,0,1,1,1,0
2582,2024,300,1,1,,,No Previous Data,1,1,1,1,1
2582,2024,400,0,0,,,,0,1,0,1,0
2582,2024,500,0,0,,,,0,0,0,0,0
2582,2024,600,0,0,,,,0,0,0,0,0
2582,2024,700,0,0,,,,0,0,0,1,0
2583,2024,100,1,1,,,No Previous Data,1,1,1,1,1
2583,2024,200,0,0,,,,0,1,1,1,0
2583,2024,300,0,0,,,,0,1,1,1,0
2583,2024,400,0,0,,,,1,1,1,1,1
2583,2024,500,0,0,,,,0,1,0,1,0
2583,2024,600,0,0,,,,0,0,0,1,0
2583,2024,700,0,0,,,,0,0,0,1,0
2584,2024,100,0,0,,,,1,1,1,1,0
2584,2024,200,1,1,100.0,C2,Switched,1,1,1,1,1
2584,2024,300,0,0,,,,0,1,1,1,0
2584,2024,400,0,0,,,,0,0,1,1,0
2584,2024,500,0,0,,,,0,1,0,1,0
2584,2024,600,0,0,,,,0,0,0,1,0
2584,2024,700,0,0,,,,0,0,0,1,0
2585,2024,100,0,0,,,,1,1,1,1,1
2585,2024,200,0,0,,,,0,1,1,1,0
2585,2024,300,1,1,,,No Previous Data,1,1,1,1,1
2585,2024,400,0,0,,,,0,0,0,1,0
2585,2024,500,0,0,,,,0,0,0,0,0
2585,2024,600,0,0,,,,0,1,0,1,0
2585,2024,700,0,0,,,,0,0,0,1,0
2586,2024,100,0,0,,,,1,1,1,1,0
2586,2024,200,0,0,,,,0,1,1,1,0
2586,2024,300,1,1,,,No Previous Data,1,1,1,1,1
2586,2024,400,0,0,,,,0,1,0,1,0
2586,2024,500,0,0,,,,0,1,0,1,0
2586,2024,600,0,0,,,,0,0,0,0,0
2586,2024,700,0,0,,,,0,0,0,0,0
2587,2024,100,0,0,,,,0,1,1,1,0
2587,2024,200,0,0,,,,1,1,1,1,1
2587,2024,300,1,1,,,No Previous Data,1,1,1,1,1
2587,2024,400,0,0,,,,0,0,0,1,0
2587,2024,500,0,0,,,,0,0,0,1,0
2587,2024,600,0,0,,,,0,0,0,0,0
2587,2024,700,0,0,,,,0,1,0,1,0
2588,2024,100,1,1,,,No Previous Data,1,1,1,1,1
2588,2024,200,0,0,,,,0,1,1,1,0
2588,2024,300,0,0,,,,1,1,0,1,1
2588,2024,400,0,0,,,,1,1,1,1,1
2588,2024,500,0,0,,,,0,1,0,1,0
2588,2024,600,0,0,,,,0,1,0,1,0
2588,2024,700,0,0,,,,0,0,0,1,0
2589,2024,100,0,0,,,,0,1,1,1,0
2589,2024,200,0,0,,,,0,1,1,1,0
2589,2024,300,1,1,600.0,Dr. Thanh,Switched,1,1,1,1,1
2589,2024,400,0,0,,,,0,0,1,1,0
2589,2024,500,0,0,,,,0,0,0,0,0
2589,2024,600,0,0,,,,0,0,0,1,0
2589,2024,700,0,0,,,,0,0,0,0,0
2590,2024,100,0,0,,,,1,1,1,1,0
2590,2024,200,1,1,,,No Previous Data,1,1,1,1,1
2590,2024,300,0,0,,,,0,1,0,1,0
2590,2024,400,0,0,,,,0,1,0,1,0
2590,2024,500,0,0,,,,0,0,0,0,0
2590,2024,600,0,0,,,,1,1,0,1,0
2590,2024,700,0,0,,,,0,0,0,0,0
2591,2024,100,0,0,,,,0,1,1,1,0
2591,2024,200,0,0,,,,0,1,1,1,0
2591,2024,300,1,1,,,No Previous Data,1,1,1,1,1
2591,2024,400,0,0,,,,0,0,0,1,0
2591,2024,500,0,0,,,,0,0,0,0,0
2591,2024,600,0,0,,,,0,0,0,1,0
2591,2024,700,0,0,,,,0,0,0,0,0
2592,2024,100,0,0,,,,0,1,1,1,0
2592,2024,200,1,1,,,No Previous Data,1,1,1,1,1
2592,2024,300,0,0,,,,1,1,1,1,1
2592,2024,400,0,0,,,,0,0,0,1,0
2592,2024,500,0,0,,,,0,0,0,1,0
2592,2024,600,0,0,,,,0,0,0,0,0
2592,2024,700,0,0,,,,0,0,0,1,0
2593,2024,100,0,1,,,No Previous Data,1,1,1,1,1
2593,2024,200,0,0,,,,0,1,1,1,0
2593,2024,300,1,0,,,,1,1,1,1,0
2593,2024,400,0,0,,,,0,0,0,1,0
2593,2024,500,0,0,,,,0,0,0,0,0
2593,2024,600,0,0,,,,0,0,0,1,0
2593,2024,700,0,0,,,,0,0,0,1,0
2594,2024,100,0,0,,,,1,1,1,1,1
2594,2024,200,0,0,,,,0,1,1,1,0
2594,2024,300,1,1,,,No Previous Data,1,1,1,1,1
2594,2024,400,0,0,,,,0,0,1,1,0
2594,2024,500,0,0,,,,0,0,0,0,0
2594,2024,600,0,0,,,,0,0,0,1,0
2594,2024,700,0,0,,,,0,0,0,1,0
2595,2024,100,1,1,,,No Previous Data,1,1,1,1,1
2595,2024,200,0,0,,,,0,1,1,1,0
2595,2024,300,0,0,,,,1,1,1,1,1
2595,2024,400,0,0,,,,0,0,0,1,0
2595,2024,500,0,0,,,,0,0,0,1,0
2595,2024,600,0,0,,,,0,0,0,1,0
2595,2024,700,0,0,,,,0,1,0,1,0
2596,2024,100,0,0,,,,1,0,1,1,0
2596,2024,200,0,0,,,,0,0,0,1,0
2596,2024,300,1,1,,,No Previous Data,1,1,1,1,1
2596,2024,400,0,0,,,,1,0,0,1,0
2596,2024,500,0,0,,,,0,0,0,0,0
2596,2024,600,0,0,,,,0,0,0,1,0
2596,2024,700,0,0,,,,0,0,0,1,0
2597,2024,100,1,1,,,No Previous Data,1,1,1,1,1
2597,2024,200,0,0,,,,0,1,0,1,0
2597,2024,300,0,0,,,,1,1,1,1,1
2597,2024,400,0,0,,,,0,0,0,1,0
2597,2024,500,0,0,,,,0,0,0,0,0
2597,2024,600,0,0,,,,0,1,0,1,0
2597,2024,700,0,0,,,,0,0,0,1,0
2598,2024,100,1,0,,,,1,1,1,1,1
2598,2024,200,0,0,,,,0,0,1,1,0
2598,2024,300,0,1,,,No Previous Data,1,1,1,1,1
2598,2024,400,0,0,,,,0,0,0,1,0
2598,2024,500,0,0,,,,0,0,0,0,0
2598,2024,600,0,0,,,,1,0,0,1,0
2598,2024,700,0,0,,,,1,1,0,1,1
2599,2024,100,0,0,,,,1,1,1,1,1
2599,2024,200,1,1,,,No Previous Data,1,1,1,1,1
2599,2024,300,0,0,,,,0,0,1,1,0
2599,2024,400,0,0,,,,0,0,0,1,0
2599,2024,500,0,0,,,,0,0,0,0,0
2599,2024,600,0,0,,,,0,0,0,1,0
2599,2024,700,0,0,,,,1,0,0,1,0
2600,2024,100,1,0,,,,0,1,1,1,0
2600,2024,200,0,0,,,,0,1,1,1,0
2600,2024,300,0,0,,,,0,0,0,1,0
2600,2024,400,0,0,,,,0,0,1,1,0
2600,2024,500,0,0,,,,0,0,0,0,0
2600,2024,600,0,0,,,,0,0,0,1,0
2600,2024,700,0,1,600.0,Dr. Thanh,Switched,1,1,1,1,1
